PF02782.22	PF02782.22
PF21546.3	PF21546.3
PF00370.27	PF00370.27
PF02181.28	PF02181.28
PF24959.1	PF24959.1
PF00498.31	PF00498.31
PF12401.13	PF12401.13
PF17913.6	PF17913.6
PF20813.2	PF20813.2
PF08794.16	PF08794.16
PF08794.16	PF01298.24
PF20937.3	PF20937.3
PF00771.25	PF00771.25
PF06276.17	PF06276.17
PF11575.13	PF11575.13
PF20820.2	PF20820.2
PF21583.2	PF21583.2
PF15819.10	PF15819.10
PF24532.2	PF24532.2
PF05427.16	PF05427.16
PF22183.1	PF22183.1
PF01269.23	PF01269.23
PF10113.14	PF10113.14
PF18193.7	PF18193.7
PF12160.13	PF12160.13
PF08017.16	PF08017.16
PF00147.23	PF00147.23
PF07921.17	PF07921.17
PF07294.16	PF07294.16
PF22914.2	PF22914.2
PF08702.15	PF08702.15
PF09603.15	PF09603.15
PF02661.23	PF02661.23
PF21247.3	PF21247.3
PF13784.11	PF13784.11
PF15941.10	PF15941.10
PF12351.13	PF12351.13
PF24347.1	PF24347.1
PF13553.12	PF13553.12
PF06837.17	PF06837.17
PF05880.17	PF05880.17
PF03516.18	PF03516.18
PF00038.26	PF00038.26
PF04732.19	PF04732.19
PF00630.25	PF00630.25
PF22881.1	PF22881.1
PF01611.21	PF01611.21
PF06389.16	PF06389.16
PF02097.20	PF02097.20
PF08350.17	PF08350.17
PF05594.20	PF05594.20
PF13332.12	PF13332.12
PF09222.16	PF09222.16
PF21489.3	PF21489.3
PF22449.2	PF22449.2
PF16970.11	PF16970.11
PF21514.3	PF21514.3
PF22492.2	PF22492.2
PF22888.1	PF22888.1
PF00419.26	PF00419.26
PF04449.17	PF04449.17
PF02432.21	PF02432.21
PF14481.13	PF14481.13
PF15495.12	PF15495.12
PF09160.16	PF09160.16
PF17672.6	PF17672.6
PF10955.13	PF10955.13
PF17300.7	PF17300.7
PF12602.13	PF12602.13
PF05182.18	PF05182.18
PF14853.12	PF14853.12
PF14852.12	PF14852.12
PF14484.11	PF14484.11
PF08495.15	PF08495.15
PF10442.14	PF10442.14
PF10261.15	PF10261.15
PF17357.7	PF17357.7
PF22513.2	PF22513.2
PF07554.19	PF07554.19
PF11614.14	PF11614.14
PF05751.16	PF05751.16
PF02433.20	PF02433.20
PF14715.11	PF14715.11
PF05545.16	PF05545.16
PF03597.20	PF03597.20
PF21211.3	PF21211.3
PF21168.2	PF21168.2
PF22498.2	PF22498.2
PF23649.1	PF23649.1
PF18046.7	PF18046.7
PF22199.2	PF22199.2
PF00254.34	PF00254.34
PF01346.23	PF01346.23
PF18023.7	PF18023.7
PF22921.2	PF22921.2
PF14288.11	PF14288.11
PF23605.1	PF23605.1
PF20836.2	PF20836.2
PF22142.1	PF22142.1
PF03866.18	PF03866.18
PF04849.18	PF04849.18
PF10699.14	PF10699.14
PF10297.14	PF10297.14
PF11639.14	PF11639.14
PF15196.11	PF15196.11
PF05066.19	PF05066.19
PF07443.18	PF07443.18
PF04877.17	PF04877.17
PF09378.16	PF09378.16
PF06438.17	PF06438.17
PF12330.14	PF12330.14
PF02184.22	PF02184.22
PF14372.11	PF14372.11
PF21183.3	PF21183.3
PF21184.3	PF21184.3
PF10394.15	PF10394.15
PF02518.31	PF02518.31
PF13581.12	PF13581.12
PF13589.12	PF13589.12
PF13749.12	PF13749.12
PF14501.12	PF14501.12
PF08214.17	PF08214.17
PF23241.1	PF23241.1
PF23240.1	PF23240.1
PF23231.1	PF23231.1
PF23233.1	PF23233.1
PF23220.1	PF23220.1
PF14932.11	PF14932.11
PF15003.11	PF15003.11
PF14735.11	PF14735.11
PF14817.11	PF14817.11
PF14661.11	PF14661.11
PF12944.13	PF12944.13
PF06777.17	PF06777.17
PF18534.6	PF18534.6
PF16591.11	PF16591.11
PF22419.2	PF22419.2
PF03928.20	PF03928.20
PF08539.16	PF08539.16
PF08938.16	PF08938.16
PF23936.1	PF23936.1
PF07432.18	PF07432.18
PF07382.16	PF07382.16
PF06594.17	PF06594.17
PF14856.11	PF14856.11
PF11576.14	PF11576.14
PF06690.17	PF06690.17
PF06787.16	PF06787.16
PF12154.13	PF12154.13
PF17609.7	PF17609.7
PF12507.13	PF12507.13
PF07818.18	PF07818.18
PF00955.27	PF00955.27
PF24163.2	PF24163.2
PF07111.17	PF07111.17
PF22617.1	PF22617.1
PF01543.22	PF01543.22
PF01542.23	PF01542.23
PF01539.22	PF01539.22
PF01560.22	PF01560.22
PF01538.23	PF01538.23
PF01006.25	PF01006.25
PF01001.24	PF01001.24
PF01506.24	PF01506.24
PF08300.18	PF08300.18
PF08301.18	PF08301.18
PF12941.12	PF12941.12
PF01837.22	PF01837.22
PF01966.28	PF01966.28
PF24391.1	PF24391.1
PF04618.17	PF04618.17
PF11496.14	PF11496.14
PF12203.13	PF12203.13
PF22688.2	PF22688.2
PF02329.21	PF02329.21
PF17528.7	PF17528.7
PF06411.16	PF06411.16
PF14701.12	PF14701.12
PF15115.11	PF15115.11
PF08668.18	PF08668.18
PF02924.19	PF02924.19
PF22196.1	PF22196.1
PF01517.23	PF01517.23
PF13023.12	PF13023.12
PF13328.12	PF13328.12
PF13487.12	PF13487.12
PF13286.11	PF13286.11
PF19276.4	PF19276.4
PF12236.14	PF12236.14
PF16002.10	PF16002.10
PF09008.15	PF09008.15
PF02985.28	PF02985.28
PF13646.12	PF13646.12
PF25504.1	PF25504.1
PF23593.1	PF23593.1
PF24573.1	PF24573.1
PF24492.1	PF24492.1
PF17517.7	PF17517.7
PF01378.23	PF01378.23
PF11550.13	PF11550.13
PF22361.2	PF22361.2
PF00475.24	PF00475.24
PF00218.27	PF00218.27
PF13927.12	PF13927.12
PF13927.12	PF00047.31
PF13927.12	PF13895.12
PF16680.11	PF16680.11
PF16681.11	PF16681.11
PF18452.7	PF18452.7
PF19081.6	PF19081.6
PF24528.1	PF24528.1
PF23197.1	PF23197.1
PF17736.7	PF17736.7
PF17737.7	PF17737.7
PF24518.1	PF24518.1
PF24291.1	PF24291.1
PF24507.1	PF24507.1
PF25249.1	PF25249.1
PF25248.1	PF25248.1
PF24816.2	PF24816.2
PF24771.2	PF24771.2
PF25511.1	PF25511.1
PF23892.1	PF23892.1
PF24584.1	PF24584.1
PF23277.2	PF23277.2
PF23316.1	PF23316.1
PF24025.1	PF24025.1
PF24462.1	PF24462.1
PF24464.1	PF24464.1
PF23616.1	PF23616.1
PF18368.7	PF18368.7
PF24425.1	PF24425.1
PF24427.1	PF24427.1
PF12421.14	PF12421.14
PF23608.1	PF23608.1
PF24415.1	PF24415.1
PF24421.1	PF24421.1
PF15097.11	PF15097.11
PF24489.1	PF24489.1
PF17753.7	PF17753.7
PF23141.1	PF23141.1
PF22959.3	PF22959.3
PF25354.1	PF25354.1
PF22967.3	PF22967.3
PF22969.3	PF22969.3
PF22963.3	PF22963.3
PF24991.2	PF24991.2
PF24935.1	PF24935.1
PF22962.3	PF22962.3
PF24902.1	PF24902.1
PF23166.1	PF23166.1
PF25305.1	PF25305.1
PF25419.1	PF25419.1
PF23664.1	PF23664.1
PF25456.1	PF25456.1
PF24189.1	PF24189.1
PF24811.1	PF24811.1
PF24619.1	PF24619.1
PF24908.1	PF24908.1
PF24910.1	PF24910.1
PF24612.2	PF24612.2
PF10430.15	PF10430.15
PF24502.1	PF24502.1
PF24505.1	PF24505.1
PF19532.5	PF19532.5
PF24498.1	PF24498.1
PF24499.1	PF24499.1
PF24501.1	PF24501.1
PF24495.1	PF24495.1
PF23481.2	PF23481.2
PF16070.11	PF16070.11
PF23486.1	PF23486.1
PF23487.1	PF23487.1
PF24384.1	PF24384.1
PF24545.1	PF24545.1
PF24544.1	PF24544.1
PF24546.1	PF24546.1
PF24542.1	PF24542.1
PF24966.2	PF24966.2
PF23604.1	PF23604.1
PF22971.2	PF22971.2
PF23619.1	PF23619.1
PF23736.1	PF23736.1
PF23740.1	PF23740.1
PF23738.1	PF23738.1
PF16174.10	PF16174.10
PF24401.1	PF24401.1
PF16530.11	PF16530.11
PF24402.1	PF24402.1
PF15771.10	PF15771.10
PF05049.19	PF05049.19
PF18397.6	PF18397.6
PF12179.13	PF12179.13
PF00340.25	PF00340.25
PF00726.22	PF00726.22
PF07400.16	PF07400.16
PF03039.19	PF03039.19
PF10420.15	PF10420.15
PF16830.10	PF16830.10
PF17042.10	PF17042.10
PF23569.1	PF23569.1
PF10444.14	PF10444.14
PF04485.17	PF04485.17
PF08537.15	PF08537.15
PF08599.15	PF08599.15
PF08637.16	PF08637.16
PF22724.1	PF22724.1
PF22726.1	PF22726.1
PF21453.2	PF21453.2
PF21451.2	PF21451.2
PF10309.14	PF10309.14
PF22730.1	PF22730.1
PF04905.18	PF04905.18
PF07562.20	PF07562.20
PF11654.13	PF11654.13
PF16621.10	PF16621.10
PF22728.1	PF22728.1
PF22727.1	PF22727.1
PF22729.1	PF22729.1
PF22731.1	PF22731.1
PF09735.14	PF09735.14
PF15246.11	PF15246.11
PF13820.11	PF13820.11
PF16665.10	PF16665.10
PF18266.8	PF18266.8
PF23844.1	PF23844.1
PF15065.11	PF15065.11
PF16787.10	PF16787.10
PF21400.3	PF21400.3
PF09531.15	PF09531.15
PF03801.18	PF03801.18
PF24487.1	PF24487.1
PF22366.1	PF22366.1
PF19530.4	PF19530.4
PF10716.14	PF10716.14
PF10664.14	PF10664.14
PF11909.13	PF11909.13
PF11910.14	PF11910.14
PF11623.14	PF11623.14
PF00334.24	PF00334.24
PF10179.15	PF10179.15
PF19433.5	PF19433.5
PF24354.1	PF24354.1
PF03096.20	PF03096.20
PF05224.17	PF05224.17
PF05071.21	PF05071.21
PF10249.14	PF10249.14
PF17250.7	PF17250.7
PF10200.14	PF10200.14
PF15880.10	PF15880.10
PF08122.17	PF08122.17
PF07225.17	PF07225.17
PF09781.14	PF09781.14
PF09782.14	PF09782.14
PF05676.18	PF05676.18
PF05821.16	PF05821.16
PF06374.16	PF06374.16
PF04800.17	PF04800.17
PF05031.18	PF05031.18
PF12312.13	PF12312.13
PF00880.23	PF00880.23
PF10379.14	PF10379.14
PF24565.1	PF24565.1
PF10176.14	PF10176.14
PF09292.15	PF09292.15
PF05616.18	PF05616.18
PF14496.11	PF14496.11
PF23553.1	PF23553.1
PF11577.13	PF11577.13
PF10225.14	PF10225.14
PF00960.24	PF00960.24
PF06583.17	PF06583.17
PF22460.2	PF22460.2
PF03391.21	PF03391.21
PF03688.20	PF03688.20
PF03689.21	PF03689.21
PF18557.6	PF18557.6
PF03080.22	PF03080.22
PF14365.11	PF14365.11
PF14780.11	PF14780.11
PF22246.2	PF22246.2
PF08378.17	PF08378.17
PF06390.17	PF06390.17
PF18208.6	PF18208.6
PF25014.1	PF25014.1
PF24918.1	PF24918.1
PF14044.11	PF14044.11
PF03102.20	PF03102.20
PF06413.17	PF06413.17
PF00064.24	PF00064.24
PF07177.19	PF07177.19
PF06567.16	PF06567.16
PF18413.7	PF18413.7
PF02158.20	PF02158.20
PF14927.11	PF14927.11
PF06312.18	PF06312.18
PF20425.4	PF20425.4
PF05536.17	PF05536.17
PF20798.2	PF20798.2
PF16809.10	PF16809.10
PF22745.1	PF22745.1
PF21525.2	PF21525.2
PF00877.26	PF00877.26
PF04170.18	PF04170.18
PF17185.10	PF17185.10
PF22524.2	PF22524.2
PF17889.6	PF17889.6
PF17776.6	PF17776.6
PF21402.2	PF21402.2
PF16136.10	PF16136.10
PF12402.13	PF12402.13
PF24574.2	PF24574.2
PF18753.6	PF18753.6
PF18754.6	PF18754.6
PF18756.6	PF18756.6
PF18757.6	PF18757.6
PF22310.2	PF22310.2
PF21917.1	PF21917.1
PF22174.2	PF22174.2
PF22630.2	PF22630.2
PF04981.18	PF04981.18
PF21192.3	PF21192.3
PF10565.14	PF10565.14
PF21193.3	PF21193.3
PF04973.17	PF04973.17
PF03060.21	PF03060.21
PF05368.20	PF05368.20
PF01233.25	PF01233.25
PF09084.16	PF09084.16
PF13379.11	PF13379.11
PF16868.10	PF16868.10
PF02799.21	PF02799.21
PF02070.20	PF02070.20
PF19285.4	PF19285.4
PF03980.19	PF03980.19
PF22733.1	PF22733.1
PF22734.1	PF22734.1
PF22735.1	PF22735.1
PF22736.1	PF22736.1
PF22737.1	PF22737.1
PF22738.1	PF22738.1
PF01234.23	PF01234.23
PF05940.17	PF05940.17
PF07298.16	PF07298.16
PF06524.17	PF06524.17
PF21949.1	PF21949.1
PF03715.18	PF03715.18
PF07540.16	PF07540.16
PF06816.18	PF06816.18
PF17114.10	PF17114.10
PF17779.7	PF17779.7
PF02474.21	PF02474.21
PF19222.5	PF19222.5
PF07684.17	PF07684.17
PF05401.17	PF05401.17
PF02451.20	PF02451.20
PF06813.19	PF06813.19
PF24679.1	PF24679.1
PF07127.16	PF07127.16
PF25246.1	PF25246.1
PF05830.17	PF05830.17
PF07806.16	PF07806.16
PF12308.13	PF12308.13
PF06858.20	PF06858.20
PF17835.6	PF17835.6
PF08155.16	PF08155.16
PF05806.17	PF05806.17
PF23097.1	PF23097.1
PF20998.3	PF20998.3
PF08168.16	PF08168.16
PF25467.1	PF25467.1
PF17398.7	PF17398.7
PF05819.16	PF05819.16
PF22898.2	PF22898.2
PF22904.2	PF22904.2
PF22902.2	PF22902.2
PF23192.1	PF23192.1
PF23193.1	PF23193.1
PF23194.1	PF23194.1
PF23196.1	PF23196.1
PF23660.1	PF23660.1
PF25182.1	PF25182.1
PF01798.23	PF01798.23
PF04135.18	PF04135.18
PF04147.17	PF04147.17
PF09420.15	PF09420.15
PF10863.13	PF10863.13
PF09805.14	PF09805.14
PF08062.16	PF08062.16
PF05997.17	PF05997.17
PF07767.16	PF07767.16
PF08156.18	PF08156.18
PF21572.2	PF21572.2
PF21667.2	PF21667.2
PF15370.11	PF15370.11
PF16201.10	PF16201.10
PF08075.16	PF08075.16
PF22085.1	PF22085.1
PF00141.28	PF00141.28
PF01328.22	PF01328.22
PF11895.13	PF11895.13
PF04088.18	PF04088.18
PF12827.12	PF12827.12
PF04882.17	PF04882.17
PF03212.20	PF03212.20
PF09275.15	PF09275.15
PF09276.15	PF09276.15
PF02917.20	PF02917.20
PF02918.20	PF02918.20
PF07149.16	PF07149.16
PF06732.16	PF06732.16
PF16754.10	PF16754.10
PF21613.2	PF21613.2
PF16329.10	PF16329.10
PF06297.19	PF06297.19
PF09803.14	PF09803.14
PF15786.10	PF15786.10
PF05476.16	PF05476.16
PF08634.16	PF08634.16
PF10203.14	PF10203.14
PF08692.15	PF08692.15
PF12740.14	PF12740.14
PF02529.20	PF02529.20
PF05115.19	PF05115.19
PF08041.16	PF08041.16
PF03742.19	PF03742.19
PF09262.17	PF09262.17
PF09263.16	PF09263.16
PF05648.19	PF05648.19
PF23020.1	PF23020.1
PF04695.18	PF04695.18
PF08610.15	PF08610.15
PF25098.1	PF25098.1
PF04614.17	PF04614.17
PF06398.17	PF06398.17
PF07163.17	PF07163.17
PF04757.19	PF04757.19
PF23315.1	PF23315.1
PF23120.1	PF23120.1
PF25394.1	PF25394.1
PF22748.1	PF22748.1
PF22315.2	PF22315.2
PF21476.4	PF21476.4
PF22353.1	PF22353.1
PF18328.6	PF18328.6
PF05714.16	PF05714.16
PF11526.13	PF11526.13
PF21940.1	PF21940.1
PF03011.20	PF03011.20
PF21807.2	PF21807.2
PF22250.1	PF22250.1
PF22251.1	PF22251.1
PF09216.15	PF09216.15
PF22162.2	PF22162.2
PF00365.25	PF00365.25
PF00294.29	PF00294.29
PF18468.6	PF18468.6
PF02901.20	PF02901.20
PF22365.1	PF22365.1
PF17147.9	PF17147.9
PF12367.13	PF12367.13
PF09070.16	PF09070.16
PF11567.13	PF11567.13
PF10333.14	PF10333.14
PF07543.17	PF07543.17
PF21197.3	PF21197.3
PF13994.11	PF13994.11
PF07819.20	PF07819.20
PF25141.1	PF25141.1
PF24660.1	PF24660.1
PF25140.1	PF25140.1
PF06162.17	PF06162.17
PF09587.15	PF09587.15
PF15437.11	PF15437.11
PF15436.11	PF15436.11
PF15549.11	PF15549.11
PF18627.6	PF18627.6
PF16896.10	PF16896.10
PF19304.4	PF19304.4
PF14083.11	PF14083.11
PF18204.6	PF18204.6
PF13962.11	PF13962.11
PF00342.24	PF00342.24
PF00162.24	PF00162.24
PF17836.7	PF17836.7
PF15864.10	PF15864.10
PF08665.17	PF08665.17
PF18105.7	PF18105.7
PF24947.1	PF24947.1
PF02878.22	PF02878.22
PF02879.22	PF02879.22
PF02880.22	PF02880.22
PF00408.26	PF00408.26
PF20857.2	PF20857.2
PF20858.2	PF20858.2
PF04608.18	PF04608.18
PF09656.15	PF09656.15
PF09419.16	PF09419.16
PF16459.11	PF16459.11
PF16462.11	PF16462.11
PF21822.3	PF21822.3
PF23781.1	PF23781.1
PF23803.1	PF23803.1
PF23812.1	PF23812.1
PF23857.1	PF23857.1
PF06894.17	PF06894.17
PF06896.17	PF06896.17
PF08748.17	PF08748.17
PF08890.17	PF08890.17
PF09550.16	PF09550.16
PF10109.15	PF10109.15
PF10666.15	PF10666.15
PF10876.14	PF10876.14
PF06199.17	PF06199.17
PF08813.17	PF08813.17
PF16778.10	PF16778.10
PF24243.1	PF24243.1
PF12571.13	PF12571.13
PF05100.17	PF05100.17
PF08400.16	PF08400.16
PF16532.11	PF16532.11
PF05069.18	PF05069.18
PF06223.18	PF06223.18
PF23840.1	PF23840.1
PF23840.1	PF09646.16
PF23841.1	PF23841.1
PF23842.1	PF23842.1
PF16807.11	PF16807.11
PF13554.12	PF13554.12
PF12691.13	PF12691.13
PF23818.1	PF23818.1
PF20765.3	PF20765.3
PF23961.1	PF23961.1
PF09327.17	PF09327.17
PF23980.1	PF23980.1
PF06141.17	PF06141.17
PF05489.18	PF05489.18
PF10668.15	PF10668.15
PF07141.16	PF07141.16
PF05944.17	PF05944.17
PF04761.17	PF04761.17
PF24229.1	PF24229.1
PF04630.18	PF04630.18
PF16460.11	PF16460.11
PF16461.11	PF16461.11
PF16463.11	PF16463.11
PF23806.1	PF23806.1
PF23971.1	PF23971.1
PF23849.1	PF23849.1
PF04985.20	PF04985.20
PF18906.5	PF18906.5
PF20608.4	PF20608.4
PF24144.1	PF24144.1
PF09693.15	PF09693.15
PF24591.1	PF24591.1
PF23895.1	PF23895.1
PF23903.1	PF23903.1
PF24071.1	PF24071.1
PF24128.1	PF24128.1
PF24184.1	PF24184.1
PF24230.1	PF24230.1
PF24331.1	PF24331.1
PF24623.2	PF24623.2
PF03334.19	PF03334.19
PF09602.15	PF09602.15
PF05597.16	PF05597.16
PF09361.15	PF09361.15
PF09246.16	PF09246.16
PF10258.14	PF10258.14
PF09650.15	PF09650.15
PF09712.15	PF09712.15
PF12551.13	PF12551.13
PF05233.18	PF05233.18
PF07879.16	PF07879.16
PF06850.17	PF06850.17
PF16616.10	PF16616.10
PF00628.35	PF00628.35
PF23011.2	PF23011.2
PF16660.10	PF16660.10
PF23004.2	PF23004.2
PF02604.26	PF02604.26
PF13831.12	PF13831.12
PF13922.11	PF13922.11
PF16866.11	PF16866.11
PF20826.3	PF20826.3
PF21257.3	PF21257.3
PF12910.14	PF12910.14
PF22908.2	PF22908.2
PF07227.17	PF07227.17
PF23570.1	PF23570.1
PF25054.1	PF25054.1
PF02332.24	PF02332.24
PF06099.16	PF06099.16
PF13557.12	PF13557.12
PF04663.18	PF04663.18
PF09662.15	PF09662.15
PF08015.16	PF08015.16
PF18552.7	PF18552.7
PF18554.7	PF18554.7
PF14809.11	PF14809.11
PF14810.12	PF14810.12
PF04858.18	PF04858.18
PF15514.12	PF15514.12
PF05485.17	PF05485.17
PF08768.17	PF08768.17
PF22824.1	PF22824.1
PF00314.23	PF00314.23
PF18362.6	PF18362.6
PF25444.1	PF25444.1
PF22767.2	PF22767.2
PF14789.11	PF14789.11
PF14790.11	PF14790.11
PF14805.11	PF14805.11
PF24756.1	PF24756.1
PF14912.11	PF14912.11
PF15834.10	PF15834.10
PF20754.2	PF20754.2
PF10015.14	PF10015.14
PF05317.16	PF05317.16
PF00763.28	PF00763.28
PF02882.25	PF02882.25
PF04446.17	PF04446.17
PF14413.11	PF14413.11
PF06454.17	PF06454.17
PF01946.23	PF01946.23
PF22141.1	PF22141.1
PF22156.1	PF22156.1
PF01910.22	PF01910.22
PF09515.15	PF09515.15
PF13667.11	PF13667.11
PF01964.24	PF01964.24
PF17792.6	PF17792.6
PF00899.27	PF00899.27
PF05690.20	PF05690.20
PF02568.20	PF02568.20
PF22025.1	PF22025.1
PF17124.11	PF17124.11
PF10120.14	PF10120.14
PF00975.26	PF00975.26
PF02803.24	PF02803.24
PF22691.2	PF22691.2
PF00108.29	PF00108.29
PF01289.24	PF01289.24
PF17440.7	PF17440.7
PF00321.22	PF00321.22
PF19409.5	PF19409.5
PF17991.7	PF17991.7
PF18078.7	PF18078.7
PF18400.7	PF18400.7
PF18401.7	PF18401.7
PF18402.7	PF18402.7
PF18403.7	PF18403.7
PF18569.7	PF18569.7
PF21873.2	PF21873.2
PF13098.12	PF13098.12
PF13098.12	PF00085.26
PF13462.12	PF13462.12
PF13743.12	PF13743.12
PF13848.12	PF13848.12
PF13899.12	PF13899.12
PF13905.12	PF13905.12
PF14595.12	PF14595.12
PF03190.21	PF03190.21
PF24541.1	PF24541.1
PF24470.1	PF24470.1
PF02597.26	PF02597.26
PF14453.12	PF14453.12
PF09512.15	PF09512.15
PF21275.2	PF21275.2
PF18592.6	PF18592.6
PF11262.13	PF11262.13
PF11732.13	PF11732.13
PF16134.10	PF16134.10
PF05615.18	PF05615.18
PF09432.15	PF09432.15
PF24857.1	PF24857.1
PF15440.11	PF15440.11
PF06738.18	PF06738.18
PF12821.13	PF12821.13
PF09396.15	PF09396.15
PF00585.24	PF00585.24
PF14821.11	PF14821.11
PF20016.6	PF20016.6
PF08937.16	PF08937.16
PF24310.1	PF24310.1
PF24311.1	PF24311.1
PF24306.1	PF24306.1
PF04163.17	PF04163.17
PF06283.17	PF06283.17
PF02926.22	PF02926.22
PF18096.6	PF18096.6
PF23188.1	PF23188.1
PF17070.10	PF17070.10
PF02511.20	PF02511.20
PF11264.13	PF11264.13
PF02223.23	PF02223.23
PF00303.24	PF00303.24
PF08198.17	PF08198.17
PF03998.19	PF03998.19
PF04003.17	PF04003.17
PF08625.16	PF08625.16
PF04615.18	PF04615.18
PF09384.15	PF09384.15
PF20416.4	PF20416.4
PF23099.1	PF23099.1
PF07539.18	PF07539.18
PF04192.17	PF04192.17
PF24779.1	PF24779.1
PF06862.17	PF06862.17
PF22916.2	PF22916.2
PF24892.1	PF24892.1
PF10395.14	PF10395.14
PF22542.1	PF22542.1
PF07702.18	PF07702.18
PF24160.1	PF24160.1
PF04884.20	PF04884.20
PF03851.20	PF03851.20
PF02151.25	PF02151.25
PF17755.6	PF17755.6
PF17760.6	PF17760.6
PF12344.14	PF12344.14
PF17757.6	PF17757.6
PF22920.2	PF22920.2
PF08459.17	PF08459.17
PF00580.27	PF00580.27
PF13361.12	PF13361.12
PF13538.12	PF13538.12
PF20867.3	PF20867.3
PF11637.13	PF11637.13
PF21241.2	PF21241.2
PF11056.13	PF11056.13
PF02614.20	PF02614.20
PF16257.11	PF16257.11
PF11803.13	PF11803.13
PF03786.19	PF03786.19
PF23683.1	PF23683.1
PF03223.20	PF03223.20
PF03179.20	PF03179.20
PF16999.10	PF16999.10
PF11698.14	PF11698.14
PF03224.20	PF03224.20
PF23489.1	PF23489.1
PF21608.2	PF21608.2
PF07686.23	PF07686.23
PF15910.11	PF15910.11
PF08204.17	PF08204.17
PF05008.21	PF05008.21
PF12352.13	PF12352.13
PF01639.22	PF01639.22
PF21507.2	PF21507.2
PF03402.20	PF03402.20
PF08983.15	PF08983.15
PF02830.23	PF02830.23
PF12755.13	PF12755.13
PF11916.13	PF11916.13
PF17321.7	PF17321.7
PF12751.13	PF12751.13
PF02691.21	PF02691.21
PF03077.19	PF03077.19
PF02346.21	PF02346.21
PF09783.14	PF09783.14
PF15310.11	PF15310.11
PF10458.14	PF10458.14
PF11437.13	PF11437.13
PF19112.6	PF19112.6
PF19018.5	PF19018.5
PF04294.18	PF04294.18
PF02557.22	PF02557.22
PF04892.17	PF04892.17
PF23719.1	PF23719.1
PF02697.20	PF02697.20
PF09957.15	PF09957.15
PF05272.17	PF05272.17
PF05316.17	PF05316.17
PF14383.11	PF14383.11
PF05827.17	PF05827.17
PF15337.11	PF15337.11
PF11319.13	PF11319.13
PF12486.13	PF12486.13
PF14822.12	PF14822.12
PF08776.16	PF08776.16
PF16016.11	PF16016.11
PF20249.3	PF20249.3
PF18716.7	PF18716.7
PF01992.21	PF01992.21
PF01991.23	PF01991.23
PF01505.23	PF01505.23
PF17794.6	PF17794.6
PF17795.6	PF17795.6
PF17796.6	PF17796.6
PF18495.6	PF18495.6
PF08913.16	PF08913.16
PF23742.1	PF23742.1
PF11993.13	PF11993.13
PF04018.18	PF04018.18
PF20792.2	PF20792.2
PF18315.6	PF18315.6
PF19437.4	PF19437.4
PF07336.16	PF07336.16
PF12430.13	PF12430.13
PF02496.21	PF02496.21
PF14156.11	PF14156.11
PF00950.22	PF00950.22
PF03109.22	PF03109.22
PF01061.29	PF01061.29
PF12679.13	PF12679.13
PF12698.13	PF12698.13
PF12730.13	PF12730.13
PF13346.12	PF13346.12
PF06182.17	PF06182.17
PF19055.6	PF19055.6
PF25158.1	PF25158.1
PF24526.1	PF24526.1
PF24358.1	PF24358.1
PF21707.3	PF21707.3
PF09818.15	PF09818.15
PF21709.3	PF21709.3
PF09819.14	PF09819.14
PF16962.11	PF16962.11
PF00664.28	PF00664.28
PF06472.20	PF06472.20
PF13748.11	PF13748.11
PF20446.3	PF20446.3
PF04392.18	PF04392.18
PF20220.3	PF20220.3
PF00005.33	PF00005.33
PF09822.16	PF09822.16
PF03886.18	PF03886.18
PF06541.16	PF06541.16
PF14510.11	PF14510.11
PF16949.11	PF16949.11
PF16326.10	PF16326.10
PF12848.13	PF12848.13
PF12407.13	PF12407.13
PF05270.19	PF05270.19
PF18225.7	PF18225.7
PF03806.19	PF03806.19
PF22990.1	PF22990.1
PF09752.15	PF09752.15
PF22316.2	PF22316.2
PF00561.26	PF00561.26
PF00561.26	PF12146.15
PF20091.5	PF20091.5
PF20408.4	PF20408.4
PF02230.22	PF02230.22
PF07859.19	PF07859.19
PF08386.16	PF08386.16
PF12695.13	PF12695.13
PF12697.13	PF12697.13
PF12715.13	PF12715.13
PF06259.18	PF06259.18
PF10081.15	PF10081.15
PF15420.11	PF15420.11
PF04083.22	PF04083.22
PF08843.17	PF08843.17
PF09407.15	PF09407.15
PF09952.14	PF09952.14
PF11459.13	PF11459.13
PF17194.10	PF17194.10
PF13338.12	PF13338.12
PF10899.13	PF10899.13
PF16873.10	PF16873.10
PF20578.4	PF20578.4
PF14253.11	PF14253.11
PF18860.6	PF18860.6
PF18863.6	PF18863.6
PF18865.6	PF18865.6
PF18864.6	PF18864.6
PF07751.16	PF07751.16
PF14337.12	PF14337.12
PF14355.11	PF14355.11
PF07815.19	PF07815.19
PF16182.10	PF16182.10
PF03992.22	PF03992.22
PF21931.2	PF21931.2
PF09441.15	PF09441.15
PF22224.1	PF22224.1
PF05145.17	PF05145.17
PF14250.11	PF14250.11
PF18277.6	PF18277.6
PF07280.16	PF07280.16
PF20520.3	PF20520.3
PF05814.16	PF05814.16
PF05820.16	PF05820.16
PF08965.17	PF08965.17
PF08900.16	PF08900.16
PF21343.2	PF21343.2
PF20963.2	PF20963.2
PF16177.11	PF16177.11
PF13000.13	PF13000.13
PF23474.1	PF23474.1
PF24729.2	PF24729.2
PF25187.1	PF25187.1
PF00887.24	PF00887.24
PF24922.1	PF24922.1
PF05528.17	PF05528.17
PF03255.19	PF03255.19
PF21385.2	PF21385.2
PF08326.17	PF08326.17
PF06089.17	PF06089.17
PF17641.8	PF17641.8
PF14521.12	PF14521.12
PF12897.13	PF12897.13
PF05118.21	PF05118.21
PF02261.22	PF02261.22
PF01958.23	PF01958.23
PF14633.12	PF14633.12
PF23048.1	PF23048.1
PF23043.1	PF23043.1
PF23044.1	PF23044.1
PF16609.10	PF16609.10
PF16618.10	PF16618.10
PF04908.21	PF04908.21
PF23637.1	PF23637.1
PF05276.19	PF05276.19
PF24246.1	PF24246.1
PF20287.3	PF20287.3
PF00018.34	PF00018.34
PF00018.34	PF07653.23
PF00018.34	PF14604.12
PF17902.7	PF17902.7
PF18103.7	PF18103.7
PF18129.7	PF18129.7
PF18335.7	PF18335.7
PF05936.17	PF05936.17
PF16989.10	PF16989.10
PF13296.11	PF13296.11
PF21277.2	PF21277.2
PF05591.17	PF05591.17
PF18002.7	PF18002.7
PF10922.13	PF10922.13
PF17570.7	PF17570.7
PF10911.13	PF10911.13
PF21545.3	PF21545.3
PF05108.18	PF05108.18
PF10824.14	PF10824.14
PF21725.3	PF21725.3
PF24072.1	PF24072.1
PF17116.11	PF17116.11
PF11494.13	PF11494.13
PF11513.13	PF11513.13
PF19020.6	PF19020.6
PF15401.11	PF15401.11
PF20429.4	PF20429.4
PF06485.17	PF06485.17
PF08681.18	PF08681.18
PF05010.19	PF05010.19
PF02202.21	PF02202.21
PF14517.12	PF14517.12
PF11478.13	PF11478.13
PF11478.13	PF11406.13
PF09305.16	PF09305.16
PF18551.6	PF18551.6
PF20772.2	PF20772.2
PF13400.11	PF13400.11
PF18521.6	PF18521.6
PF11195.14	PF11195.14
PF25185.1	PF25185.1
PF25186.1	PF25186.1
PF25190.1	PF25190.1
PF25188.1	PF25188.1
PF25189.1	PF25189.1
PF22941.1	PF22941.1
PF19360.4	PF19360.4
PF07811.17	PF07811.17
PF16964.10	PF16964.10
PF22439.1	PF22439.1
PF21194.3	PF21194.3
PF16968.11	PF16968.11
PF09977.15	PF09977.15
PF14113.12	PF14113.12
PF05596.16	PF05596.16
PF02969.23	PF02969.23
PF03540.19	PF03540.19
PF20641.3	PF20641.3
PF20643.2	PF20643.2
PF20642.2	PF20642.2
PF15333.11	PF15333.11
PF14929.12	PF14929.12
PF25316.1	PF25316.1
PF05236.20	PF05236.20
PF07571.19	PF07571.19
PF10406.14	PF10406.14
PF12020.13	PF12020.13
PF07531.19	PF07531.19
PF10610.15	PF10610.15
PF04719.20	PF04719.20
PF04658.18	PF04658.18
PF22786.2	PF22786.2
PF22787.1	PF22787.1
PF20775.2	PF20775.2
PF12561.13	PF12561.13
PF09867.14	PF09867.14
PF22096.1	PF22096.1
PF22269.2	PF22269.2
PF20691.3	PF20691.3
PF16695.10	PF16695.10
PF21519.2	PF21519.2
PF11367.14	PF11367.14
PF09684.15	PF09684.15
PF18668.6	PF18668.6
PF10618.14	PF10618.14
PF04822.18	PF04822.18
PF22856.1	PF22856.1
PF21896.2	PF21896.2
PF09141.16	PF09141.16
PF21692.3	PF21692.3
PF25177.1	PF25177.1
PF15324.11	PF15324.11
PF03377.19	PF03377.19
PF00923.25	PF00923.25
PF21899.1	PF21899.1
PF09139.17	PF09139.17
PF04357.19	PF04357.19
PF11640.13	PF11640.13
PF05742.17	PF05742.17
PF25267.1	PF25267.1
PF15327.11	PF15327.11
PF07519.17	PF07519.17
PF15386.11	PF15386.11
PF09162.16	PF09162.16
PF07265.16	PF07265.16
PF04177.18	PF04177.18
PF09718.15	PF09718.15
PF17926.6	PF17926.6
PF17928.6	PF17928.6
PF17931.6	PF17931.6
PF17932.6	PF17932.6
PF17932.6	PF08359.16
PF17933.6	PF17933.6
PF17934.6	PF17934.6
PF17935.6	PF17935.6
PF17938.6	PF17938.6
PF08362.16	PF08362.16
PF17939.6	PF17939.6
PF19344.4	PF19344.4
PF13305.11	PF13305.11
PF17929.6	PF17929.6
PF18556.6	PF18556.6
PF18598.6	PF18598.6
PF18665.6	PF18665.6
PF19352.4	PF19352.4
PF21303.2	PF21303.2
PF21306.2	PF21306.2
PF21351.2	PF21351.2
PF21542.2	PF21542.2
PF21597.2	PF21597.2
PF21776.2	PF21776.2
PF21935.1	PF21935.1
PF21943.1	PF21943.1
PF08360.16	PF08360.16
PF21256.2	PF21256.2
PF13977.11	PF13977.11
PF13977.11	PF16859.10
PF13977.11	PF17937.6
PF13977.11	PF17940.6
PF14246.11	PF14246.11
PF14278.11	PF14278.11
PF14514.11	PF14514.11
PF22604.1	PF22604.1
PF00440.29	PF00440.29
PF22568.1	PF22568.1
PF12851.13	PF12851.13
PF08050.18	PF08050.18
PF15219.11	PF15219.11
PF15186.11	PF15186.11
PF22835.1	PF22835.1
PF22836.1	PF22836.1
PF15326.11	PF15326.11
PF15553.11	PF15553.11
PF15839.10	PF15839.10
PF15400.11	PF15400.11
PF24787.1	PF24787.1
PF17819.6	PF17819.6
PF22706.1	PF22706.1
PF09371.15	PF09371.15
PF16921.10	PF16921.10
PF24614.1	PF24614.1
PF22254.1	PF22254.1
PF18121.7	PF18121.7
PF03849.19	PF03849.19
PF18307.6	PF18307.6
PF03850.20	PF03850.20
PF06331.17	PF06331.17
PF17110.10	PF17110.10
PF21552.3	PF21552.3
PF12612.13	PF12612.13
PF03153.18	PF03153.18
PF02751.19	PF02751.19
PF02268.21	PF02268.21
PF00382.24	PF00382.24
PF18542.6	PF18542.6
PF22108.1	PF22108.1
PF02269.22	PF02269.22
PF02291.21	PF02291.21
PF03847.19	PF03847.19
PF04494.20	PF04494.20
PF11521.13	PF11521.13
PF02002.23	PF02002.23
PF02186.21	PF02186.21
PF05793.18	PF05793.18
PF02270.21	PF02270.21
PF17683.6	PF17683.6
PF22110.2	PF22110.2
PF12657.13	PF12657.13
PF10419.14	PF10419.14
PF07500.19	PF07500.19
PF04994.19	PF04994.19
PF04993.18	PF04993.18
PF04253.20	PF04253.20
PF07812.18	PF07812.18
PF14601.11	PF14601.11
PF03299.19	PF03299.19
PF03529.18	PF03529.18
PF16683.11	PF16683.11
PF02495.22	PF02495.22
PF00688.24	PF00688.24
PF00019.25	PF00019.25
PF08515.17	PF08515.17
PF18250.6	PF18250.6
PF20085.5	PF20085.5
PF11476.16	PF11476.16
PF11992.13	PF11992.13
PF02824.27	PF02824.27
PF01702.25	PF01702.25
PF01290.25	PF01290.25
PF00086.23	PF00086.23
PF16597.10	PF16597.10
PF21417.3	PF21417.3
PF18385.6	PF18385.6
PF08489.16	PF08489.16
PF22641.2	PF22641.2
PF21129.3	PF21129.3
PF16940.10	PF16940.10
PF16166.10	PF16166.10
PF04278.17	PF04278.17
PF06200.19	PF06200.19
PF01833.30	PF01833.30
PF18020.7	PF18020.7
PF17960.7	PF17960.7
PF20144.5	PF20144.5
PF01826.23	PF01826.23
PF12714.13	PF12714.13
PF09179.16	PF09179.16
PF22132.1	PF22132.1
PF11734.13	PF11734.13
PF22897.2	PF22897.2
PF00121.24	PF00121.24
PF23916.1	PF23916.1
PF25506.1	PF25506.1
PF23845.1	PF23845.1
PF02466.24	PF02466.24
PF08294.17	PF08294.17
PF10171.14	PF10171.14
PF04280.21	PF04280.21
PF11711.13	PF11711.13
PF04821.19	PF04821.19
PF05029.18	PF05029.18
PF00965.23	PF00965.23
PF14973.11	PF14973.11
PF08623.16	PF08623.16
PF14980.11	PF14980.11
PF04176.18	PF04176.18
PF06068.19	PF06068.19
PF17856.7	PF17856.7
PF16753.10	PF16753.10
PF07739.18	PF07739.18
PF16972.10	PF16972.10
PF12457.13	PF12457.13
PF01582.25	PF01582.25
PF13676.11	PF13676.11
PF18567.6	PF18567.6
PF07489.16	PF07489.16
PF03549.19	PF03549.19
PF07490.16	PF07490.16
PF04553.17	PF04553.17
PF24154.1	PF24154.1
PF13939.11	PF13939.11
PF01108.23	PF01108.23
PF09042.16	PF09042.16
PF00265.24	PF00265.24
PF18237.6	PF18237.6
PF15041.11	PF15041.11
PF20995.3	PF20995.3
PF11394.13	PF11394.13
PF03219.20	PF03219.20
PF07534.21	PF07534.21
PF10908.13	PF10908.13
PF24322.2	PF24322.2
PF11678.14	PF11678.14
PF03920.20	PF03920.20
PF24316.1	PF24316.1
PF18426.6	PF18426.6
PF18443.6	PF18443.6
PF11845.13	PF11845.13
PF21865.2	PF21865.2
PF19824.4	PF19824.4
PF06088.16	PF06088.16
PF18313.7	PF18313.7
PF17968.6	PF17968.6
PF00429.24	PF00429.24
PF21699.3	PF21699.3
PF14985.11	PF14985.11
PF08973.16	PF08973.16
PF14512.11	PF14512.11
PF05154.21	PF05154.21
PF25452.1	PF25452.1
PF10149.14	PF10149.14
PF17685.6	PF17685.6
PF13886.12	PF13886.12
PF11176.13	PF11176.13
PF09072.15	PF09072.15
PF07810.18	PF07810.18
PF08351.17	PF08351.17
PF15844.10	PF15844.10
PF14992.11	PF14992.11
PF24357.1	PF24357.1
PF24097.1	PF24097.1
PF16311.10	PF16311.10
PF15111.12	PF15111.12
PF07092.18	PF07092.18
PF21002.2	PF21002.2
PF14995.11	PF14995.11
PF15759.10	PF15759.10
PF15113.11	PF15113.11
PF13374.12	PF13374.12
PF13414.12	PF13414.12
PF13424.12	PF13424.12
PF13428.12	PF13428.12
PF13429.12	PF13429.12
PF13432.12	PF13432.12
PF13431.12	PF13431.12
PF13512.12	PF13512.12
PF14559.12	PF14559.12
PF14561.12	PF14561.12
PF09976.15	PF09976.15
PF18833.7	PF18833.7
PF23275.1	PF23275.1
PF23276.1	PF23276.1
PF23279.1	PF23279.1
PF23280.1	PF23280.1
PF23310.1	PF23310.1
PF23325.1	PF23325.1
PF07720.18	PF07720.18
PF24603.1	PF24603.1
PF07721.20	PF07721.20
PF12688.13	PF12688.13
PF13174.12	PF13174.12
PF13176.12	PF13176.12
PF13371.12	PF13371.12
PF25153.1	PF25153.1
PF25154.1	PF25154.1
PF25245.1	PF25245.1
PF25360.1	PF25360.1
PF23914.1	PF23914.1
PF25439.1	PF25439.1
PF25503.1	PF25503.1
PF23953.1	PF23953.1
PF23554.2	PF23554.2
PF24601.1	PF24601.1
PF24597.1	PF24597.1
PF24293.1	PF24293.1
PF23723.1	PF23723.1
PF23878.1	PF23878.1
PF22890.2	PF22890.2
PF25110.1	PF25110.1
PF25113.1	PF25113.1
PF23774.1	PF23774.1
PF23758.1	PF23758.1
PF23757.1	PF23757.1
PF24762.1	PF24762.1
PF24760.1	PF24760.1
PF25295.1	PF25295.1
PF23387.2	PF23387.2
PF23557.1	PF23557.1
PF17874.7	PF17874.7
PF07926.17	PF07926.17
PF24885.1	PF24885.1
PF23354.1	PF23354.1
PF23347.1	PF23347.1
PF23558.1	PF23558.1
PF23356.1	PF23356.1
PF12931.13	PF12931.13
PF24575.1	PF24575.1
PF25474.1	PF25474.1
PF24138.1	PF24138.1
PF24140.1	PF24140.1
PF24139.1	PF24139.1
PF25150.1	PF25150.1
PF25151.1	PF25151.1
PF24176.1	PF24176.1
PF24181.1	PF24181.1
PF24173.1	PF24173.1
PF23556.1	PF23556.1
PF12816.13	PF12816.13
PF25066.1	PF25066.1
PF23753.1	PF23753.1
PF25170.1	PF25170.1
PF05860.19	PF05860.19
PF03151.22	PF03151.22
PF06886.16	PF06886.16
PF12214.13	PF12214.13
PF00590.25	PF00590.25
PF18202.7	PF18202.7
PF11052.13	PF11052.13
PF21985.2	PF21985.2
PF02343.21	PF02343.21
PF20175.3	PF20175.3
PF20206.4	PF20206.4
PF05513.17	PF05513.17
PF22807.2	PF22807.2
PF01963.22	PF01963.22
PF07820.17	PF07820.17
PF11130.13	PF11130.13
PF06412.16	PF06412.16
PF20694.2	PF20694.2
PF09034.15	PF09034.15
PF12615.13	PF12615.13
PF05309.16	PF05309.16
PF13728.12	PF13728.12
PF21341.3	PF21341.3
PF21363.3	PF21363.3
PF02921.19	PF02921.19
PF05365.17	PF05365.17
PF03456.24	PF03456.24
PF03167.25	PF03167.25
PF20763.2	PF20763.2
PF18880.5	PF18880.5
PF06427.17	PF06427.17
PF01704.24	PF01704.24
PF00201.24	PF00201.24
PF00984.24	PF00984.24
PF03720.21	PF03720.21
PF03721.20	PF03721.20
PF15456.11	PF15456.11
PF05743.18	PF05743.18
PF08694.16	PF08694.16
PF03152.21	PF03152.21
PF24842.1	PF24842.1
PF10408.14	PF10408.14
PF23659.1	PF23659.1
PF25041.1	PF25041.1
PF03671.20	PF03671.20
PF20908.2	PF20908.2
PF22084.1	PF22084.1
PF24696.1	PF24696.1
PF02809.26	PF02809.26
PF23625.1	PF23625.1
PF02512.19	PF02512.19
PF11094.13	PF11094.13
PF16758.11	PF16758.11
PF17622.8	PF17622.8
PF17640.7	PF17640.7
PF08196.16	PF08196.16
PF17582.7	PF17582.7
PF17636.7	PF17636.7
PF10682.14	PF10682.14
PF17591.7	PF17591.7
PF17638.7	PF17638.7
PF05473.18	PF05473.18
PF12522.13	PF12522.13
PF06734.18	PF06734.18
PF16534.11	PF16534.11
PF22893.2	PF22893.2
PF22947.2	PF22947.2
PF05685.18	PF05685.18
PF04817.17	PF04817.17
PF08064.18	PF08064.18
PF05348.16	PF05348.16
PF05822.18	PF05822.18
PF07593.17	PF07593.17
PF05216.18	PF05216.18
PF14776.11	PF14776.11
PF05978.22	PF05978.22
PF15435.11	PF15435.11
PF11701.14	PF11701.14
PF19424.5	PF19424.5
PF20262.4	PF20262.4
PF15778.10	PF15778.10
PF15972.10	PF15972.10
PF09720.15	PF09720.15
PF11543.14	PF11543.14
PF17217.9	PF17217.9
PF23679.1	PF23679.1
PF16975.12	PF16975.12
PF17809.6	PF17809.6
PF23640.1	PF23640.1
PF00919.26	PF00919.26
PF03649.18	PF03649.18
PF01170.24	PF01170.24
PF01205.25	PF01205.25
PF01894.22	PF01894.22
PF01893.21	PF01893.21
PF02694.21	PF02694.21
PF03653.18	PF03653.18
PF02021.23	PF02021.23
PF03657.19	PF03657.19
PF03350.21	PF03350.21
PF04297.20	PF04297.20
PF03673.18	PF03673.18
PF03677.18	PF03677.18
PF03686.19	PF03686.19
PF03685.18	PF03685.18
PF03695.18	PF03695.18
PF21748.3	PF21748.3
PF03672.18	PF03672.18
PF03682.18	PF03682.18
PF03687.19	PF03687.19
PF03691.19	PF03691.19
PF03665.18	PF03665.18
PF03683.19	PF03683.19
PF17773.7	PF17773.7
PF03684.18	PF03684.18
PF03698.18	PF03698.18
PF03701.19	PF03701.19
PF03699.18	PF03699.18
PF03670.18	PF03670.18
PF05250.16	PF05250.16
PF05254.17	PF05254.17
PF05255.16	PF05255.16
PF05256.17	PF05256.17
PF15745.10	PF15745.10
PF00847.26	PF00847.26
PF22169.1	PF22169.1
PF14796.11	PF14796.11
PF24080.1	PF24080.1
PF06375.16	PF06375.16
PF19327.4	PF19327.4
PF14807.11	PF14807.11
PF21589.2	PF21589.2
PF21590.2	PF21590.2
PF21588.3	PF21588.3
PF21587.3	PF21587.3
PF21296.3	PF21296.3
PF17908.6	PF17908.6
PF02558.23	PF02558.23
PF08546.17	PF08546.17
PF02424.20	PF02424.20
PF05839.16	PF05839.16
PF05841.16	PF05841.16
PF21282.2	PF21282.2
PF18122.6	PF18122.6
PF20518.4	PF20518.4
PF21371.2	PF21371.2
PF14921.11	PF14921.11
PF05972.16	PF05972.16
PF05956.16	PF05956.16
PF16689.10	PF16689.10
PF05923.17	PF05923.17
PF18797.7	PF18797.7
PF16634.10	PF16634.10
PF16635.10	PF16635.10
PF16636.10	PF16636.10
PF16630.10	PF16630.10
PF16633.10	PF16633.10
PF16041.10	PF16041.10
PF16040.10	PF16040.10
PF22753.2	PF22753.2
PF18862.6	PF18862.6
PF16977.10	PF16977.10
PF24148.1	PF24148.1
PF19283.4	PF19283.4
PF22818.2	PF22818.2
PF15360.11	PF15360.11
PF22817.2	PF22817.2
PF18946.5	PF18946.5
PF04110.19	PF04110.19
PF04111.17	PF04111.17
PF17675.6	PF17675.6
PF01636.29	PF01636.29
PF06105.17	PF06105.17
PF22173.2	PF22173.2
PF14557.12	PF14557.12
PF04655.20	PF04655.20
PF05918.17	PF05918.17
PF00807.22	PF00807.22
PF13204.13	PF13204.13
PF11671.13	PF11671.13
PF21649.3	PF21649.3
PF05355.16	PF05355.16
PF05778.17	PF05778.17
PF05418.16	PF05418.16
PF04711.18	PF04711.18
PF12491.13	PF12491.13
PF18769.7	PF18769.7
PF18769.7	PF18774.7
PF18775.7	PF18775.7
PF05240.20	PF05240.20
PF04691.17	PF04691.17
PF15119.11	PF15119.11
PF01333.25	PF01333.25
PF16639.10	PF16639.10
PF05461.16	PF05461.16
PF01442.23	PF01442.23
PF15148.11	PF15148.11
PF07464.16	PF07464.16
PF11032.14	PF11032.14
PF09769.14	PF09769.14
PF05634.16	PF05634.16
PF09949.15	PF09949.15
PF21961.1	PF21961.1
PF21966.2	PF21966.2
PF10515.14	PF10515.14
PF12924.12	PF12924.12
PF12925.12	PF12925.12
PF02177.21	PF02177.21
PF12716.12	PF12716.12
PF23526.1	PF23526.1
PF12139.13	PF12139.13
PF01583.26	PF01583.26
PF03440.20	PF03440.20
PF06079.17	PF06079.17
PF01261.30	PF01261.30
PF16399.11	PF16399.11
PF21143.3	PF21143.3
PF21144.2	PF21144.2
PF22323.1	PF22323.1
PF12489.13	PF12489.13
PF16694.10	PF16694.10
PF05038.18	PF05038.18
PF00283.24	PF00283.24
PF00284.25	PF00284.25
PF03188.21	PF03188.21
PF07361.16	PF07361.16
PF00032.22	PF00032.22
PF13631.11	PF13631.11
PF02167.20	PF02167.20
PF14537.11	PF14537.11
PF14495.11	PF14495.11
PF02335.20	PF02335.20
PF02085.21	PF02085.21
PF01322.25	PF01322.25
PF01578.25	PF01578.25
PF22678.1	PF22678.1
PF02239.22	PF02239.22
PF03264.19	PF03264.19
PF02276.23	PF02276.23
PF09265.15	PF09265.15
PF10407.14	PF10407.14
PF01801.21	PF01801.21
PF06084.16	PF06084.16
PF05984.18	PF05984.18
PF06284.16	PF06284.16
PF05963.17	PF05963.17
PF09000.15	PF09000.15
PF01265.22	PF01265.22
PF10890.13	PF10890.13
PF01654.22	PF01654.22
PF02322.20	PF02322.20
PF12270.13	PF12270.13
PF10873.13	PF10873.13
PF13682.11	PF13682.11
PF16986.11	PF16986.11
PF09719.15	PF09719.15
PF16821.10	PF16821.10
PF17538.8	PF17538.8
PF02363.24	PF02363.24
PF07286.17	PF07286.17
PF14031.12	PF14031.12
PF07065.19	PF07065.19
PF13225.11	PF13225.11
PF08706.16	PF08706.16
PF23283.1	PF23283.1
PF12315.14	PF12315.14
PF18752.7	PF18752.7
PF25203.1	PF25203.1
PF25204.1	PF25204.1
PF23281.1	PF23281.1
PF15773.10	PF15773.10
PF12004.13	PF12004.13
PF21792.3	PF21792.3
PF10070.14	PF10070.14
PF07876.18	PF07876.18
PF02457.21	PF02457.21
PF21749.2	PF21749.2
PF21752.2	PF21752.2
PF21750.2	PF21750.2
PF21753.2	PF21753.2
PF21751.2	PF21751.2
PF21754.2	PF21754.2
PF19294.4	PF19294.4
PF21755.2	PF21755.2
PF21756.2	PF21756.2
PF02109.21	PF02109.21
PF05454.16	PF05454.16
PF03982.18	PF03982.18
PF00609.24	PF00609.24
PF00781.29	PF00781.29
PF01219.24	PF01219.24
PF14513.12	PF14513.12
PF19443.4	PF19443.4
PF18152.6	PF18152.6
PF00793.26	PF00793.26
PF01474.22	PF01474.22
PF02733.22	PF02733.22
PF02734.22	PF02734.22
PF07478.18	PF07478.18
PF01820.27	PF01820.27
PF05746.21	PF05746.21
PF09190.17	PF09190.17
PF05869.16	PF05869.16
PF22555.1	PF22555.1
PF22556.1	PF22556.1
PF03045.20	PF03045.20
PF01266.30	PF01266.30
PF15199.11	PF15199.11
PF16901.10	PF16901.10
PF15228.11	PF15228.11
PF07213.16	PF07213.16
PF10236.15	PF10236.15
PF05173.19	PF05173.19
PF01113.26	PF01113.26
PF16654.10	PF16654.10
PF18089.7	PF18089.7
PF08503.15	PF08503.15
PF15268.11	PF15268.11
PF07930.17	PF07930.17
PF08630.15	PF08630.15
PF16543.10	PF16543.10
PF08859.16	PF08859.16
PF20975.2	PF20975.2
PF07324.16	PF07324.16
PF11024.13	PF11024.13
PF11038.14	PF11038.14
PF22274.2	PF22274.2
PF11040.13	PF11040.13
PF22279.1	PF22279.1
PF22944.1	PF22944.1
PF23578.1	PF23578.1
PF05035.17	PF05035.17
PF18909.5	PF18909.5
PF00926.24	PF00926.24
PF09626.15	PF09626.15
PF08385.17	PF08385.17
PF08393.18	PF08393.18
PF00701.28	PF00701.28
PF00186.24	PF00186.24
PF06442.17	PF06442.17
PF01368.27	PF01368.27
PF02272.25	PF02272.25
PF02833.19	PF02833.19
PF01529.25	PF01529.25
PF14286.12	PF14286.12
PF21763.2	PF21763.2
PF04038.17	PF04038.17
PF12890.13	PF12890.13
PF10418.14	PF10418.14
PF06537.16	PF06537.16
PF01180.27	PF01180.27
PF01959.21	PF01959.21
PF24621.2	PF24621.2
PF01487.21	PF01487.21
PF01220.24	PF01220.24
PF01761.26	PF01761.26
PF06920.19	PF06920.19
PF20422.3	PF20422.3
PF20421.4	PF20421.4
PF20919.3	PF20919.3
PF23362.1	PF23362.1
PF24340.1	PF24340.1
PF25389.1	PF25389.1
PF14571.11	PF14571.11
PF05651.19	PF05651.19
PF25192.1	PF25192.1
PF05358.17	PF05358.17
PF20860.2	PF20860.2
PF03368.19	PF03368.19
PF20932.3	PF20932.3
PF17895.7	PF17895.7
PF20930.2	PF20930.2
PF20931.2	PF20931.2
PF11492.14	PF11492.14
PF04706.18	PF04706.18
PF10069.14	PF10069.14
PF09267.15	PF09267.15
PF05720.17	PF05720.17
PF05462.17	PF05462.17
PF00526.23	PF00526.23
PF05086.17	PF05086.17
PF04562.17	PF04562.17
PF04922.18	PF04922.18
PF13164.11	PF13164.11
PF24820.1	PF24820.1
PF21481.3	PF21481.3
PF21479.3	PF21479.3
PF01843.25	PF01843.25
PF08194.17	PF08194.17
PF02966.22	PF02966.22
PF16844.10	PF16844.10
PF08100.17	PF08100.17
PF21212.3	PF21212.3
PF05699.19	PF05699.19
PF02281.22	PF02281.22
PF09505.15	PF09505.15
PF05163.17	PF05163.17
PF12867.12	PF12867.12
PF12867.12	PF04978.18
PF06183.18	PF06183.18
PF22247.2	PF22247.2
PF00775.27	PF00775.27
PF04444.19	PF04444.19
PF14226.12	PF14226.12
PF17679.6	PF17679.6
PF22313.1	PF22313.1
PF22089.2	PF22089.2
PF22168.2	PF22168.2
PF01866.22	PF01866.22
PF01902.24	PF01902.24
PF02763.20	PF02763.20
PF01324.24	PF01324.24
PF02764.19	PF02764.19
PF11763.13	PF11763.13
PF03018.19	PF03018.19
PF06584.18	PF06584.18
PF22428.2	PF22428.2
PF17877.7	PF17877.7
PF19226.5	PF19226.5
PF10635.14	PF10635.14
PF07933.20	PF07933.20
PF07920.16	PF07920.16
PF07939.16	PF07939.16
PF07937.16	PF07937.16
PF07955.17	PF07955.17
PF07958.16	PF07958.16
PF07954.16	PF07954.16
PF02596.20	PF02596.20
PF07956.16	PF07956.16
PF07997.16	PF07997.16
PF08002.16	PF08002.16
PF08004.16	PF08004.16
PF08012.16	PF08012.16
PF08020.16	PF08020.16
PF08044.16	PF08044.16
PF05414.17	PF05414.17
PF08224.16	PF08224.16
PF08226.16	PF08226.16
PF08349.16	PF08349.16
PF08338.16	PF08338.16
PF08410.15	PF08410.15
PF08490.17	PF08490.17
PF08508.15	PF08508.15
PF08538.16	PF08538.16
PF08551.15	PF08551.15
PF08560.15	PF08560.15
PF05585.17	PF05585.17
PF03564.21	PF03564.21
PF08570.15	PF08570.15
PF08576.15	PF08576.15
PF08578.15	PF08578.15
PF08590.15	PF08590.15
PF08611.15	PF08611.15
PF07987.16	PF07987.16
PF08643.16	PF08643.16
PF08680.15	PF08680.15
PF08682.16	PF08682.16
PF08735.15	PF08735.15
PF02622.21	PF02622.21
PF08795.16	PF08795.16
PF08796.15	PF08796.15
PF08807.15	PF08807.15
PF08809.16	PF08809.16
PF08811.16	PF08811.16
PF08818.16	PF08818.16
PF08819.17	PF08819.17
PF08820.15	PF08820.15
PF08822.17	PF08822.17
PF08827.16	PF08827.16
PF08830.15	PF08830.15
PF08837.16	PF08837.16
PF08838.16	PF08838.16
PF08844.15	PF08844.15
PF08846.15	PF08846.15
PF08848.17	PF08848.17
PF08850.16	PF08850.16
PF08852.17	PF08852.17
PF08853.16	PF08853.16
PF08854.15	PF08854.15
PF08855.15	PF08855.15
PF08856.16	PF08856.16
PF08860.15	PF08860.15
PF08861.15	PF08861.15
PF08862.16	PF08862.16
PF08865.16	PF08865.16
PF08866.15	PF08866.15
PF08875.16	PF08875.16
PF08874.15	PF08874.15
PF08876.17	PF08876.17
PF08894.16	PF08894.16
PF08893.15	PF08893.15
PF08895.16	PF08895.16
PF08897.16	PF08897.16
PF08896.16	PF08896.16
PF08898.15	PF08898.15
PF08899.16	PF08899.16
PF08903.17	PF08903.17
PF20921.3	PF20921.3
PF08901.16	PF08901.16
PF08902.16	PF08902.16
PF08905.16	PF08905.16
PF08907.16	PF08907.16
PF08909.16	PF08909.16
PF08984.16	PF08984.16
PF08950.16	PF08950.16
PF08952.17	PF08952.17
PF08956.15	PF08956.15
PF08958.15	PF08958.15
PF08974.15	PF08974.15
PF08963.15	PF08963.15
PF02639.20	PF02639.20
PF08966.16	PF08966.16
PF08980.16	PF08980.16
PF08968.15	PF08968.15
PF08986.15	PF08986.15
PF09001.16	PF09001.16
PF08987.15	PF08987.15
PF08979.16	PF08979.16
PF08989.15	PF08989.15
PF08953.17	PF08953.17
PF11343.13	PF11343.13
PF11344.13	PF11344.13
PF11345.13	PF11345.13
PF11346.13	PF11346.13
PF11348.13	PF11348.13
PF11349.13	PF11349.13
PF11350.14	PF11350.14
PF11353.13	PF11353.13
PF11352.13	PF11352.13
PF11354.13	PF11354.13
PF11355.13	PF11355.13
PF11358.13	PF11358.13
PF11361.13	PF11361.13
PF03761.21	PF03761.21
PF11369.13	PF11369.13
PF11362.14	PF11362.14
PF11363.13	PF11363.13
PF11364.13	PF11364.13
PF11368.13	PF11368.13
PF11371.13	PF11371.13
PF11372.14	PF11372.14
PF11373.13	PF11373.13
PF11374.13	PF11374.13
PF11375.13	PF11375.13
PF11376.13	PF11376.13
PF11377.13	PF11377.13
PF11378.13	PF11378.13
PF11379.13	PF11379.13
PF11381.13	PF11381.13
PF11383.14	PF11383.14
PF11384.13	PF11384.13
PF11385.13	PF11385.13
PF11399.14	PF11399.14
PF11419.13	PF11419.13
PF11424.13	PF11424.13
PF20997.2	PF20997.2
PF11428.13	PF11428.13
PF11432.13	PF11432.13
PF11433.13	PF11433.13
PF11436.14	PF11436.14
PF11447.13	PF11447.13
PF11462.14	PF11462.14
PF11472.13	PF11472.13
PF11482.13	PF11482.13
PF11483.13	PF11483.13
PF03778.18	PF03778.18
PF11486.13	PF11486.13
PF11491.13	PF11491.13
PF11505.13	PF11505.13
PF11506.14	PF11506.14
PF11508.13	PF11508.13
PF11514.14	PF11514.14
PF11516.14	PF11516.14
PF11518.13	PF11518.13
PF11519.13	PF11519.13
PF11523.13	PF11523.13
PF11528.13	PF11528.13
PF11536.14	PF11536.14
PF11539.13	PF11539.13
PF11553.14	PF11553.14
PF11554.13	PF11554.13
PF11572.13	PF11572.13
PF11578.13	PF11578.13
PF11579.13	PF11579.13
PF11580.13	PF11580.13
PF11582.13	PF11582.13
PF11586.13	PF11586.13
PF11588.13	PF11588.13
PF11589.14	PF11589.14
PF11589.14	PF22416.2
PF11595.13	PF11595.13
PF11596.13	PF11596.13
PF11607.14	PF11607.14
PF11609.13	PF11609.13
PF03804.19	PF03804.19
PF11622.13	PF11622.13
PF11625.14	PF11625.14
PF11631.14	PF11631.14
PF11644.13	PF11644.13
PF11646.13	PF11646.13
PF03860.21	PF03860.21
PF11659.14	PF11659.14
PF11660.13	PF11660.13
PF11662.13	PF11662.13
PF11667.14	PF11667.14
PF11672.13	PF11672.13
PF11673.13	PF11673.13
PF03885.18	PF03885.18
PF11674.13	PF11674.13
PF11675.13	PF11675.13
PF11676.13	PF11676.13
PF11677.13	PF11677.13
PF11679.13	PF11679.13
PF11680.14	PF11680.14
PF11683.13	PF11683.13
PF11684.13	PF11684.13
PF11685.13	PF11685.13
PF11686.13	PF11686.13
PF18389.7	PF18389.7
PF01980.22	PF01980.22
PF00133.28	PF00133.28
PF00579.31	PF00579.31
PF00749.27	PF00749.27
PF03950.23	PF03950.23
PF20974.2	PF20974.2
PF00750.26	PF00750.26
PF01406.26	PF01406.26
PF01921.24	PF01921.24
PF09334.17	PF09334.17
PF13603.12	PF13603.12
PF00152.25	PF00152.25
PF00587.30	PF00587.30
PF01411.24	PF01411.24
PF01409.25	PF01409.25
PF02091.20	PF02091.20
PF16995.10	PF16995.10
PF13393.11	PF13393.11
PF08915.16	PF08915.16
PF17654.6	PF17654.6
PF01336.31	PF01336.31
PF12869.13	PF12869.13
PF13742.12	PF13742.12
PF01588.26	PF01588.26
PF13725.12	PF13725.12
PF17176.10	PF17176.10
PF18490.6	PF18490.6
PF04414.18	PF04414.18
PF04073.20	PF04073.20
PF01974.23	PF01974.23
PF02778.19	PF02778.19
PF22100.1	PF22100.1
PF22280.2	PF22280.2
PF25479.1	PF25479.1
PF09335.16	PF09335.16
PF20973.2	PF20973.2
PF02592.20	PF02592.20
PF00092.34	PF00092.34
PF10138.15	PF10138.15
PF23610.1	PF23610.1
PF25107.1	PF25107.1
PF14624.11	PF14624.11
PF13519.12	PF13519.12
PF13768.12	PF13768.12
PF18571.6	PF18571.6
PF25106.1	PF25106.1
PF05762.20	PF05762.20
PF08399.16	PF08399.16
PF16164.10	PF16164.10
PF25045.1	PF25045.1
PF24909.1	PF24909.1
PF23333.1	PF23333.1
PF23334.1	PF23334.1
PF23334.1	PF00093.24
PF23331.1	PF23331.1
PF00094.30	PF00094.30
PF23244.1	PF23244.1
PF12450.13	PF12450.13
PF01496.24	PF01496.24
PF18670.6	PF18670.6
PF18274.6	PF18274.6
PF05575.17	PF05575.17
PF24413.1	PF24413.1
PF02020.24	PF02020.24
PF06176.17	PF06176.17
PF10537.14	PF10537.14
PF12264.14	PF12264.14
PF08488.16	PF08488.16
PF14380.11	PF14380.11
PF00095.26	PF00095.26
PF00095.26	PF23416.1
PF00095.26	PF00819.22
PF16997.11	PF16997.11
PF24716.1	PF24716.1
PF07814.18	PF07814.18
PF14745.11	PF14745.11
PF14746.11	PF14746.11
PF14744.11	PF14744.11
PF11945.13	PF11945.13
PF25243.1	PF25243.1
PF07507.16	PF07507.16
PF22537.1	PF22537.1
PF11669.13	PF11669.13
PF09429.15	PF09429.15
PF08889.16	PF08889.16
PF15164.11	PF15164.11
PF12589.13	PF12589.13
PF20053.4	PF20053.4
PF18588.6	PF18588.6
PF03716.19	PF03716.19
PF19913.5	PF19913.5
PF05562.16	PF05562.16
PF20493.3	PF20493.3
PF00400.38	PF00400.38
PF19056.6	PF19056.6
PF16300.11	PF16300.11
PF14077.11	PF14077.11
PF23405.1	PF23405.1
PF23407.1	PF23407.1
PF24807.1	PF24807.1
PF23184.1	PF23184.1
PF25391.1	PF25391.1
PF17005.11	PF17005.11
PF24780.1	PF24780.1
PF24782.2	PF24782.2
PF23419.2	PF23419.2
PF25390.1	PF25390.1
PF24817.1	PF24817.1
PF15390.12	PF15390.12
PF25311.1	PF25311.1
PF21031.3	PF21031.3
PF24796.1	PF24796.1
PF24795.1	PF24795.1
PF23123.1	PF23123.1
PF23342.1	PF23342.1
PF21030.3	PF21030.3
PF23215.1	PF23215.1
PF19914.5	PF19914.5
PF22814.2	PF22814.2
PF05701.16	PF05701.16
PF10273.14	PF10273.14
PF05406.20	PF05406.20
PF14903.11	PF14903.11
PF00568.29	PF00568.29
PF02205.27	PF02205.27
PF23236.1	PF23236.1
PF23235.1	PF23235.1
PF23234.1	PF23234.1
PF15920.10	PF15920.10
PF22977.2	PF22977.2
PF25239.1	PF25239.1
PF22982.3	PF22982.3
PF23676.1	PF23676.1
PF21783.3	PF21783.3
PF23695.1	PF23695.1
PF14158.11	PF14158.11
PF23696.1	PF23696.1
PF17452.7	PF17452.7
PF23697.1	PF23697.1
PF23499.1	PF23499.1
PF23642.1	PF23642.1
PF14002.11	PF14002.11
PF11503.13	PF11503.13
PF22867.1	PF22867.1
PF14268.11	PF14268.11
PF13996.11	PF13996.11
PF20693.3	PF20693.3
PF23504.1	PF23504.1
PF14191.11	PF14191.11
PF06769.20	PF06769.20
PF14122.12	PF14122.12
PF08863.15	PF08863.15
PF24049.1	PF24049.1
PF09642.15	PF09642.15
PF16697.10	PF16697.10
PF16693.10	PF16693.10
PF21937.1	PF21937.1
PF21934.1	PF21934.1
PF05844.17	PF05844.17
PF03545.18	PF03545.18
PF09020.15	PF09020.15
PF09013.15	PF09013.15
PF09467.15	PF09467.15
PF09643.15	PF09643.15
PF14037.11	PF14037.11
PF09629.16	PF09629.16
PF08571.15	PF08571.15
PF17880.6	PF17880.6
PF14162.11	PF14162.11
PF06855.17	PF06855.17
PF20769.2	PF20769.2
PF14620.12	PF14620.12
PF23644.1	PF23644.1
PF14976.13	PF14976.13
PF24124.1	PF24124.1
PF14005.11	PF14005.11
PF09144.16	PF09144.16
PF17431.7	PF17431.7
PF21747.2	PF21747.2
PF14178.11	PF14178.11
PF14179.11	PF14179.11
PF06908.16	PF06908.16
PF14139.11	PF14139.11
PF14140.11	PF14140.11
PF17448.7	PF17448.7
PF09466.15	PF09466.15
PF09588.16	PF09588.16
PF14553.12	PF14553.12
PF21488.3	PF21488.3
PF24032.1	PF24032.1
PF08892.16	PF08892.16
PF19842.5	PF19842.5
PF21516.2	PF21516.2
PF09424.15	PF09424.15
PF06898.16	PF06898.16
PF23690.1	PF23690.1
PF14181.11	PF14181.11
PF11036.13	PF11036.13
PF17430.7	PF17430.7
PF14639.11	PF14639.11
PF23505.1	PF23505.1
PF23506.1	PF23506.1
PF06014.16	PF06014.16
PF21101.3	PF21101.3
PF11079.13	PF11079.13
PF23678.1	PF23678.1
PF11085.13	PF11085.13
PF21001.2	PF21001.2
PF07290.17	PF07290.17
PF23507.1	PF23507.1
PF13997.11	PF13997.11
PF14038.11	PF14038.11
PF14164.11	PF14164.11
PF14006.11	PF14006.11
PF14141.11	PF14141.11
PF10707.15	PF10707.15
PF14143.11	PF14143.11
PF14145.11	PF14145.11
PF15493.13	PF15493.13
PF14184.11	PF14184.11
PF17449.7	PF17449.7
PF14142.11	PF14142.11
PF13983.11	PF13983.11
PF04366.17	PF04366.17
PF01514.23	PF01514.23
PF08345.17	PF08345.17
PF06578.17	PF06578.17
PF07321.17	PF07321.17
PF16789.10	PF16789.10
PF09619.16	PF09619.16
PF23700.1	PF23700.1
PF04650.22	PF04650.22
PF01177.27	PF01177.27
PF14669.11	PF14669.11
PF09668.16	PF09668.16
PF13650.11	PF13650.11
PF13650.11	PF13975.11
PF06392.17	PF06392.17
PF07100.16	PF07100.16
PF04958.18	PF04958.18
PF01400.30	PF01400.30
PF04996.17	PF04996.17
PF03669.18	PF03669.18
PF24827.1	PF24827.1
PF04952.20	PF04952.20
PF19743.5	PF19743.5
PF19441.4	PF19441.4
PF18577.6	PF18577.6
PF12285.13	PF12285.13
PF19415.4	PF19415.4
PF03115.20	PF03115.20
PF12226.14	PF12226.14
PF16580.11	PF16580.11
PF19414.4	PF19414.4
PF19416.4	PF19416.4
PF13919.11	PF13919.11
PF20435.3	PF20435.3
PF24769.1	PF24769.1
PF03754.18	PF03754.18
PF24046.1	PF24046.1
PF22650.2	PF22650.2
PF22656.2	PF22656.2
PF24104.1	PF24104.1
PF25489.1	PF25489.1
PF12037.13	PF12037.13
PF15321.11	PF15321.11
PF08982.17	PF08982.17
PF14196.11	PF14196.11
PF25052.1	PF25052.1
PF04377.21	PF04377.21
PF04376.19	PF04376.19
PF16788.10	PF16788.10
PF12063.14	PF12063.14
PF21127.4	PF21127.4
PF07855.17	PF07855.17
PF10377.14	PF10377.14
PF19697.4	PF19697.4
PF10033.14	PF10033.14
PF10186.14	PF10186.14
PF08614.16	PF08614.16
PF04108.17	PF04108.17
PF12744.13	PF12744.13
PF11700.14	PF11700.14
PF09451.16	PF09451.16
PF18388.6	PF18388.6
PF13329.13	PF13329.13
PF09795.14	PF09795.14
PF08589.15	PF08589.15
PF20166.3	PF20166.3
PF20637.2	PF20637.2
PF20638.3	PF20638.3
PF04106.18	PF04106.18
PF16420.10	PF16420.10
PF02991.22	PF02991.22
PF04109.21	PF04109.21
PF03078.20	PF03078.20
PF07737.17	PF07737.17
PF03477.21	PF03477.21
PF02222.28	PF02222.28
PF02222.28	PF01071.24
PF08442.15	PF08442.15
PF02655.19	PF02655.19
PF13535.11	PF13535.11
PF13549.11	PF13549.11
PF18419.6	PF18419.6
PF24923.1	PF24923.1
PF00217.24	PF00217.24
PF02807.20	PF02807.20
PF01747.23	PF01747.23
PF00231.24	PF00231.24
PF05176.20	PF05176.20
PF00895.25	PF00895.25
PF00119.25	PF00119.25
PF00006.31	PF00006.31
PF00306.32	PF00306.32
PF02874.29	PF02874.29
PF16886.11	PF16886.11
PF00430.23	PF00430.23
PF00137.26	PF00137.26
PF01813.22	PF01813.22
PF00401.25	PF00401.25
PF02823.21	PF02823.21
PF05680.17	PF05680.17
PF04627.18	PF04627.18
PF08112.16	PF08112.16
PF01990.22	PF01990.22
PF22054.2	PF22054.2
PF04681.18	PF04681.18
PF05291.16	PF05291.16
PF00170.26	PF00170.26
PF07716.20	PF07716.20
PF12498.13	PF12498.13
PF03131.22	PF03131.22
PF21221.3	PF21221.3
PF01453.30	PF01453.30
PF18841.7	PF18841.7
PF18836.7	PF18836.7
PF15617.12	PF15617.12
PF20160.4	PF20160.4
PF08782.15	PF08782.15
PF22926.2	PF22926.2
PF07654.21	PF07654.21
PF09404.15	PF09404.15
PF17615.7	PF17615.7
PF20721.2	PF20721.2
PF17703.6	PF17703.6
PF15547.11	PF15547.11
PF00386.27	PF00386.27
PF00130.28	PF00130.28
PF03107.22	PF03107.22
PF07975.18	PF07975.18
PF20821.2	PF20821.2
PF00168.36	PF00168.36
PF11618.14	PF11618.14
PF05790.21	PF05790.21
PF08205.18	PF08205.18
PF22705.2	PF22705.2
PF22674.2	PF22674.2
PF22172.1	PF22172.1
PF22202.1	PF22202.1
PF22077.1	PF22077.1
PF22126.3	PF22126.3
PF22204.1	PF22204.1
PF22995.2	PF22995.2
PF22992.2	PF22992.2
PF22996.2	PF22996.2
PF25095.1	PF25095.1
PF24757.1	PF24757.1
PF24761.1	PF24761.1
PF24759.1	PF24759.1
PF10561.15	PF10561.15
PF25339.1	PF25339.1
PF25341.1	PF25341.1
PF25338.1	PF25338.1
PF25329.1	PF25329.1
PF25334.1	PF25334.1
PF23122.1	PF23122.1
PF25331.1	PF25331.1
PF25330.1	PF25330.1
PF25337.1	PF25337.1
PF25332.1	PF25332.1
PF24147.2	PF24147.2
PF24150.1	PF24150.1
PF25336.1	PF25336.1
PF24920.1	PF24920.1
PF21406.3	PF21406.3
PF21308.3	PF21308.3
PF01413.25	PF01413.25
PF18453.6	PF18453.6
PF21145.3	PF21145.3
PF06662.19	PF06662.19
PF17982.7	PF17982.7
PF15025.12	PF15025.12
PF22833.2	PF22833.2
PF15016.13	PF15016.13
PF21309.3	PF21309.3
PF01681.22	PF01681.22
PF10170.15	PF10170.15
PF21284.3	PF21284.3
PF08742.16	PF08742.16
PF23263.1	PF23263.1
PF15019.11	PF15019.11
PF15011.11	PF15011.11
PF20814.2	PF20814.2
PF09678.15	PF09678.15
PF14159.11	PF14159.11
PF15335.11	PF15335.11
PF12515.13	PF12515.13
PF15895.10	PF15895.10
PF21133.2	PF21133.2
PF12736.12	PF12736.12
PF15367.11	PF15367.11
PF16885.10	PF16885.10
PF21796.3	PF21796.3
PF17201.10	PF17201.10
PF23846.1	PF23846.1
PF09732.14	PF09732.14
PF10312.14	PF10312.14
PF03596.19	PF03596.19
PF18500.6	PF18500.6
PF00028.23	PF00028.23
PF12733.13	PF12733.13
PF08266.18	PF08266.18
PF16184.11	PF16184.11
PF17803.7	PF17803.7
PF05264.16	PF05264.16
PF21286.3	PF21286.3
PF22595.1	PF22595.1
PF22611.1	PF22611.1
PF15104.11	PF15104.11
PF22584.1	PF22584.1
PF24569.1	PF24569.1
PF11069.13	PF11069.13
PF14926.11	PF14926.11
PF22800.1	PF22800.1
PF23185.1	PF23185.1
PF24529.1	PF24529.1
PF14858.11	PF14858.11
PF21771.2	PF21771.2
PF23150.1	PF23150.1
PF16092.11	PF16092.11
PF06608.16	PF06608.16
PF14825.11	PF14825.11
PF15074.11	PF15074.11
PF14738.11	PF14738.11
PF15139.11	PF15139.11
PF15239.11	PF15239.11
PF09443.16	PF09443.16
PF05730.16	PF05730.16
PF19079.5	PF19079.5
PF14396.12	PF14396.12
PF03859.21	PF03859.21
PF10233.14	PF10233.14
PF19906.4	PF19906.4
PF08821.16	PF08821.16
PF21715.3	PF21715.3
PF08617.15	PF08617.15
PF22649.2	PF22649.2
PF24763.1	PF24763.1
PF25291.1	PF25291.1
PF25290.1	PF25290.1
PF06799.16	PF06799.16
PF03879.19	PF03879.19
PF06306.17	PF06306.17
PF00307.36	PF00307.36
PF06150.17	PF06150.17
PF04752.17	PF04752.17
PF05235.19	PF05235.19
PF02431.20	PF02431.20
PF16035.10	PF16035.10
PF16036.10	PF16036.10
PF18232.7	PF18232.7
PF02797.21	PF02797.21
PF00195.25	PF00195.25
PF03502.19	PF03502.19
PF05257.22	PF05257.22
PF22554.1	PF22554.1
PF07824.17	PF07824.17
PF13144.11	PF13144.11
PF17656.6	PF17656.6
PF09295.16	PF09295.16
PF03924.19	PF03924.19
PF05226.16	PF05226.16
PF05227.19	PF05227.19
PF05228.19	PF05228.19
PF17149.10	PF17149.10
PF17150.9	PF17150.9
PF17151.10	PF17151.10
PF17152.10	PF17152.10
PF17153.9	PF17153.9
PF12770.12	PF12770.12
PF03173.19	PF03173.19
PF03174.19	PF03174.19
PF06747.18	PF06747.18
PF13907.11	PF13907.11
PF04420.19	PF04420.19
PF08074.17	PF08074.17
PF06461.17	PF06461.17
PF08073.18	PF08073.18
PF01339.22	PF01339.22
PF04509.17	PF04509.17
PF03975.18	PF03975.18
PF04283.17	PF04283.17
PF01739.24	PF01739.24
PF03705.20	PF03705.20
PF01584.24	PF01584.24
PF13690.11	PF13690.11
PF09078.16	PF09078.16
PF04344.18	PF04344.18
PF05679.22	PF05679.22
PF16981.10	PF16981.10
PF14645.11	PF14645.11
PF06483.16	PF06483.16
PF11434.14	PF11434.14
PF18391.7	PF18391.7
PF15355.11	PF15355.11
PF08329.16	PF08329.16
PF23000.2	PF23000.2
PF00187.25	PF00187.25
PF00379.29	PF00379.29
PF01644.23	PF01644.23
PF08407.16	PF08407.16
PF03142.21	PF03142.21
PF18683.7	PF18683.7
PF07157.17	PF07157.17
PF03989.18	PF03989.18
PF00204.31	PF00204.31
PF00986.26	PF00986.26
PF03603.18	PF03603.18
PF01653.23	PF01653.23
PF04679.21	PF04679.21
PF01068.26	PF01068.26
PF04675.19	PF04675.19
PF17879.7	PF17879.7
PF11411.13	PF11411.13
PF03120.22	PF03120.22
PF14743.12	PF14743.12
PF03119.21	PF03119.21
PF00145.23	PF00145.23
PF18284.7	PF18284.7
PF01119.25	PF01119.25
PF11053.13	PF11053.13
PF11123.14	PF11123.14
PF02499.21	PF02499.21
PF02500.21	PF02500.21
PF00875.24	PF00875.24
PF07733.18	PF07733.18
PF14480.11	PF14480.11
PF11490.13	PF11490.13
PF00712.24	PF00712.24
PF02767.21	PF02767.21
PF02768.20	PF02768.20
PF04364.18	PF04364.18
PF06144.19	PF06144.19
PF13177.12	PF13177.12
PF21694.2	PF21694.2
PF14840.11	PF14840.11
PF17657.6	PF17657.6
PF12169.13	PF12169.13
PF22227.1	PF22227.1
PF12168.13	PF12168.13
PF12170.13	PF12170.13
PF06440.16	PF06440.16
PF22619.2	PF22619.2
PF00476.26	PF00476.26
PF12254.13	PF12254.13
PF01612.26	PF01612.26
PF18305.6	PF18305.6
PF00136.26	PF00136.26
PF03175.18	PF03175.18
PF08408.16	PF08408.16
PF03104.25	PF03104.25
PF10108.15	PF10108.15
PF18094.7	PF18094.7
PF14792.12	PF14792.12
PF14791.11	PF14791.11
PF04081.18	PF04081.18
PF18018.7	PF18018.7
PF04042.21	PF04042.21
PF20914.2	PF20914.2
PF10391.15	PF10391.15
PF04931.18	PF04931.18
PF18049.7	PF18049.7
PF00336.23	PF00336.23
PF00242.22	PF00242.22
PF02916.20	PF02916.20
PF04104.19	PF04104.19
PF01896.25	PF01896.25
PF02481.20	PF02481.20
PF14966.11	PF14966.11
PF00521.26	PF00521.26
PF21654.3	PF21654.3
PF21713.2	PF21713.2
PF14709.13	PF14709.13
PF14072.11	PF14072.11
PF08870.17	PF08870.17
PF19330.4	PF19330.4
PF01712.25	PF01712.25
PF22855.1	PF22855.1
PF21448.3	PF21448.3
PF12047.13	PF12047.13
PF21255.3	PF21255.3
PF21716.3	PF21716.3
PF18192.6	PF18192.6
PF19975.5	PF19975.5
PF19993.5	PF19993.5
PF14429.12	PF14429.12
PF00404.24	PF00404.24
PF08990.16	PF08990.16
PF11878.13	PF11878.13
PF16172.10	PF16172.10
PF07311.17	PF07311.17
PF14144.11	PF14144.11
PF03351.22	PF03351.22
PF24598.1	PF24598.1
PF08883.16	PF08883.16
PF04118.20	PF04118.20
PF11466.13	PF11466.13
PF14839.11	PF14839.11
PF04124.18	PF04124.18
PF21118.2	PF21118.2
PF08123.19	PF08123.19
PF11388.13	PF11388.13
PF16816.10	PF16816.10
PF01579.23	PF01579.23
PF02641.20	PF02641.20
PF08972.17	PF08972.17
PF08921.16	PF08921.16
PF08922.17	PF08922.17
PF08925.16	PF08925.16
PF08926.16	PF08926.16
PF08930.15	PF08930.15
PF08940.17	PF08940.17
PF08942.16	PF08942.16
PF02643.20	PF02643.20
PF09082.15	PF09082.15
PF09083.16	PF09083.16
PF09086.16	PF09086.16
PF09122.16	PF09122.16
PF09123.17	PF09123.17
PF09130.16	PF09130.16
PF09148.16	PF09148.16
PF09149.15	PF09149.15
PF09151.16	PF09151.16
PF09152.16	PF09152.16
PF09155.15	PF09155.15
PF09167.16	PF09167.16
PF09183.16	PF09183.16
PF09185.15	PF09185.15
PF09186.17	PF09186.17
PF09188.15	PF09188.15
PF09189.15	PF09189.15
PF09196.16	PF09196.16
PF09205.15	PF09205.15
PF09211.15	PF09211.15
PF09218.15	PF09218.15
PF09224.18	PF09224.18
PF09234.15	PF09234.15
PF09248.15	PF09248.15
PF09269.16	PF09269.16
PF09291.16	PF09291.16
PF09301.15	PF09301.15
PF09313.17	PF09313.17
PF09314.17	PF09314.17
PF09320.16	PF09320.16
PF09321.15	PF09321.15
PF09322.15	PF09322.15
PF09323.15	PF09323.15
PF21537.2	PF21537.2
PF09331.17	PF09331.17
PF09342.17	PF09342.17
PF09347.15	PF09347.15
PF09348.15	PF09348.15
PF09351.15	PF09351.15
PF09353.15	PF09353.15
PF09362.15	PF09362.15
PF09366.15	PF09366.15
PF09390.16	PF09390.16
PF09391.15	PF09391.15
PF09393.16	PF09393.16
PF09400.15	PF09400.15
PF09406.15	PF09406.15
PF09413.15	PF09413.15
PF09418.15	PF09418.15
PF09428.16	PF09428.16
PF09427.15	PF09427.15
PF09435.15	PF09435.15
PF09436.15	PF09436.15
PF09438.15	PF09438.15
PF09442.15	PF09442.15
PF09450.16	PF09450.16
PF02656.20	PF02656.20
PF09449.16	PF09449.16
PF09633.15	PF09633.15
PF09630.15	PF09630.15
PF09634.15	PF09634.15
PF09641.16	PF09641.16
PF09640.15	PF09640.15
PF09667.15	PF09667.15
PF09592.15	PF09592.15
PF10217.14	PF10217.14
PF09740.14	PF09740.14
PF09741.14	PF09741.14
PF09755.14	PF09755.14
PF09767.14	PF09767.14
PF09829.14	PF09829.14
PF09831.14	PF09831.14
PF09832.14	PF09832.14
PF09834.14	PF09834.14
PF09835.14	PF09835.14
PF09836.14	PF09836.14
PF09837.15	PF09837.15
PF09838.14	PF09838.14
PF09839.14	PF09839.14
PF09840.14	PF09840.14
PF09842.14	PF09842.14
PF09843.14	PF09843.14
PF09844.14	PF09844.14
PF09849.14	PF09849.14
PF09852.15	PF09852.15
PF09853.14	PF09853.14
PF09858.14	PF09858.14
PF09860.14	PF09860.14
PF09862.15	PF09862.15
PF04747.17	PF04747.17
PF19615.4	PF19615.4
PF19616.4	PF19616.4
PF19617.4	PF19617.4
PF19618.4	PF19618.4
PF19619.4	PF19619.4
PF19620.4	PF19620.4
PF19621.4	PF19621.4
PF19622.4	PF19622.4
PF19623.4	PF19623.4
PF19624.4	PF19624.4
PF04764.17	PF04764.17
PF19625.5	PF19625.5
PF19626.4	PF19626.4
PF19628.4	PF19628.4
PF19629.4	PF19629.4
PF19630.5	PF19630.5
PF19632.4	PF19632.4
PF19634.4	PF19634.4
PF19635.4	PF19635.4
PF19636.4	PF19636.4
PF19637.4	PF19637.4
PF19638.4	PF19638.4
PF19639.4	PF19639.4
PF19640.4	PF19640.4
PF19641.4	PF19641.4
PF19642.4	PF19642.4
PF19643.4	PF19643.4
PF19644.4	PF19644.4
PF19645.4	PF19645.4
PF19646.4	PF19646.4
PF19647.4	PF19647.4
PF19648.5	PF19648.5
PF19649.4	PF19649.4
PF19650.4	PF19650.4
PF19651.4	PF19651.4
PF19652.4	PF19652.4
PF19653.4	PF19653.4
PF19654.4	PF19654.4
PF19655.4	PF19655.4
PF19656.5	PF19656.5
PF19657.4	PF19657.4
PF19658.4	PF19658.4
PF19659.4	PF19659.4
PF19660.4	PF19660.4
PF19661.4	PF19661.4
PF19662.4	PF19662.4
PF19663.4	PF19663.4
PF19664.4	PF19664.4
PF19665.4	PF19665.4
PF19666.4	PF19666.4
PF04759.18	PF04759.18
PF19667.4	PF19667.4
PF19668.4	PF19668.4
PF19669.4	PF19669.4
PF19670.4	PF19670.4
PF19671.4	PF19671.4
PF19672.4	PF19672.4
PF19673.4	PF19673.4
PF19674.4	PF19674.4
PF19676.4	PF19676.4
PF19677.4	PF19677.4
PF19678.4	PF19678.4
PF19679.4	PF19679.4
PF19680.4	PF19680.4
PF19681.4	PF19681.4
PF19682.4	PF19682.4
PF19683.4	PF19683.4
PF19684.4	PF19684.4
PF19685.4	PF19685.4
PF19686.4	PF19686.4
PF19688.4	PF19688.4
PF19689.4	PF19689.4
PF19690.4	PF19690.4
PF19691.4	PF19691.4
PF19692.4	PF19692.4
PF19694.4	PF19694.4
PF19695.4	PF19695.4
PF19696.4	PF19696.4
PF19698.5	PF19698.5
PF19700.5	PF19700.5
PF19701.4	PF19701.4
PF04788.19	PF04788.19
PF19702.4	PF19702.4
PF19703.4	PF19703.4
PF19705.4	PF19705.4
PF19706.4	PF19706.4
PF19707.4	PF19707.4
PF19708.4	PF19708.4
PF19709.4	PF19709.4
PF19711.4	PF19711.4
PF19713.4	PF19713.4
PF19714.4	PF19714.4
PF04789.21	PF04789.21
PF19715.4	PF19715.4
PF19716.4	PF19716.4
PF19717.4	PF19717.4
PF19719.4	PF19719.4
PF19720.4	PF19720.4
PF19721.4	PF19721.4
PF24318.1	PF24318.1
PF24319.2	PF24319.2
PF24320.1	PF24320.1
PF24321.1	PF24321.1
PF24323.1	PF24323.1
PF24325.1	PF24325.1
PF24326.1	PF24326.1
PF24327.1	PF24327.1
PF24328.1	PF24328.1
PF24330.1	PF24330.1
PF24332.1	PF24332.1
PF24333.1	PF24333.1
PF24334.1	PF24334.1
PF24335.1	PF24335.1
PF24336.1	PF24336.1
PF24337.1	PF24337.1
PF24338.1	PF24338.1
PF24346.1	PF24346.1
PF24346.1	PF01345.24
PF24348.1	PF24348.1
PF24349.1	PF24349.1
PF05421.16	PF05421.16
PF24350.1	PF24350.1
PF24351.1	PF24351.1
PF24352.1	PF24352.1
PF24353.1	PF24353.1
PF24355.1	PF24355.1
PF24359.1	PF24359.1
PF24360.1	PF24360.1
PF24361.1	PF24361.1
PF24362.1	PF24362.1
PF24363.1	PF24363.1
PF24364.1	PF24364.1
PF24365.1	PF24365.1
PF24366.1	PF24366.1
PF24367.1	PF24367.1
PF24368.1	PF24368.1
PF24369.1	PF24369.1
PF24370.1	PF24370.1
PF24371.1	PF24371.1
PF24372.1	PF24372.1
PF24373.1	PF24373.1
PF05444.18	PF05444.18
PF24374.1	PF24374.1
PF24375.1	PF24375.1
PF24376.1	PF24376.1
PF24377.1	PF24377.1
PF24378.1	PF24378.1
PF24379.1	PF24379.1
PF24380.1	PF24380.1
PF24381.1	PF24381.1
PF24382.1	PF24382.1
PF24383.1	PF24383.1
PF24386.1	PF24386.1
PF24396.1	PF24396.1
PF24398.1	PF24398.1
PF24399.1	PF24399.1
PF24400.1	PF24400.1
PF24411.1	PF24411.1
PF24412.1	PF24412.1
PF24414.1	PF24414.1
PF24416.1	PF24416.1
PF24417.1	PF24417.1
PF05501.16	PF05501.16
PF24418.1	PF24418.1
PF24420.1	PF24420.1
PF24422.1	PF24422.1
PF24430.1	PF24430.1
PF24431.1	PF24431.1
PF24432.1	PF24432.1
PF24433.1	PF24433.1
PF24434.1	PF24434.1
PF24439.1	PF24439.1
PF24440.1	PF24440.1
PF24441.1	PF24441.1
PF24442.1	PF24442.1
PF24443.1	PF24443.1
PF24444.1	PF24444.1
PF24445.1	PF24445.1
PF24446.1	PF24446.1
PF24450.1	PF24450.1
PF24451.1	PF24451.1
PF24452.1	PF24452.1
PF24453.1	PF24453.1
PF24454.1	PF24454.1
PF24455.1	PF24455.1
PF24457.1	PF24457.1
PF24458.1	PF24458.1
PF24459.1	PF24459.1
PF24461.1	PF24461.1
PF24463.1	PF24463.1
PF24463.1	PF24460.1
PF24466.1	PF24466.1
PF24474.1	PF24474.1
PF05527.16	PF05527.16
PF24476.1	PF24476.1
PF24483.1	PF24483.1
PF24486.1	PF24486.1
PF24488.1	PF24488.1
PF24490.1	PF24490.1
PF24491.1	PF24491.1
PF14436.11	PF14436.11
PF12195.14	PF12195.14
PF12217.14	PF12217.14
PF12218.14	PF12218.14
PF12219.14	PF12219.14
PF10525.14	PF10525.14
PF13864.11	PF13864.11
PF07055.18	PF07055.18
PF12242.14	PF12242.14
PF08247.16	PF08247.16
PF03386.19	PF03386.19
PF00113.28	PF00113.28
PF18374.6	PF18374.6
PF03952.21	PF03952.21
PF23267.1	PF23267.1
PF12241.14	PF12241.14
PF03735.19	PF03735.19
PF08951.15	PF08951.15
PF08085.16	PF08085.16
PF11806.14	PF11806.14
PF01375.23	PF01375.23
PF01376.23	PF01376.23
PF08090.16	PF08090.16
PF02048.21	PF02048.21
PF01417.26	PF01417.26
PF09590.15	PF09590.15
PF10163.14	PF10163.14
PF12326.13	PF12326.13
PF15790.10	PF15790.10
PF21283.2	PF21283.2
PF18635.6	PF18635.6
PF00811.25	PF00811.25
PF17181.9	PF17181.9
PF14575.11	PF14575.11
PF00812.23	PF00812.23
PF01404.25	PF01404.25
PF07699.19	PF07699.19
PF14654.11	PF14654.11
PF05647.16	PF05647.16
PF01370.27	PF01370.27
PF02350.25	PF02350.25
PF10992.13	PF10992.13
PF10513.14	PF10513.14
PF20430.3	PF20430.3
PF04315.17	PF04315.17
PF15223.11	PF15223.11
PF09067.16	PF09067.16
PF00758.23	PF00758.23
PF07268.16	PF07268.16
PF22975.2	PF22975.2
PF14897.12	PF14897.12
PF08998.16	PF08998.16
PF00275.25	PF00275.25
PF08019.17	PF08019.17
PF03736.22	PF03736.22
PF11772.13	PF11772.13
PF08135.16	PF08135.16
PF06502.16	PF06502.16
PF01133.22	PF01133.22
PF11838.14	PF11838.14
PF12497.13	PF12497.13
PF16203.11	PF16203.11
PF02732.21	PF02732.21
PF04404.17	PF04404.17
PF03463.20	PF03463.20
PF03464.20	PF03464.20
PF03465.20	PF03465.20
PF10256.14	PF10256.14
PF03694.18	PF03694.18
PF04622.18	PF04622.18
PF01222.22	PF01222.22
PF13850.11	PF13850.11
PF15002.11	PF15002.11
PF06308.16	PF06308.16
PF20491.3	PF20491.3
PF22249.1	PF22249.1
PF22248.1	PF22248.1
PF00769.24	PF00769.24
PF20492.3	PF20492.3
PF04137.20	PF04137.20
PF07749.17	PF07749.17
PF07912.19	PF07912.19
PF06780.16	PF06780.16
PF04148.18	PF04148.18
PF06722.18	PF06722.18
PF21036.3	PF21036.3
PF09277.16	PF09277.16
PF06795.16	PF06795.16
PF05139.19	PF05139.19
PF16915.10	PF16915.10
PF08051.16	PF08051.16
PF08057.16	PF08057.16
PF00810.23	PF00810.23
PF09751.14	PF09751.14
PF03238.18	PF03238.18
PF05871.18	PF05871.18
PF18209.6	PF18209.6
PF15952.10	PF15952.10
PF16590.10	PF16590.10
PF03433.18	PF03433.18
PF15242.11	PF15242.11
PF15396.11	PF15396.11
PF14967.11	PF14967.11
PF14650.11	PF14650.11
PF16046.10	PF16046.10
PF14904.11	PF14904.11
PF14648.11	PF14648.11
PF14647.11	PF14647.11
PF06730.16	PF06730.16
PF21315.3	PF21315.3
PF21169.3	PF21169.3
PF21170.4	PF21170.4
PF15146.11	PF15146.11
PF24783.1	PF24783.1
PF03511.20	PF03511.20
PF24781.2	PF24781.2
PF15751.10	PF15751.10
PF14631.11	PF14631.11
PF15124.11	PF15124.11
PF11107.14	PF11107.14
PF14679.12	PF14679.12
PF14680.12	PF14680.12
PF14675.12	PF14675.12
PF14674.12	PF14674.12
PF14676.12	PF14676.12
PF14677.12	PF14677.12
PF14678.12	PF14678.12
PF11793.14	PF11793.14
PF09765.14	PF09765.14
PF18890.5	PF18890.5
PF18891.5	PF18891.5
PF16783.10	PF16783.10
PF15865.11	PF15865.11
PF02106.20	PF02106.20
PF18081.7	PF18081.7
PF16350.10	PF16350.10
PF07174.17	PF07174.17
PF12018.13	PF12018.13
PF22071.2	PF22071.2
PF22072.2	PF22072.2
PF03961.19	PF03961.19
PF20250.3	PF20250.3
PF01149.29	PF01149.29
PF21025.2	PF21025.2
PF04750.19	PF04750.19
PF03101.21	PF03101.21
PF01581.21	PF01581.21
PF08354.15	PF08354.15
PF13452.11	PF13452.11
PF22235.1	PF22235.1
PF02469.27	PF02469.27
PF06268.19	PF06268.19
PF06743.20	PF06743.20
PF08368.17	PF08368.17
PF18325.7	PF18325.7
PF22690.1	PF22690.1
PF18314.6	PF18314.6
PF17951.6	PF17951.6
PF17828.6	PF17828.6
PF21149.3	PF21149.3
PF02259.29	PF02259.29
PF02260.25	PF02260.25
PF19333.4	PF19333.4
PF23404.1	PF23404.1
PF23398.1	PF23398.1
PF00487.30	PF00487.30
PF03405.20	PF03405.20
PF11510.14	PF11510.14
PF04116.19	PF04116.19
PF02504.20	PF02504.20
PF04300.19	PF04300.19
PF07734.18	PF07734.18
PF07735.22	PF07735.22
PF08268.17	PF08268.17
PF08387.15	PF08387.15
PF21007.2	PF21007.2
PF19270.4	PF19270.4
PF00316.25	PF00316.25
PF06874.16	PF06874.16
PF01950.21	PF01950.21
PF18913.5	PF18913.5
PF03320.18	PF03320.18
PF22443.2	PF22443.2
PF17845.7	PF17845.7
PF16571.11	PF16571.11
PF07367.17	PF07367.17
PF22592.2	PF22592.2
PF07729.17	PF07729.17
PF04900.18	PF04900.18
PF08698.16	PF08698.16
PF00611.28	PF00611.28
PF10862.14	PF10862.14
PF09309.15	PF09309.15
PF09242.17	PF09242.17
PF21706.3	PF21706.3
PF12892.13	PF12892.13
PF15215.11	PF15215.11
PF09532.15	PF09532.15
PF02634.21	PF02634.21
PF24860.1	PF24860.1
PF24859.1	PF24859.1
PF04216.18	PF04216.18
PF11390.13	PF11390.13
PF05523.17	PF05523.17
PF03147.19	PF03147.19
PF13685.12	PF13685.12
PF13685.12	PF00465.25
PF04384.18	PF04384.18
PF01521.26	PF01521.26
PF07692.16	PF07692.16
PF01032.23	PF01032.23
PF04773.18	PF04773.18
PF16344.10	PF16344.10
PF21926.2	PF21926.2
PF09252.15	PF09252.15
PF02388.22	PF02388.22
PF04339.18	PF04339.18
PF04023.20	PF04023.20
PF12669.12	PF12669.12
PF07664.17	PF07664.17
PF17910.6	PF17910.6
PF02421.24	PF02421.24
PF09012.16	PF09012.16
PF00111.32	PF00111.32
PF01799.25	PF01799.25
PF13085.11	PF13085.11
PF13510.11	PF13510.11
PF04324.20	PF04324.20
PF13247.11	PF13247.11
PF13353.11	PF13353.11
PF13370.11	PF13370.11
PF13484.11	PF13484.11
PF13746.11	PF13746.11
PF06902.16	PF06902.16
PF12797.12	PF12797.12
PF14691.11	PF14691.11
PF14697.11	PF14697.11
PF14697.11	PF13459.11
PF17179.9	PF17179.9
PF18009.6	PF18009.6
PF18109.6	PF18109.6
PF12798.12	PF12798.12
PF12798.12	PF12800.12
PF12801.12	PF12801.12
PF12837.12	PF12837.12
PF12837.12	PF00037.32
PF12838.12	PF12838.12
PF12838.12	PF13237.11
PF12838.12	PF13187.11
PF13183.11	PF13183.11
PF13183.11	PF13534.11
PF05187.19	PF05187.19
PF22151.2	PF22151.2
PF00142.24	PF00142.24
PF22117.2	PF22117.2
PF04068.21	PF04068.21
PF08165.16	PF08165.16
PF08150.17	PF08150.17
PF08151.17	PF08151.17
PF16165.10	PF16165.10
PF09380.16	PF09380.16
PF21998.2	PF21998.2
PF21477.3	PF21477.3
PF16511.11	PF16511.11
PF18379.6	PF18379.6
PF18377.6	PF18377.6
PF00373.23	PF00373.23
PF09379.16	PF09379.16
PF18038.7	PF18038.7
PF16947.10	PF16947.10
PF01794.25	PF01794.25
PF00210.30	PF00210.30
PF12902.13	PF12902.13
PF13668.12	PF13668.12
PF00762.24	PF00762.24
PF22148.1	PF22148.1
PF22349.1	PF22349.1
PF04060.18	PF04060.18
PF08609.16	PF08609.16
PF01883.24	PF01883.24
PF02941.21	PF02941.21
PF02943.20	PF02943.20
PF07763.18	PF07763.18
PF06818.20	PF06818.20
PF05996.17	PF05996.17
PF01325.25	PF01325.25
PF02742.21	PF02742.21
PF22609.1	PF22609.1
PF02906.19	PF02906.19
PF02256.22	PF02256.22
PF01846.25	PF01846.25
PF25432.1	PF25432.1
PF23083.1	PF23083.1
PF01839.29	PF01839.29
PF14312.12	PF14312.12
PF13517.12	PF13517.12
PF18072.6	PF18072.6
PF18076.6	PF18076.6
PF22689.1	PF22689.1
PF05013.17	PF05013.17
PF16797.11	PF16797.11
PF07938.18	PF07938.18
PF18647.6	PF18647.6
PF12709.12	PF12709.12
PF04082.23	PF04082.23
PF11951.13	PF11951.13
PF22144.1	PF22144.1
PF21685.2	PF21685.2
PF10917.13	PF10917.13
PF20684.3	PF20684.3
PF05933.18	PF05933.18
PF01475.25	PF01475.25
PF00757.25	PF00757.25
PF15913.10	PF15913.10
PF13076.11	PF13076.11
PF13040.11	PF13040.11
PF04632.18	PF04632.18
PF12805.13	PF12805.13
PF12981.12	PF12981.12
PF12982.12	PF12982.12
PF12983.12	PF12983.12
PF12984.12	PF12984.12
PF12985.13	PF12985.13
PF12986.12	PF12986.12
PF12987.12	PF12987.12
PF12989.12	PF12989.12
PF12990.12	PF12990.12
PF12991.12	PF12991.12
PF12992.12	PF12992.12
PF12993.12	PF12993.12
PF12994.12	PF12994.12
PF12995.12	PF12995.12
PF12996.13	PF12996.13
PF12997.12	PF12997.12
PF07066.17	PF07066.17
PF13024.11	PF13024.11
PF13021.12	PF13021.12
PF13025.11	PF13025.11
PF13026.12	PF13026.12
PF13027.11	PF13027.11
PF13028.12	PF13028.12
PF04087.19	PF04087.19
PF13029.11	PF13029.11
PF13030.11	PF13030.11
PF13031.12	PF13031.12
PF13033.11	PF13033.11
PF13034.12	PF13034.12
PF13035.11	PF13035.11
PF13037.11	PF13037.11
PF13038.11	PF13038.11
PF13039.11	PF13039.11
PF13042.11	PF13042.11
PF13043.11	PF13043.11
PF13045.11	PF13045.11
PF13046.11	PF13046.11
PF13047.11	PF13047.11
PF13048.12	PF13048.12
PF13077.11	PF13077.11
PF13049.11	PF13049.11
PF13050.11	PF13050.11
PF13051.11	PF13051.11
PF13052.11	PF13052.11
PF13053.11	PF13053.11
PF13054.11	PF13054.11
PF13079.11	PF13079.11
PF13055.11	PF13055.11
PF13056.11	PF13056.11
PF13057.11	PF13057.11
PF13058.12	PF13058.12
PF13060.11	PF13060.11
PF13059.11	PF13059.11
PF13061.11	PF13061.11
PF13062.12	PF13062.12
PF13063.11	PF13063.11
PF13080.11	PF13080.11
PF13064.11	PF13064.11
PF13065.11	PF13065.11
PF13066.11	PF13066.11
PF13067.11	PF13067.11
PF13082.11	PF13082.11
PF13068.11	PF13068.11
PF13069.11	PF13069.11
PF13070.11	PF13070.11
PF13071.11	PF13071.11
PF13073.11	PF13073.11
PF13074.11	PF13074.11
PF13075.11	PF13075.11
PF13081.11	PF13081.11
PF13078.11	PF13078.11
PF13084.11	PF13084.11
PF13099.11	PF13099.11
PF13101.12	PF13101.12
PF13135.11	PF13135.11
PF13134.11	PF13134.11
PF13133.11	PF13133.11
PF13132.12	PF13132.12
PF13131.11	PF13131.11
PF13130.11	PF13130.11
PF13129.11	PF13129.11
PF13128.11	PF13128.11
PF13127.11	PF13127.11
PF13104.11	PF13104.11
PF13125.11	PF13125.11
PF13105.11	PF13105.11
PF13142.11	PF13142.11
PF13106.11	PF13106.11
PF13124.11	PF13124.11
PF13107.11	PF13107.11
PF13112.11	PF13112.11
PF13110.11	PF13110.11
PF13152.11	PF13152.11
PF13108.11	PF13108.11
PF04149.17	PF04149.17
PF13113.11	PF13113.11
PF13118.11	PF13118.11
PF13119.11	PF13119.11
PF13120.11	PF13120.11
PF13126.11	PF13126.11
PF13121.11	PF13121.11
PF13122.11	PF13122.11
PF13123.11	PF13123.11
PF13141.11	PF13141.11
PF13140.11	PF13140.11
PF13139.11	PF13139.11
PF13138.11	PF13138.11
PF13137.11	PF13137.11
PF13136.11	PF13136.11
PF13153.11	PF13153.11
PF13143.11	PF13143.11
PF13148.11	PF13148.11
PF13151.12	PF13151.12
PF13154.11	PF13154.11
PF13158.11	PF13158.11
PF13159.12	PF13159.12
PF13160.11	PF13160.11
PF13161.12	PF13161.12
PF13162.11	PF13162.11
PF13163.11	PF13163.11
PF13170.11	PF13170.11
PF13171.11	PF13171.11
PF13178.11	PF13178.11
PF13179.11	PF13179.11
PF13182.11	PF13182.11
PF04165.18	PF04165.18
PF13194.11	PF13194.11
PF13195.11	PF13195.11
PF13196.11	PF13196.11
PF13197.11	PF13197.11
PF13198.11	PF13198.11
PF13200.12	PF13200.12
PF13209.11	PF13209.11
PF13210.11	PF13210.11
PF13211.12	PF13211.12
PF04167.18	PF04167.18
PF13212.11	PF13212.11
PF13213.11	PF13213.11
PF13214.11	PF13214.11
PF13215.11	PF13215.11
PF13216.11	PF13216.11
PF13217.11	PF13217.11
PF22789.1	PF22789.1
PF13218.11	PF13218.11
PF13219.11	PF13219.11
PF13220.11	PF13220.11
PF13221.11	PF13221.11
PF13222.11	PF13222.11
PF13223.11	PF13223.11
PF13224.11	PF13224.11
PF13226.11	PF13226.11
PF13228.11	PF13228.11
PF13250.11	PF13250.11
PF13251.12	PF13251.12
PF13253.11	PF13253.11
PF13254.11	PF13254.11
PF13255.11	PF13255.11
PF13256.11	PF13256.11
PF13257.11	PF13257.11
PF13258.11	PF13258.11
PF13261.11	PF13261.11
PF13262.11	PF13262.11
PF13264.11	PF13264.11
PF13265.11	PF13265.11
PF13266.11	PF13266.11
PF13267.11	PF13267.11
PF13268.11	PF13268.11
PF04175.17	PF04175.17
PF13269.11	PF13269.11
PF13271.11	PF13271.11
PF13273.12	PF13273.12
PF13282.11	PF13282.11
PF13284.11	PF13284.11
PF13285.11	PF13285.11
PF13293.11	PF13293.11
PF13294.11	PF13294.11
PF13295.11	PF13295.11
PF13300.11	PF13300.11
PF13301.11	PF13301.11
PF13311.11	PF13311.11
PF13312.11	PF13312.11
PF13313.11	PF13313.11
PF13314.11	PF13314.11
PF13321.11	PF13321.11
PF13315.11	PF13315.11
PF14491.11	PF14491.11
PF14494.11	PF14494.11
PF14499.12	PF14499.12
PF14505.12	PF14505.12
PF20999.2	PF20999.2
PF14530.12	PF14530.12
PF04285.18	PF04285.18
PF14536.11	PF14536.11
PF14539.12	PF14539.12
PF14544.11	PF14544.11
PF14563.12	PF14563.12
PF14584.11	PF14584.11
PF14590.12	PF14590.12
PF04286.17	PF04286.17
PF14614.12	PF14614.12
PF14618.11	PF14618.11
PF14627.12	PF14627.12
PF14628.11	PF14628.11
PF14643.11	PF14643.11
PF14644.11	PF14644.11
PF14652.11	PF14652.11
PF14660.12	PF14660.12
PF14673.11	PF14673.11
PF04287.17	PF04287.17
PF14687.11	PF14687.11
PF14688.11	PF14688.11
PF14692.11	PF14692.11
PF14713.11	PF14713.11
PF14717.12	PF14717.12
PF14725.11	PF14725.11
PF14729.13	PF14729.13
PF14730.11	PF14730.11
PF14734.12	PF14734.12
PF14737.11	PF14737.11
PF14740.11	PF14740.11
PF14739.11	PF14739.11
PF14747.11	PF14747.11
PF14751.11	PF14751.11
PF14771.11	PF14771.11
PF14793.11	PF14793.11
PF14794.11	PF14794.11
PF20766.2	PF20766.2
PF04289.18	PF04289.18
PF14800.11	PF14800.11
PF14831.11	PF14831.11
PF14846.11	PF14846.11
PF14868.11	PF14868.11
PF14869.12	PF14869.12
PF14879.11	PF14879.11
PF14898.11	PF14898.11
PF14899.11	PF14899.11
PF14900.11	PF14900.11
PF14902.11	PF14902.11
PF14906.12	PF14906.12
PF14937.11	PF14937.11
PF14946.11	PF14946.11
PF14950.11	PF14950.11
PF14951.11	PF14951.11
PF14953.11	PF14953.11
PF14956.11	PF14956.11
PF14969.11	PF14969.11
PF14975.11	PF14975.11
PF14986.11	PF14986.11
PF14988.11	PF14988.11
PF14990.11	PF14990.11
PF15006.11	PF15006.11
PF15008.12	PF15008.12
PF15012.11	PF15012.11
PF15022.11	PF15022.11
PF15023.12	PF15023.12
PF15030.11	PF15030.11
PF15031.11	PF15031.11
PF15032.11	PF15032.11
PF15039.11	PF15039.11
PF15046.11	PF15046.11
PF15047.11	PF15047.11
PF15049.11	PF15049.11
PF15054.11	PF15054.11
PF15055.11	PF15055.11
PF15057.12	PF15057.12
PF15061.11	PF15061.11
PF04304.18	PF04304.18
PF15076.11	PF15076.11
PF15078.11	PF15078.11
PF15080.11	PF15080.11
PF15081.11	PF15081.11
PF15082.11	PF15082.11
PF04305.20	PF04305.20
PF15084.11	PF15084.11
PF15087.11	PF15087.11
PF15090.11	PF15090.11
PF15091.11	PF15091.11
PF15094.12	PF15094.12
PF15112.11	PF15112.11
PF04306.18	PF04306.18
PF15118.11	PF15118.11
PF15123.11	PF15123.11
PF15130.11	PF15130.11
PF15131.11	PF15131.11
PF24733.1	PF24733.1
PF24734.1	PF24734.1
PF24735.1	PF24735.1
PF24736.1	PF24736.1
PF24737.1	PF24737.1
PF24738.1	PF24738.1
PF05590.16	PF05590.16
PF24739.1	PF24739.1
PF24740.1	PF24740.1
PF24743.1	PF24743.1
PF24745.1	PF24745.1
PF24746.1	PF24746.1
PF24749.2	PF24749.2
PF24751.1	PF24751.1
PF24752.1	PF24752.1
PF24753.1	PF24753.1
PF24766.1	PF24766.1
PF24777.1	PF24777.1
PF24792.1	PF24792.1
PF24800.1	PF24800.1
PF24802.1	PF24802.1
PF24803.1	PF24803.1
PF24804.1	PF24804.1
PF24806.1	PF24806.1
PF24808.1	PF24808.1
PF24809.1	PF24809.1
PF24813.1	PF24813.1
PF05595.16	PF05595.16
PF24819.1	PF24819.1
PF24821.1	PF24821.1
PF24822.1	PF24822.1
PF24828.1	PF24828.1
PF24830.1	PF24830.1
PF24831.1	PF24831.1
PF24832.1	PF24832.1
PF24835.1	PF24835.1
PF24839.1	PF24839.1
PF24841.1	PF24841.1
PF05598.16	PF05598.16
PF24843.1	PF24843.1
PF24845.1	PF24845.1
PF24847.1	PF24847.1
PF24848.1	PF24848.1
PF24849.1	PF24849.1
PF24851.1	PF24851.1
PF24852.1	PF24852.1
PF24853.1	PF24853.1
PF24854.1	PF24854.1
PF24855.1	PF24855.1
PF24864.1	PF24864.1
PF24865.1	PF24865.1
PF24866.1	PF24866.1
PF24867.1	PF24867.1
PF24869.1	PF24869.1
PF24870.1	PF24870.1
PF24875.1	PF24875.1
PF24879.1	PF24879.1
PF24880.1	PF24880.1
PF24881.1	PF24881.1
PF24886.1	PF24886.1
PF24888.1	PF24888.1
PF24891.1	PF24891.1
PF24893.1	PF24893.1
PF24897.1	PF24897.1
PF24924.1	PF24924.1
PF24925.1	PF24925.1
PF24927.1	PF24927.1
PF24928.1	PF24928.1
PF24930.1	PF24930.1
PF24933.1	PF24933.1
PF24934.1	PF24934.1
PF24936.1	PF24936.1
PF24937.1	PF24937.1
PF24938.1	PF24938.1
PF24939.1	PF24939.1
PF24941.1	PF24941.1
PF24944.1	PF24944.1
PF24945.1	PF24945.1
PF05604.16	PF05604.16
PF24949.1	PF24949.1
PF24952.1	PF24952.1
PF24953.1	PF24953.1
PF24954.1	PF24954.1
PF24958.1	PF24958.1
PF24960.1	PF24960.1
PF24962.1	PF24962.1
PF24963.1	PF24963.1
PF24964.1	PF24964.1
PF05606.16	PF05606.16
PF24968.1	PF24968.1
PF24974.1	PF24974.1
PF24977.1	PF24977.1
PF24982.1	PF24982.1
PF24983.1	PF24983.1
PF24985.1	PF24985.1
PF24989.1	PF24989.1
PF24992.1	PF24992.1
PF24998.1	PF24998.1
PF25000.1	PF25000.1
PF25002.1	PF25002.1
PF06160.17	PF06160.17
PF20431.4	PF20431.4
PF06752.17	PF06752.17
PF06360.16	PF06360.16
PF09645.16	PF09645.16
PF22194.2	PF22194.2
PF01267.22	PF01267.22
PF00646.38	PF00646.38
PF00646.38	PF12937.12
PF13013.11	PF13013.11
PF15966.10	PF15966.10
PF18511.6	PF18511.6
PF00469.25	PF00469.25
PF10791.14	PF10791.14
PF04075.20	PF04075.20
PF01996.21	PF01996.21
PF03807.23	PF03807.23
PF24469.2	PF24469.2
PF00754.31	PF00754.31
PF22633.2	PF22633.2
PF08736.16	PF08736.16
PF01557.24	PF01557.24
PF09298.16	PF09298.16
PF18288.6	PF18288.6
PF07977.19	PF07977.19
PF21607.2	PF21607.2
PF22046.2	PF22046.2
PF14826.12	PF14826.12
PF21688.3	PF21688.3
PF02913.24	PF02913.24
PF12318.13	PF12318.13
PF09403.15	PF09403.15
PF07840.17	PF07840.17
PF22607.2	PF22607.2
PF00667.26	PF00667.26
PF00890.30	PF00890.30
PF01494.25	PF01494.25
PF01565.28	PF01565.28
PF00941.27	PF00941.27
PF00970.30	PF00970.30
PF03441.19	PF03441.19
PF08022.18	PF08022.18
PF08021.17	PF08021.17
PF12831.13	PF12831.13
PF18371.6	PF18371.6
PF06574.18	PF06574.18
PF08714.17	PF08714.17
PF08392.18	PF08392.18
PF04703.18	PF04703.18
PF11250.13	PF11250.13
PF21021.3	PF21021.3
PF06905.18	PF06905.18
PF04385.20	PF04385.20
PF13684.11	PF13684.11
PF21645.3	PF21645.3
PF24159.1	PF24159.1
PF15068.11	PF15068.11
PF15434.11	PF15434.11
PF14160.11	PF14160.11
PF14161.11	PF14161.11
PF15388.11	PF15388.11
PF15067.11	PF15067.11
PF15010.11	PF15010.11
PF15722.10	PF15722.10
PF10595.14	PF10595.14
PF15069.11	PF15069.11
PF14981.11	PF14981.11
PF11652.13	PF11652.13
PF20771.2	PF20771.2
PF10577.15	PF10577.15
PF14851.11	PF14851.11
PF14774.11	PF14774.11
PF15173.11	PF15173.11
PF14886.12	PF14886.12
PF15665.10	PF15665.10
PF20865.2	PF20865.2
PF20870.2	PF20870.2
PF20869.2	PF20869.2
PF10187.15	PF10187.15
PF15914.10	PF15914.10
PF14977.11	PF14977.11
PF14799.11	PF14799.11
PF15265.11	PF15265.11
PF15051.11	PF15051.11
PF15814.10	PF15814.10
PF15206.11	PF15206.11
PF06702.18	PF06702.18
PF06916.18	PF06916.18
PF15342.11	PF15342.11
PF15107.11	PF15107.11
PF15344.11	PF15344.11
PF15260.11	PF15260.11
PF15487.11	PF15487.11
PF14753.11	PF14753.11
PF15258.11	PF15258.11
PF15193.11	PF15193.11
PF15825.10	PF15825.10
PF15832.10	PF15832.10
PF08555.15	PF08555.15
PF14642.11	PF14642.11
PF15975.10	PF15975.10
PF16982.10	PF16982.10
PF02662.21	PF02662.21
PF05202.17	PF05202.17
PF04964.19	PF04964.19
PF03930.20	PF03930.20
PF24686.1	PF24686.1
PF02947.19	PF02947.19
PF17891.6	PF17891.6
PF04772.17	PF04772.17
PF02942.19	PF02942.19
PF03506.19	PF03506.19
PF03555.19	PF03555.19
PF00598.24	PF00598.24
PF08289.16	PF08289.16
PF00599.22	PF00599.22
PF00506.23	PF00506.23
PF00600.24	PF00600.24
PF00601.24	PF00601.24
PF00603.23	PF00603.23
PF00602.22	PF00602.22
PF20947.2	PF20947.2
PF20948.2	PF20948.2
PF20949.2	PF20949.2
PF20950.2	PF20950.2
PF00604.22	PF00604.22
PF20951.2	PF20951.2
PF20952.2	PF20952.2
PF14282.11	PF14282.11
PF04500.22	PF04500.22
PF15423.11	PF15423.11
PF16662.10	PF16662.10
PF03069.20	PF03069.20
PF02663.19	PF02663.19
PF09766.14	PF09766.14
PF04205.19	PF04205.19
PF04299.18	PF04299.18
PF01070.24	PF01070.24
PF03358.20	PF03358.20
PF03358.20	PF02525.22
PF00743.25	PF00743.25
PF17315.7	PF17315.7
PF07091.17	PF07091.17
PF24329.1	PF24329.1
PF00039.24	PF00039.24
PF23003.2	PF23003.2
PF00040.24	PF00040.24
PF00041.27	PF00041.27
PF24171.1	PF24171.1
PF24170.1	PF24170.1
PF24169.1	PF24169.1
PF14310.12	PF14310.12
PF16893.11	PF16893.11
PF14686.12	PF14686.12
PF16794.11	PF16794.11
PF06280.18	PF06280.18
PF17766.7	PF17766.7
PF18447.7	PF18447.7
PF23374.1	PF23374.1
PF13287.12	PF13287.12
PF13287.12	PF13290.12
PF24942.1	PF24942.1
PF24943.1	PF24943.1
PF25300.1	PF25300.1
PF24946.1	PF24946.1
PF24940.1	PF24940.1
PF24950.1	PF24950.1
PF25059.1	PF25059.1
PF22986.3	PF22986.3
PF24031.1	PF24031.1
PF24221.1	PF24221.1
PF17808.7	PF17808.7
PF23144.1	PF23144.1
PF23008.3	PF23008.3
PF23376.1	PF23376.1
PF17742.6	PF17742.6
PF24424.1	PF24424.1
PF24801.1	PF24801.1
PF05725.18	PF05725.18
PF14638.11	PF14638.11
PF14637.11	PF14637.11
PF14636.12	PF14636.12
PF25028.1	PF25028.1
PF02986.19	PF02986.19
PF03274.19	PF03274.19
PF03408.20	PF03408.20
PF11229.14	PF11229.14
PF03623.18	PF03623.18
PF21182.2	PF21182.2
PF15888.10	PF15888.10
PF11817.14	PF11817.14
PF09254.17	PF09254.17
PF02981.21	PF02981.21
PF16902.11	PF16902.11
PF02980.22	PF02980.22
PF01770.24	PF01770.24
PF03024.20	PF03024.20
PF02152.23	PF02152.23
PF11704.13	PF11704.13
PF16692.10	PF16692.10
PF09289.16	PF09289.16
PF09398.16	PF09398.16
PF24984.1	PF24984.1
PF24987.1	PF24987.1
PF13513.12	PF13513.12
PF23271.1	PF23271.1
PF24916.1	PF24916.1
PF23243.1	PF23243.1
PF25468.1	PF25468.1
PF24566.1	PF24566.1
PF25018.1	PF25018.1
PF21047.3	PF21047.3
PF23210.1	PF23210.1
PF25385.1	PF25385.1
PF23221.1	PF23221.1
PF23227.1	PF23227.1
PF23300.2	PF23300.2
PF03130.22	PF03130.22
PF23096.1	PF23096.1
PF16507.11	PF16507.11
PF24571.2	PF24571.2
PF18817.7	PF18817.7
PF23606.1	PF23606.1
PF15353.11	PF15353.11
PF00632.30	PF00632.30
PF09814.14	PF09814.14
PF18436.6	PF18436.6
PF16562.11	PF16562.11
PF19191.5	PF19191.5
PF12661.13	PF12661.13
PF12949.13	PF12949.13
PF21268.3	PF21268.3
PF00271.37	PF00271.37
PF13307.12	PF13307.12
PF13625.11	PF13625.11
PF13871.12	PF13871.12
PF21280.2	PF21280.2
PF12462.13	PF12462.13
PF18149.6	PF18149.6
PF11408.13	PF11408.13
PF18761.7	PF18761.7
PF14214.11	PF14214.11
PF14479.11	PF14479.11
PF03451.21	PF03451.21
PF17312.8	PF17312.8
PF02602.20	PF02602.20
PF00509.23	PF00509.23
PF03996.21	PF03996.21
PF02710.19	PF02710.19
PF08720.15	PF08720.15
PF11545.14	PF11545.14
PF01814.28	PF01814.28
PF01126.25	PF01126.25
PF06969.22	PF06969.22
PF03723.20	PF03723.20
PF00372.24	PF00372.24
PF03722.19	PF03722.19
PF00353.25	PF00353.25
PF12563.13	PF12563.13
PF00045.24	PF00045.24
PF21944.1	PF21944.1
PF10636.14	PF10636.14
PF04375.19	PF04375.19
PF07219.19	PF07219.19
PF12623.12	PF12623.12
PF18441.6	PF18441.6
PF21224.3	PF21224.3
PF22032.1	PF22032.1
PF07940.18	PF07940.18
PF16889.11	PF16889.11
PF00906.25	PF00906.25
PF06446.17	PF06446.17
PF18675.7	PF18675.7
PF05168.19	PF05168.19
PF18867.6	PF18867.6
PF18732.6	PF18732.6
PF18734.6	PF18734.6
PF18728.6	PF18728.6
PF18739.6	PF18739.6
PF18730.6	PF18730.6
PF18738.6	PF18738.6
PF18733.6	PF18733.6
PF18737.6	PF18737.6
PF18870.6	PF18870.6
PF18735.6	PF18735.6
PF18725.6	PF18725.6
PF18726.6	PF18726.6
PF18729.6	PF18729.6
PF18731.6	PF18731.6
PF18871.6	PF18871.6
PF07307.16	PF07307.16
PF09272.15	PF09272.15
PF01934.22	PF01934.22
PF20797.2	PF20797.2
PF07052.16	PF07052.16
PF08290.16	PF08290.16
PF05872.18	PF05872.18
PF21591.2	PF21591.2
PF22231.2	PF22231.2
PF09241.15	PF09241.15
PF21323.2	PF21323.2
PF21322.2	PF21322.2
PF21326.4	PF21326.4
PF06293.20	PF06293.20
PF11004.14	PF11004.14
PF03814.21	PF03814.21
PF02669.20	PF02669.20
PF02702.23	PF02702.23
PF04962.18	PF04962.18
PF18758.7	PF18758.7
PF08552.16	PF08552.16
PF19311.4	PF19311.4
PF01344.31	PF01344.31
PF01344.31	PF07646.21
PF01344.31	PF13964.12
PF13415.12	PF13415.12
PF13418.12	PF13418.12
PF25210.1	PF25210.1
PF13854.13	PF13854.13
PF24681.1	PF24681.1
PF15796.10	PF15796.10
PF02422.21	PF02422.21
PF16208.10	PF16208.10
PF16210.10	PF16210.10
PF09775.14	PF09775.14
PF01500.22	PF01500.22
PF13885.11	PF13885.11
PF04579.17	PF04579.17
PF00109.32	PF00109.32
PF13723.12	PF13723.12
PF02801.28	PF02801.28
PF11740.13	PF11740.13
PF18790.7	PF18790.7
PF10937.13	PF10937.13
PF10685.14	PF10685.14
PF08872.15	PF08872.15
PF22675.2	PF22675.2
PF11834.13	PF11834.13
PF25270.1	PF25270.1
PF00013.35	PF00013.35
PF22952.2	PF22952.2
PF23469.1	PF23469.1
PF07650.23	PF07650.23
PF13184.12	PF13184.12
PF15985.11	PF15985.11
PF17904.7	PF17904.7
PF22985.3	PF22985.3
PF24234.1	PF24234.1
PF24471.1	PF24471.1
PF24638.1	PF24638.1
PF24641.1	PF24641.1
PF14714.11	PF14714.11
PF21718.4	PF21718.4
PF09869.16	PF09869.16
PF22801.2	PF22801.2
PF21482.3	PF21482.3
PF22467.3	PF22467.3
PF17905.7	PF17905.7
PF13083.13	PF13083.13
PF17903.8	PF17903.8
PF21800.4	PF21800.4
PF24563.1	PF24563.1
PF23050.1	PF23050.1
PF23052.1	PF23052.1
PF20704.4	PF20704.4
PF23095.1	PF23095.1
PF23084.1	PF23084.1
PF23248.1	PF23248.1
PF23249.1	PF23249.1
PF23251.1	PF23251.1
PF23252.1	PF23252.1
PF23253.1	PF23253.1
PF23254.1	PF23254.1
PF22891.2	PF22891.2
PF14611.13	PF14611.13
PF20777.4	PF20777.4
PF17214.9	PF17214.9
PF24668.1	PF24668.1
PF08065.17	PF08065.17
PF23620.1	PF23620.1
PF23597.1	PF23597.1
PF15369.11	PF15369.11
PF12877.12	PF12877.12
PF23450.1	PF23450.1
PF03882.20	PF03882.20
PF02524.19	PF02524.19
PF12423.13	PF12423.13
PF23203.1	PF23203.1
PF23204.1	PF23204.1
PF22923.1	PF22923.1
PF23735.1	PF23735.1
PF04383.19	PF04383.19
PF14531.12	PF14531.12
PF18762.7	PF18762.7
PF03618.20	PF03618.20
PF16767.10	PF16767.10
PF16474.11	PF16474.11
PF18124.7	PF18124.7
PF00225.29	PF00225.29
PF16183.10	PF16183.10
PF07747.16	PF07747.16
PF02219.23	PF02219.23
PF19345.5	PF19345.5
PF21895.1	PF21895.1
PF21550.3	PF21550.3
PF22002.1	PF22002.1
PF05068.17	PF05068.17
PF05369.18	PF05369.18
PF03083.21	PF03083.21
PF12808.12	PF12808.12
PF11865.14	PF11865.14
PF03821.22	PF03821.22
PF10558.14	PF10558.14
PF22600.2	PF22600.2
PF19444.4	PF19444.4
PF10429.15	PF10429.15
PF21408.2	PF21408.2
PF13234.12	PF13234.12
PF04208.19	PF04208.19
PF05440.17	PF05440.17
PF11854.14	PF11854.14
PF04211.18	PF04211.18
PF22113.1	PF22113.1
PF22111.2	PF22111.2
PF04207.17	PF04207.17
PF04206.17	PF04206.17
PF09472.15	PF09472.15
PF22118.2	PF22118.2
PF04210.18	PF04210.18
PF02007.24	PF02007.24
PF05175.20	PF05175.20
PF08468.16	PF08468.16
PF06253.16	PF06253.16
PF22121.2	PF22121.2
PF22433.2	PF22433.2
PF05405.19	PF05405.19
PF05873.17	PF05873.17
PF15704.10	PF15704.10
PF05374.17	PF05374.17
PF10124.15	PF10124.15
PF10123.14	PF10123.14
PF09299.17	PF09299.17
PF22483.2	PF22483.2
PF15474.11	PF15474.11
PF18221.6	PF18221.6
PF21824.1	PF21824.1
PF06458.18	PF06458.18
PF17965.7	PF17965.7
PF03888.20	PF03888.20
PF17188.9	PF17188.9
PF01456.22	PF01456.22
PF16058.10	PF16058.10
PF15672.10	PF15672.10
PF13330.11	PF13330.11
PF03272.18	PF03272.18
PF21823.1	PF21823.1
PF17966.7	PF17966.7
PF18819.6	PF18819.6
PF13455.12	PF13455.12
PF13455.12	PF10544.15
PF08593.16	PF08593.16
PF24919.1	PF24919.1
PF10291.14	PF10291.14
PF04310.18	PF04310.18
PF16330.10	PF16330.10
PF04288.19	PF04288.19
PF17193.9	PF17193.9
PF17192.9	PF17192.9
PF10551.15	PF10551.15
PF13447.11	PF13447.11
PF00893.25	PF00893.25
PF14452.12	PF14452.12
PF20884.3	PF20884.3
PF06292.23	PF06292.23
PF05913.16	PF05913.16
PF19200.6	PF19200.6
PF11860.13	PF11860.13
PF02873.21	PF02873.21
PF21799.2	PF21799.2
PF21377.3	PF21377.3
PF03023.19	PF03023.19
PF08353.15	PF08353.15
PF01225.30	PF01225.30
PF02875.26	PF02875.26
PF08245.18	PF08245.18
PF09462.15	PF09462.15
PF21136.3	PF21136.3
PF11037.13	PF11037.13
PF06588.17	PF06588.17
PF15682.10	PF15682.10
PF01927.22	PF01927.22
PF20700.3	PF20700.3
PF14942.11	PF14942.11
PF02976.21	PF02976.21
PF13941.12	PF13941.12
PF08676.16	PF08676.16
PF01624.25	PF01624.25
PF05188.22	PF05188.22
PF05192.23	PF05192.23
PF05190.23	PF05190.23
PF00488.27	PF00488.27
PF22709.1	PF22709.1
PF15515.12	PF15515.12
PF22055.1	PF22055.1
PF09452.15	PF09452.15
PF22193.1	PF22193.1
PF22700.2	PF22700.2
PF12151.13	PF12151.13
PF11978.13	PF11978.13
PF15879.10	PF15879.10
PF21439.2	PF21439.2
PF11441.14	PF11441.14
PF25473.1	PF25473.1
PF17536.7	PF17536.7
PF14379.11	PF14379.11
PF11831.13	PF11831.13
PF00249.37	PF00249.37
PF23082.1	PF23082.1
PF21227.3	PF21227.3
PF12776.13	PF12776.13
PF13837.12	PF13837.12
PF13873.12	PF13873.12
PF13921.12	PF13921.12
PF15963.11	PF15963.11
PF22980.2	PF22980.2
PF08914.17	PF08914.17
PF02344.20	PF02344.20
PF14646.12	PF14646.12
PF17843.6	PF17843.6
PF24191.1	PF24191.1
PF05423.18	PF05423.18
PF01732.22	PF01732.22
PF20614.3	PF20614.3
PF05481.17	PF05481.17
PF09610.15	PF09610.15
PF05692.17	PF05692.17
PF01056.23	PF01056.23
PF15179.11	PF15179.11
PF10570.14	PF10570.14
PF01669.22	PF01669.22
PF01275.24	PF01275.24
PF15004.11	PF15004.11
PF12232.13	PF12232.13
PF03690.18	PF03690.18
PF24324.1	PF24324.1
PF16735.10	PF16735.10
PF22773.1	PF22773.1
PF21521.3	PF21521.3
PF15929.10	PF15929.10
PF16521.10	PF16521.10
PF00063.27	PF00063.27
PF02736.25	PF02736.25
PF01576.24	PF01576.24
PF06017.19	PF06017.19
PF24123.1	PF24123.1
PF06602.19	PF06602.19
PF13887.11	PF13887.11
PF08474.16	PF08474.16
PF00784.22	PF00784.22
PF10690.14	PF10690.14
PF09369.15	PF09369.15
PF22806.1	PF22806.1
PF17491.7	PF17491.7
PF12938.12	PF12938.12
PF22837.1	PF22837.1
PF20757.2	PF20757.2
PF22805.1	PF22805.1
PF09113.15	PF09113.15
PF09112.15	PF09112.15
PF25032.1	PF25032.1
PF11764.13	PF11764.13
PF07923.18	PF07923.18
PF23111.1	PF23111.1
PF11438.13	PF11438.13
PF21894.1	PF21894.1
PF10237.15	PF10237.15
PF02384.22	PF02384.22
PF01555.25	PF01555.25
PF22722.2	PF22722.2
PF22723.2	PF22723.2
PF22739.2	PF22739.2
PF04245.18	PF04245.18
PF15508.11	PF15508.11
PF04902.17	PF04902.17
PF11517.13	PF11517.13
PF22683.2	PF22683.2
PF21803.3	PF21803.3
PF18260.7	PF18260.7
PF10567.14	PF10567.14
PF07990.17	PF07990.17
PF01849.23	PF01849.23
PF05729.18	PF05729.18
PF17100.10	PF17100.10
PF17106.10	PF17106.10
PF23114.1	PF23114.1
PF10712.14	PF10712.14
PF18782.7	PF18782.7
PF18782.7	PF18772.7
PF18782.7	PF08210.17
PF18782.7	PF18778.7
PF06235.16	PF06235.16
PF02445.21	PF02445.21
PF08719.17	PF08719.17
PF22397.2	PF22397.2
PF07461.18	PF07461.18
PF25302.1	PF25302.1
PF10588.14	PF10588.14
PF16514.10	PF16514.10
PF10785.14	PF10785.14
PF06455.17	PF06455.17
PF10125.14	PF10125.14
PF00146.26	PF00146.26
PF12155.13	PF12155.13
PF14987.11	PF14987.11
PF10589.14	PF10589.14
PF14813.11	PF14813.11
PF06444.17	PF06444.17
PF09326.16	PF09326.16
PF15088.11	PF15088.11
PF08040.16	PF08040.16
PF11497.13	PF11497.13
PF12853.12	PF12853.12
PF21953.1	PF21953.1
PF08414.16	PF08414.16
PF00175.26	PF00175.26
PF23313.1	PF23313.1
PF12729.13	PF12729.13
PF04476.19	PF04476.19
PF18671.6	PF18671.6
PF17837.6	PF17837.6
PF05902.18	PF05902.18
PF01812.26	PF01812.26
PF06189.17	PF06189.17
PF09038.16	PF09038.16
PF21432.3	PF21432.3
PF03491.18	PF03491.18
PF07694.17	PF07694.17
PF25221.1	PF25221.1
PF01367.25	PF01367.25
PF02739.22	PF02739.22
PF05761.20	PF05761.20
PF02872.23	PF02872.23
PF02096.25	PF02096.25
PF01591.24	PF01591.24
PF00393.24	PF00393.24
PF22242.1	PF22242.1
PF23022.3	PF23022.3
PF23021.3	PF23021.3
PF25323.1	PF25323.1
PF02294.24	PF02294.24
PF07698.17	PF07698.17
PF07696.17	PF07696.17
PF07695.17	PF07695.17
PF07697.16	PF07697.16
PF00001.26	PF00001.26
PF00002.29	PF00002.29
PF00003.28	PF00003.28
PF13853.12	PF13853.12
PF02949.25	PF02949.25
PF08395.17	PF08395.17
PF02117.22	PF02117.22
PF10292.15	PF10292.15
PF02175.22	PF02175.22
PF10316.15	PF10316.15
PF10317.15	PF10317.15
PF10318.15	PF10318.15
PF10152.14	PF10152.14
PF15236.11	PF15236.11
PF15374.11	PF15374.11
PF15818.10	PF15818.10
PF14917.11	PF14917.11
PF14968.11	PF14968.11
PF10226.14	PF10226.14
PF07798.16	PF07798.16
PF14916.11	PF14916.11
PF09762.14	PF09762.14
PF21673.2	PF21673.2
PF23626.1	PF23626.1
PF15482.11	PF15482.11
PF02754.22	PF02754.22
PF25491.1	PF25491.1
PF25445.1	PF25445.1
PF21595.3	PF21595.3
PF16942.10	PF16942.10
PF16545.11	PF16545.11
PF03379.19	PF03379.19
PF04995.19	PF04995.19
PF20077.4	PF20077.4
PF03100.22	PF03100.22
PF16327.10	PF16327.10
PF03918.19	PF03918.19
PF03150.19	PF03150.19
PF15748.10	PF15748.10
PF15013.11	PF15013.11
PF06203.19	PF06203.19
PF24889.1	PF24889.1
PF24850.1	PF24850.1
PF23246.1	PF23246.1
PF24568.1	PF24568.1
PF14283.11	PF14283.11
PF23792.1	PF23792.1
PF04103.21	PF04103.21
PF04505.17	PF04505.17
PF14984.11	PF14984.11
PF06365.17	PF06365.17
PF01130.26	PF01130.26
PF09191.16	PF09191.16
PF12567.14	PF12567.14
PF04549.19	PF04549.19
PF15116.11	PF15116.11
PF25152.1	PF25152.1
PF12301.13	PF12301.13
PF19293.4	PF19293.4
PF06153.16	PF06153.16
PF10372.14	PF10372.14
PF16853.11	PF16853.11
PF18691.7	PF18691.7
PF18233.7	PF18233.7
PF08045.16	PF08045.16
PF06395.16	PF06395.16
PF17246.8	PF17246.8
PF17245.8	PF17245.8
PF17244.8	PF17244.8
PF09507.16	PF09507.16
PF08564.16	PF08564.16
PF08565.17	PF08565.17
PF03234.19	PF03234.19
PF02724.19	PF02724.19
PF02933.23	PF02933.23
PF02359.24	PF02359.24
PF16856.10	PF16856.10
PF03381.20	PF03381.20
PF22606.2	PF22606.2
PF09079.17	PF09079.17
PF22703.2	PF22703.2
PF05179.20	PF05179.20
PF16050.10	PF16050.10
PF18484.6	PF18484.6
PF23665.1	PF23665.1
PF11731.14	PF11731.14
PF24238.1	PF24238.1
PF02611.20	PF02611.20
PF16010.10	PF16010.10
PF18375.7	PF18375.7
PF18196.7	PF18196.7
PF03598.20	PF03598.20
PF03599.22	PF03599.22
PF02234.24	PF02234.24
PF18451.7	PF18451.7
PF18664.7	PF18664.7
PF21483.2	PF21483.2
PF12655.13	PF12655.13
PF07262.16	PF07262.16
PF18593.6	PF18593.6
PF18616.6	PF18616.6
PF18624.6	PF18624.6
PF24172.1	PF24172.1
PF18228.7	PF18228.7
PF21111.3	PF21111.3
PF09806.14	PF09806.14
PF05600.17	PF05600.17
PF03261.20	PF03261.20
PF05706.17	PF05706.17
PF05995.18	PF05995.18
PF01066.26	PF01066.26
PF08009.16	PF08009.16
PF07431.17	PF07431.17
PF23542.1	PF23542.1
PF07433.17	PF07433.17
PF07438.16	PF07438.16
PF07439.16	PF07439.16
PF07457.16	PF07457.16
PF07466.16	PF07466.16
PF07469.18	PF07469.18
PF07481.16	PF07481.16
PF07482.16	PF07482.16
PF07509.16	PF07509.16
PF07511.17	PF07511.17
PF07485.16	PF07485.16
PF07556.16	PF07556.16
PF07560.16	PF07560.16
PF07561.16	PF07561.16
PF07563.17	PF07563.17
PF07564.17	PF07564.17
PF07566.17	PF07566.17
PF07577.16	PF07577.16
PF07579.16	PF07579.16
PF02582.19	PF02582.19
PF07588.17	PF07588.17
PF07598.16	PF07598.16
PF07599.16	PF07599.16
PF07600.16	PF07600.16
PF07602.17	PF07602.17
PF07606.16	PF07606.16
PF07607.17	PF07607.17
PF07608.17	PF07608.17
PF07609.16	PF07609.16
PF07611.17	PF07611.17
PF07613.16	PF07613.16
PF07614.16	PF07614.16
PF07617.17	PF07617.17
PF07618.16	PF07618.16
PF07619.16	PF07619.16
PF07621.16	PF07621.16
PF07622.18	PF07622.18
PF20407.5	PF20407.5
PF07628.16	PF07628.16
PF07643.16	PF07643.16
PF07659.16	PF07659.16
PF01519.22	PF01519.22
PF07667.16	PF07667.16
PF07671.16	PF07671.16
PF07713.18	PF07713.18
PF07753.16	PF07753.16
PF07755.17	PF07755.17
PF17396.8	PF17396.8
PF07756.17	PF07756.17
PF07758.16	PF07758.16
PF07759.17	PF07759.17
PF07760.16	PF07760.16
PF07761.17	PF07761.17
PF07762.19	PF07762.19
PF07784.16	PF07784.16
PF07785.16	PF07785.16
PF07789.17	PF07789.17
PF07793.16	PF07793.16
PF07794.16	PF07794.16
PF07843.16	PF07843.16
PF07795.16	PF07795.16
PF07845.16	PF07845.16
PF07796.16	PF07796.16
PF07797.19	PF07797.19
PF07849.16	PF07849.16
PF07852.16	PF07852.16
PF07799.17	PF07799.17
PF07800.18	PF07800.18
PF07816.16	PF07816.16
PF07854.18	PF07854.18
PF07801.16	PF07801.16
PF07853.16	PF07853.16
PF07864.16	PF07864.16
PF07865.16	PF07865.16
PF07866.17	PF07866.17
PF07867.16	PF07867.16
PF07868.16	PF07868.16
PF07869.17	PF07869.17
PF07870.16	PF07870.16
PF07872.16	PF07872.16
PF02593.20	PF02593.20
PF07874.16	PF07874.16
PF07877.16	PF07877.16
PF07909.16	PF07909.16
PF07889.17	PF07889.17
PF07891.17	PF07891.17
PF07892.16	PF07892.16
PF07893.19	PF07893.19
PF02594.21	PF02594.21
PF07900.17	PF07900.17
PF07901.16	PF07901.16
PF07895.16	PF07895.16
PF07896.17	PF07896.17
PF07898.18	PF07898.18
PF07911.18	PF07911.18
PF07913.16	PF07913.16
PF07914.17	PF07914.17
PF11219.13	PF11219.13
PF11220.13	PF11220.13
PF11454.13	PF11454.13
PF11222.13	PF11222.13
PF11456.13	PF11456.13
PF03625.19	PF03625.19
PF11223.13	PF11223.13
PF11457.13	PF11457.13
PF11226.13	PF11226.13
PF11224.13	PF11224.13
PF11225.14	PF11225.14
PF11227.13	PF11227.13
PF11228.13	PF11228.13
PF11231.14	PF11231.14
PF11233.13	PF11233.13
PF11236.13	PF11236.13
PF11237.13	PF11237.13
PF11238.13	PF11238.13
PF11239.13	PF11239.13
PF11240.13	PF11240.13
PF11241.13	PF11241.13
PF11243.13	PF11243.13
PF11248.13	PF11248.13
PF11249.13	PF11249.13
PF11258.13	PF11258.13
PF17479.7	PF17479.7
PF03713.19	PF03713.19
PF11251.13	PF11251.13
PF11252.13	PF11252.13
PF11253.13	PF11253.13
PF11254.13	PF11254.13
PF11255.13	PF11255.13
PF11259.13	PF11259.13
PF11267.13	PF11267.13
PF11269.13	PF11269.13
PF11268.13	PF11268.13
PF11272.13	PF11272.13
PF11273.13	PF11273.13
PF11274.14	PF11274.14
PF11275.13	PF11275.13
PF11276.14	PF11276.14
PF11278.13	PF11278.13
PF03729.18	PF03729.18
PF11279.13	PF11279.13
PF11280.13	PF11280.13
PF11282.13	PF11282.13
PF11281.13	PF11281.13
PF11283.13	PF11283.13
PF11284.13	PF11284.13
PF11285.13	PF11285.13
PF11286.13	PF11286.13
PF11287.13	PF11287.13
PF11288.14	PF11288.14
PF03745.19	PF03745.19
PF11290.13	PF11290.13
PF11291.13	PF11291.13
PF11292.14	PF11292.14
PF11293.13	PF11293.13
PF11294.13	PF11294.13
PF11295.13	PF11295.13
PF11296.14	PF11296.14
PF22845.2	PF22845.2
PF11297.13	PF11297.13
PF11298.13	PF11298.13
PF11299.13	PF11299.13
PF11300.13	PF11300.13
PF11301.13	PF11301.13
PF11302.14	PF11302.14
PF11303.13	PF11303.13
PF11304.13	PF11304.13
PF11305.13	PF11305.13
PF11306.15	PF11306.15
PF21347.3	PF21347.3
PF11307.13	PF11307.13
PF11360.13	PF11360.13
PF11309.13	PF11309.13
PF11310.13	PF11310.13
PF11311.13	PF11311.13
PF11313.14	PF11313.14
PF11314.13	PF11314.13
PF11317.13	PF11317.13
PF11318.15	PF11318.15
PF11320.13	PF11320.13
PF11321.13	PF11321.13
PF11322.13	PF11322.13
PF11324.13	PF11324.13
PF11325.14	PF11325.14
PF11328.14	PF11328.14
PF11329.14	PF11329.14
PF11332.13	PF11332.13
PF11333.13	PF11333.13
PF11334.13	PF11334.13
PF11335.13	PF11335.13
PF11336.14	PF11336.14
PF11337.13	PF11337.13
PF11338.13	PF11338.13
PF11339.14	PF11339.14
PF11340.13	PF11340.13
PF11341.13	PF11341.13
PF11342.13	PF11342.13
PF17604.7	PF17604.7
PF17605.7	PF17605.7
PF17606.7	PF17606.7
PF17607.7	PF17607.7
PF17608.7	PF17608.7
PF17610.7	PF17610.7
PF17611.7	PF17611.7
PF17612.7	PF17612.7
PF17621.7	PF17621.7
PF17625.7	PF17625.7
PF04448.17	PF04448.17
PF17629.7	PF17629.7
PF17630.7	PF17630.7
PF17631.7	PF17631.7
PF17632.7	PF17632.7
PF17633.7	PF17633.7
PF17637.7	PF17637.7
PF17639.7	PF17639.7
PF17647.6	PF17647.6
PF17658.6	PF17658.6
PF17653.6	PF17653.6
PF17661.6	PF17661.6
PF17662.6	PF17662.6
PF17663.6	PF17663.6
PF17665.6	PF17665.6
PF17666.6	PF17666.6
PF17669.6	PF17669.6
PF04473.18	PF04473.18
PF17670.6	PF17670.6
PF17671.6	PF17671.6
PF17673.6	PF17673.6
PF17686.6	PF17686.6
PF17687.6	PF17687.6
PF17688.6	PF17688.6
PF17690.6	PF17690.6
PF17692.6	PF17692.6
PF17693.6	PF17693.6
PF04474.17	PF04474.17
PF17694.6	PF17694.6
PF17695.6	PF17695.6
PF17697.6	PF17697.6
PF17698.6	PF17698.6
PF17699.6	PF17699.6
PF17700.6	PF17700.6
PF17701.6	PF17701.6
PF17702.6	PF17702.6
PF04475.18	PF04475.18
PF17704.6	PF17704.6
PF17705.6	PF17705.6
PF17706.6	PF17706.6
PF17707.6	PF17707.6
PF17709.6	PF17709.6
PF17710.6	PF17710.6
PF17711.6	PF17711.6
PF17712.6	PF17712.6
PF17713.6	PF17713.6
PF17714.6	PF17714.6
PF17715.6	PF17715.6
PF17717.6	PF17717.6
PF17718.6	PF17718.6
PF17719.6	PF17719.6
PF17724.6	PF17724.6
PF17729.6	PF17729.6
PF17731.6	PF17731.6
PF17732.6	PF17732.6
PF17738.7	PF17738.7
PF20784.2	PF20784.2
PF20783.3	PF20783.3
PF17739.6	PF17739.6
PF17740.6	PF17740.6
PF17741.6	PF17741.6
PF17743.7	PF17743.7
PF20743.2	PF20743.2
PF20742.3	PF20742.3
PF17744.7	PF17744.7
PF20996.2	PF20996.2
PF17821.6	PF17821.6
PF17823.6	PF17823.6
PF17824.6	PF17824.6
PF17825.6	PF17825.6
PF17826.7	PF17826.7
PF04480.18	PF04480.18
PF17884.7	PF17884.7
PF17332.7	PF17332.7
PF18057.6	PF18057.6
PF18077.6	PF18077.6
PF18120.7	PF18120.7
PF18150.6	PF18150.6
PF18151.6	PF18151.6
PF18300.7	PF18300.7
PF18310.7	PF18310.7
PF18347.7	PF18347.7
PF18355.7	PF18355.7
PF18356.7	PF18356.7
PF18429.6	PF18429.6
PF04481.18	PF04481.18
PF18433.6	PF18433.6
PF18446.7	PF18446.7
PF18462.6	PF18462.6
PF18467.7	PF18467.7
PF19723.4	PF19723.4
PF19724.4	PF19724.4
PF19726.4	PF19726.4
PF19727.4	PF19727.4
PF19728.4	PF19728.4
PF19730.4	PF19730.4
PF19731.4	PF19731.4
PF19733.4	PF19733.4
PF19734.4	PF19734.4
PF19735.4	PF19735.4
PF19736.4	PF19736.4
PF19738.4	PF19738.4
PF19739.5	PF19739.5
PF19740.4	PF19740.4
PF19741.4	PF19741.4
PF19742.4	PF19742.4
PF19744.4	PF19744.4
PF19746.4	PF19746.4
PF19747.4	PF19747.4
PF19748.4	PF19748.4
PF19749.4	PF19749.4
PF19750.4	PF19750.4
PF19751.4	PF19751.4
PF19752.4	PF19752.4
PF04854.19	PF04854.19
PF19753.4	PF19753.4
PF19754.4	PF19754.4
PF19755.4	PF19755.4
PF19756.4	PF19756.4
PF19757.4	PF19757.4
PF19758.4	PF19758.4
PF19759.4	PF19759.4
PF19760.4	PF19760.4
PF19761.4	PF19761.4
PF19762.4	PF19762.4
PF19763.6	PF19763.6
PF19764.4	PF19764.4
PF19765.4	PF19765.4
PF19766.4	PF19766.4
PF19767.4	PF19767.4
PF19768.4	PF19768.4
PF19770.4	PF19770.4
PF19771.4	PF19771.4
PF19772.4	PF19772.4
PF19773.5	PF19773.5
PF19774.5	PF19774.5
PF19775.4	PF19775.4
PF19776.5	PF19776.5
PF19777.4	PF19777.4
PF19779.4	PF19779.4
PF19780.4	PF19780.4
PF19781.4	PF19781.4
PF19782.4	PF19782.4
PF19783.5	PF19783.5
PF19784.4	PF19784.4
PF04781.17	PF04781.17
PF19786.4	PF19786.4
PF19787.4	PF19787.4
PF19788.4	PF19788.4
PF19789.6	PF19789.6
PF19790.4	PF19790.4
PF19791.4	PF19791.4
PF19792.4	PF19792.4
PF19793.4	PF19793.4
PF19794.4	PF19794.4
PF19795.4	PF19795.4
PF19796.4	PF19796.4
PF19797.4	PF19797.4
PF19799.5	PF19799.5
PF19800.4	PF19800.4
PF19801.4	PF19801.4
PF19802.4	PF19802.4
PF19803.4	PF19803.4
PF19804.4	PF19804.4
PF19805.5	PF19805.5
PF19806.4	PF19806.4
PF04780.17	PF04780.17
PF19807.5	PF19807.5
PF19808.4	PF19808.4
PF19809.4	PF19809.4
PF22665.2	PF22665.2
PF19811.4	PF19811.4
PF19812.4	PF19812.4
PF19813.4	PF19813.4
PF19814.4	PF19814.4
PF19815.4	PF19815.4
PF19816.4	PF19816.4
PF01889.22	PF01889.22
PF04783.17	PF04783.17
PF19817.4	PF19817.4
PF19818.4	PF19818.4
PF19819.4	PF19819.4
PF19820.4	PF19820.4
PF19822.4	PF19822.4
PF19823.4	PF19823.4
PF19825.5	PF19825.5
PF19826.4	PF19826.4
PF19827.4	PF19827.4
PF19828.4	PF19828.4
PF19829.4	PF19829.4
PF00182.24	PF00182.24
PF00703.27	PF00703.27
PF00728.28	PF00728.28
PF02838.20	PF02838.20
PF01183.26	PF01183.26
PF02156.21	PF02156.21
PF00295.23	PF00295.23
PF02836.23	PF02836.23
PF02837.24	PF02837.24
PF22666.2	PF22666.2
PF00933.27	PF00933.27
PF02055.22	PF02055.22
PF17189.10	PF17189.10
PF01055.32	PF01055.32
PF21365.3	PF21365.3
PF08244.19	PF08244.19
PF00251.26	PF00251.26
PF01301.25	PF01301.25
PF17167.10	PF17167.10
PF16874.11	PF16874.11
PF16875.11	PF16875.11
PF18438.7	PF18438.7
PF07748.19	PF07748.19
PF01074.27	PF01074.27
PF01229.23	PF01229.23
PF21200.3	PF21200.3
PF01915.27	PF01915.27
PF02056.22	PF02056.22
PF02449.21	PF02449.21
PF08533.16	PF08533.16
PF08532.16	PF08532.16
PF04616.20	PF04616.20
PF12891.13	PF12891.13
PF02015.22	PF02015.22
PF01374.23	PF01374.23
PF01532.26	PF01532.26
PF02011.21	PF02011.21
PF03718.19	PF03718.19
PF17433.7	PF17433.7
PF11975.13	PF11975.13
PF03512.19	PF03512.19
PF07745.19	PF07745.19
PF01630.24	PF01630.24
PF03065.20	PF03065.20
PF02057.21	PF02057.21
PF17387.8	PF17387.8
PF21708.4	PF21708.4
PF18564.7	PF18564.7
PF01341.22	PF01341.22
PF03664.19	PF03664.19
PF03200.22	PF03200.22
PF16923.11	PF16923.11
PF16483.10	PF16483.10
PF03633.20	PF03633.20
PF03632.21	PF03632.21
PF03636.21	PF03636.21
PF13199.12	PF13199.12
PF07477.17	PF07477.17
PF07488.18	PF07488.18
PF03648.19	PF03648.19
PF02435.22	PF02435.22
PF00840.27	PF00840.27
PF02324.22	PF02324.22
PF03659.20	PF03659.20
PF03198.20	PF03198.20
PF07335.16	PF07335.16
PF03663.20	PF03663.20
PF02446.23	PF02446.23
PF21104.3	PF21104.3
PF16862.10	PF16862.10
PF03662.20	PF03662.20
PF01270.23	PF01270.23
PF13647.11	PF13647.11
PF03639.19	PF03639.19
PF21809.3	PF21809.3
PF03644.19	PF03644.19
PF07470.19	PF07470.19
PF00759.25	PF00759.25
PF07971.18	PF07971.18
PF17678.7	PF17678.7
PF21307.2	PF21307.2
PF22124.2	PF22124.2
PF10566.15	PF10566.15
PF08307.16	PF08307.16
PF08306.17	PF08306.17
PF16317.11	PF16317.11
PF11790.14	PF11790.14
PF12215.14	PF12215.14
PF14587.12	PF14587.12
PF17451.8	PF17451.8
PF14498.12	PF14498.12
PF18088.7	PF18088.7
PF10111.15	PF10111.15
PF13641.12	PF13641.12
PF13704.12	PF13704.12
PF13712.12	PF13712.12
PF00852.26	PF00852.26
PF01531.22	PF01531.22
PF01793.22	PF01793.22
PF04724.18	PF04724.18
PF12323.14	PF12323.14
PF19187.6	PF19187.6
PF17762.7	PF17762.7
PF05225.22	PF05225.22
PF23161.1	PF23161.1
PF18580.7	PF18580.7
PF23336.1	PF23336.1
PF01527.26	PF01527.26
PF13022.12	PF13022.12
PF20310.4	PF20310.4
PF13613.12	PF13613.12
PF12759.13	PF12759.13
PF01710.22	PF01710.22
PF13542.12	PF13542.12
PF02316.22	PF02316.22
PF09039.17	PF09039.17
PF11427.14	PF11427.14
PF01498.24	PF01498.24
PF21517.3	PF21517.3
PF03221.22	PF03221.22
PF24407.1	PF24407.1
PF02650.20	PF02650.20
PF17909.6	PF17909.6
PF09612.15	PF09612.15
PF04204.22	PF04204.22
PF05090.19	PF05090.19
PF20925.3	PF20925.3
PF20927.3	PF20927.3
PF12372.14	PF12372.14
PF20926.3	PF20926.3
PF18174.6	PF18174.6
PF18175.6	PF18175.6
PF14908.11	PF14908.11
PF18289.6	PF18289.6
PF14848.11	PF14848.11
PF18291.6	PF18291.6
PF15040.11	PF15040.11
PF05393.16	PF05393.16
PF08729.15	PF08729.15
PF04955.18	PF04955.18
PF13795.12	PF13795.12
PF01455.23	PF01455.23
PF04809.18	PF04809.18
PF04005.17	PF04005.17
PF05962.17	PF05962.17
PF22429.2	PF22429.2
PF22039.1	PF22039.1
PF09021.16	PF09021.16
PF11160.13	PF11160.13
PF24278.2	PF24278.2
PF23137.1	PF23137.1
PF24267.1	PF24267.1
PF21535.2	PF21535.2
PF24279.1	PF24279.1
PF24250.1	PF24250.1
PF07754.17	PF07754.17
PF24271.1	PF24271.1
PF24281.2	PF24281.2
PF25212.1	PF25212.1
PF25213.1	PF25213.1
PF24280.2	PF24280.2
PF25215.1	PF25215.1
PF25214.1	PF25214.1
PF09749.15	PF09749.15
PF20678.2	PF20678.2
PF17086.10	PF17086.10
PF07536.20	PF07536.20
PF01638.23	PF01638.23
PF13787.11	PF13787.11
PF07586.16	PF07586.16
PF07449.17	PF07449.17
PF07212.18	PF07212.18
PF11046.13	PF11046.13
PF09790.15	PF09790.15
PF07450.16	PF07450.16
PF01750.23	PF01750.23
PF01968.24	PF01968.24
PF02538.19	PF02538.19
PF19278.4	PF19278.4
PF05378.19	PF05378.19
PF18128.7	PF18128.7
PF18133.7	PF18133.7
PF17213.9	PF17213.9
PF22544.2	PF22544.2
PF22544.2	PF07610.17
PF00702.32	PF00702.32
PF00702.32	PF13419.12
PF07486.17	PF07486.17
PF08282.18	PF08282.18
PF13344.12	PF13344.12
PF13242.12	PF13242.12
PF01185.23	PF01185.23
PF06766.16	PF06766.16
PF14547.11	PF14547.11
PF22905.2	PF22905.2
PF06462.18	PF06462.18
PF15311.11	PF15311.11
PF01155.25	PF01155.25
PF01924.21	PF01924.21
PF17788.7	PF17788.7
PF22521.2	PF22521.2
PF03487.18	PF03487.18
PF18001.7	PF18001.7
PF02372.20	PF02372.20
PF06083.16	PF06083.16
PF16742.10	PF16742.10
PF16556.11	PF16556.11
PF16578.11	PF16578.11
PF15037.11	PF15037.11
PF02394.21	PF02394.21
PF00715.22	PF00715.22
PF14565.11	PF14565.11
PF16649.10	PF16649.10
PF15177.11	PF15177.11
PF18707.7	PF18707.7
PF15874.10	PF15874.10
PF02059.20	PF02059.20
PF15209.11	PF15209.11
PF15225.11	PF15225.11
PF15095.12	PF15095.12
PF15036.11	PF15036.11
PF18611.7	PF18611.7
PF21460.3	PF21460.3
PF00727.23	PF00727.23
PF09238.16	PF09238.16
PF18258.6	PF18258.6
PF02025.20	PF02025.20
PF00489.22	PF00489.22
PF09240.16	PF09240.16
PF01415.21	PF01415.21
PF00048.25	PF00048.25
PF01787.22	PF01787.22
PF15711.10	PF15711.10
PF10311.14	PF10311.14
PF08049.16	PF08049.16
PF00920.27	PF00920.27
PF08046.16	PF08046.16
PF24877.1	PF24877.1
PF09779.14	PF09779.14
PF12314.13	PF12314.13
PF08397.16	PF08397.16
PF24309.1	PF24309.1
PF05046.19	PF05046.19
PF12257.13	PF12257.13
PF23013.2	PF23013.2
PF24438.1	PF24438.1
PF10300.15	PF10300.15
PF15655.11	PF15655.11
PF15631.11	PF15631.11
PF14430.11	PF14430.11
PF15588.11	PF15588.11
PF07791.16	PF07791.16
PF15560.11	PF15560.11
PF15561.11	PF15561.11
PF15562.11	PF15562.11
PF15563.11	PF15563.11
PF14426.11	PF14426.11
PF15589.11	PF15589.11
PF15564.11	PF15564.11
PF15428.11	PF15428.11
PF15590.11	PF15590.11
PF14425.11	PF14425.11
PF15565.11	PF15565.11
PF15591.11	PF15591.11
PF15566.12	PF15566.12
PF09951.15	PF09951.15
PF24719.1	PF24719.1
PF15567.11	PF15567.11
PF15568.11	PF15568.11
PF15569.11	PF15569.11
PF15592.11	PF15592.11
PF15593.11	PF15593.11
PF15570.11	PF15570.11
PF15571.11	PF15571.11
PF15572.11	PF15572.11
PF15573.11	PF15573.11
PF15574.11	PF15574.11
PF15575.11	PF15575.11
PF14423.12	PF14423.12
PF15594.11	PF15594.11
PF15595.11	PF15595.11
PF15579.11	PF15579.11
PF15580.11	PF15580.11
PF15596.11	PF15596.11
PF15581.11	PF15581.11
PF15597.11	PF15597.11
PF21805.3	PF21805.3
PF14434.11	PF14434.11
PF15598.11	PF15598.11
PF15599.11	PF15599.11
PF15600.11	PF15600.11
PF15582.11	PF15582.11
PF15583.11	PF15583.11
PF15585.11	PF15585.11
PF15601.11	PF15601.11
PF15602.11	PF15602.11
PF15584.11	PF15584.11
PF15603.11	PF15603.11
PF15660.11	PF15660.11
PF15586.11	PF15586.11
PF15587.11	PF15587.11
PF11382.13	PF11382.13
PF04678.18	PF04678.18
PF12593.13	PF12593.13
PF19315.5	PF19315.5
PF06833.16	PF06833.16
PF10620.15	PF10620.15
PF20866.3	PF20866.3
PF18376.6	PF18376.6
PF15316.11	PF15316.11
PF02315.21	PF02315.21
PF21791.3	PF21791.3
PF15501.11	PF15501.11
PF12519.14	PF12519.14
PF08118.16	PF08118.16
PF07398.16	PF07398.16
PF11716.13	PF11716.13
PF21108.3	PF21108.3
PF04349.18	PF04349.18
PF11542.13	PF11542.13
PF18514.6	PF18514.6
PF06433.17	PF06433.17
PF02975.19	PF02975.19
PF06910.16	PF06910.16
PF03308.22	PF03308.22
PF22214.1	PF22214.1
PF05389.17	PF05389.17
PF05223.17	PF05223.17
PF09773.14	PF09773.14
PF10744.14	PF10744.14
PF09748.14	PF09748.14
PF10280.14	PF10280.14
PF09497.15	PF09497.15
PF12145.13	PF12145.13
PF12144.13	PF12144.13
PF06333.17	PF06333.17
PF11597.13	PF11597.13
PF08638.16	PF08638.16
PF25069.2	PF25069.2
PF21539.2	PF21539.2
PF05397.17	PF05397.17
PF21538.2	PF21538.2
PF09606.15	PF09606.15
PF20718.2	PF20718.2
PF20719.2	PF20719.2
PF11635.14	PF11635.14
PF10156.14	PF10156.14
PF09637.15	PF09637.15
PF10278.14	PF10278.14
PF11214.13	PF11214.13
PF08612.16	PF08612.16
PF11221.13	PF11221.13
PF06179.17	PF06179.17
PF11573.13	PF11573.13
PF11277.13	PF11277.13
PF11232.14	PF11232.14
PF11235.13	PF11235.13
PF11265.14	PF11265.14
PF08711.16	PF08711.16
PF15693.10	PF15693.10
PF15694.10	PF15694.10
PF11571.13	PF11571.13
PF11594.13	PF11594.13
PF11568.13	PF11568.13
PF11593.13	PF11593.13
PF11315.13	PF11315.13
PF05669.17	PF05669.17
PF10018.14	PF10018.14
PF08689.15	PF08689.15
PF04934.19	PF04934.19
PF05983.16	PF05983.16
PF10232.14	PF10232.14
PF07544.18	PF07544.18
PF14417.12	PF14417.12
PF09047.15	PF09047.15
PF24153.1	PF24153.1
PF17560.7	PF17560.7
PF13971.11	PF13971.11
PF10376.14	PF10376.14
PF17021.10	PF17021.10
PF15189.11	PF15189.11
PF15163.11	PF15163.11
PF03525.20	PF03525.20
PF16493.11	PF16493.11
PF08670.17	PF08670.17
PF19431.4	PF19431.4
PF06236.17	PF06236.17
PF08189.16	PF08189.16
PF02065.24	PF02065.24
PF16499.11	PF16499.11
PF17450.8	PF17450.8
PF17801.7	PF17801.7
PF01372.22	PF01372.22
PF19221.5	PF19221.5
PF15402.11	PF15402.11
PF09746.14	PF09746.14
PF14564.11	PF14564.11
PF01875.22	PF01875.22
PF02964.21	PF02964.21
PF03547.23	PF03547.23
PF21508.2	PF21508.2
PF23532.1	PF23532.1
PF23533.1	PF23533.1
PF23483.1	PF23483.1
PF23534.1	PF23534.1
PF23535.1	PF23535.1
PF23537.1	PF23537.1
PF23496.1	PF23496.1
PF23501.1	PF23501.1
PF23503.1	PF23503.1
PF23510.1	PF23510.1
PF23511.1	PF23511.1
PF23512.1	PF23512.1
PF23513.1	PF23513.1
PF24004.1	PF24004.1
PF16796.11	PF16796.11
PF13931.11	PF13931.11
PF04687.17	PF04687.17
PF04726.19	PF04726.19
PF04517.17	PF04517.17
PF17018.10	PF17018.10
PF12929.12	PF12929.12
PF04478.17	PF04478.17
PF21297.3	PF21297.3
PF18296.6	PF18296.6
PF18157.6	PF18157.6
PF16026.10	PF16026.10
PF19426.4	PF19426.4
PF01187.23	PF01187.23
PF15624.11	PF15624.11
PF14877.11	PF14877.11
PF02854.25	PF02854.25
PF09088.17	PF09088.17
PF09090.17	PF09090.17
PF05644.16	PF05644.16
PF07395.17	PF07395.17
PF10265.14	PF10265.14
PF15734.10	PF15734.10
PF12448.13	PF12448.13
PF19117.5	PF19117.5
PF21491.2	PF21491.2
PF06789.17	PF06789.17
PF22948.1	PF22948.1
PF03775.22	PF03775.22
PF05209.18	PF05209.18
PF22642.1	PF22642.1
PF13898.11	PF13898.11
PF04424.19	PF04424.19
PF03776.19	PF03776.19
PF21950.2	PF21950.2
PF10665.14	PF10665.14
PF11114.13	PF11114.13
PF06763.17	PF06763.17
PF20809.2	PF20809.2
PF20808.2	PF20808.2
PF20810.2	PF20810.2
PF21719.3	PF21719.3
PF21720.4	PF21720.4
PF05153.21	PF05153.21
PF00230.25	PF00230.25
PF10243.14	PF10243.14
PF17749.6	PF17749.6
PF00685.33	PF00685.33
PF03567.20	PF03567.20
PF13469.12	PF13469.12
PF17784.7	PF17784.7
PF19798.5	PF19798.5
PF12193.13	PF12193.13
PF04143.19	PF04143.19
PF09037.16	PF09037.16
PF03856.18	PF03856.18
PF22157.2	PF22157.2
PF11414.13	PF11414.13
PF11479.13	PF11479.13
PF06687.17	PF06687.17
PF09312.16	PF09312.16
PF13623.11	PF13623.11
PF13624.11	PF13624.11
PF01975.23	PF01975.23
PF02104.20	PF02104.20
PF05477.16	PF05477.16
PF02077.20	PF02077.20
PF04935.17	PF04935.17
PF22343.1	PF22343.1
PF01617.23	PF01617.23
PF11054.14	PF11054.14
PF09006.16	PF09006.16
PF07712.18	PF07712.18
PF01805.25	PF01805.25
PF12741.13	PF12741.13
PF12771.13	PF12771.13
PF14322.12	PF14322.12
PF07980.17	PF07980.17
PF14292.12	PF14292.12
PF17142.10	PF17142.10
PF16411.10	PF16411.10
PF23915.1	PF23915.1
PF20756.2	PF20756.2
PF00084.26	PF00084.26
PF09014.16	PF09014.16
PF24862.1	PF24862.1
PF24861.2	PF24861.2
PF20661.2	PF20661.2
PF12513.15	PF12513.15
PF18147.6	PF18147.6
PF18114.7	PF18114.7
PF12752.12	PF12752.12
PF12901.12	PF12901.12
PF05326.17	PF05326.17
PF08622.16	PF08622.16
PF17187.10	PF17187.10
PF15811.11	PF15811.11
PF12113.13	PF12113.13
PF20888.2	PF20888.2
PF17381.7	PF17381.7
PF10578.14	PF10578.14
PF15430.11	PF15430.11
PF22081.2	PF22081.2
PF25123.1	PF25123.1
PF24707.1	PF24707.1
PF17330.7	PF17330.7
PF20497.3	PF20497.3
PF08549.15	PF08549.15
PF18766.7	PF18766.7
PF07962.17	PF07962.17
PF07061.16	PF07061.16
PF18530.7	PF18530.7
PF02201.23	PF02201.23
PF04434.22	PF04434.22
PF04433.23	PF04433.23
PF16495.10	PF16495.10
PF16496.10	PF16496.10
PF16498.10	PF16498.10
PF17083.10	PF17083.10
PF13753.12	PF13753.12
PF17423.7	PF17423.7
PF21693.2	PF21693.2
PF19588.4	PF19588.4
PF04099.18	PF04099.18
PF15233.11	PF15233.11
PF18581.7	PF18581.7
PF18584.7	PF18584.7
PF07348.17	PF07348.17
PF08231.17	PF08231.17
PF02383.23	PF02383.23
PF08845.15	PF08845.15
PF11935.14	PF11935.14
PF12295.13	PF12295.13
PF05835.17	PF05835.17
PF02078.22	PF02078.22
PF02750.19	PF02750.19
PF10581.14	PF10581.14
PF00957.27	PF00957.27
PF15191.11	PF15191.11
PF15138.11	PF15138.11
PF01034.25	PF01034.25
PF18048.7	PF18048.7
PF21366.3	PF21366.3
PF13729.12	PF13729.12
PF16673.10	PF16673.10
PF23651.1	PF23651.1
PF12696.13	PF12696.13
PF07916.16	PF07916.16
PF06122.16	PF06122.16
PF06871.16	PF06871.16
PF22351.2	PF22351.2
PF22287.2	PF22287.2
PF07514.17	PF07514.17
PF18340.7	PF18340.7
PF07515.17	PF07515.17
PF07057.17	PF07057.17
PF22232.2	PF22232.2
PF22863.1	PF22863.1
PF20739.2	PF20739.2
PF23536.1	PF23536.1
PF06586.17	PF06586.17
PF07178.16	PF07178.16
PF13150.11	PF13150.11
PF01938.26	PF01938.26
PF18693.7	PF18693.7
PF03798.21	PF03798.21
PF11507.13	PF11507.13
PF04949.18	PF04949.18
PF01709.26	PF01709.26
PF02458.20	PF02458.20
PF00405.22	PF00405.22
PF06495.16	PF06495.16
PF00927.28	PF00927.28
PF01841.26	PF01841.26
PF13369.12	PF13369.12
PF13471.12	PF13471.12
PF14400.11	PF14400.11
PF00868.26	PF00868.26
PF09017.16	PF09017.16
PF00912.28	PF00912.28
PF06737.19	PF06737.19
PF04226.18	PF04226.18
PF02780.25	PF02780.25
PF22613.1	PF22613.1
PF00456.26	PF00456.26
PF02779.29	PF02779.29
PF01818.22	PF01818.22
PF01997.21	PF01997.21
PF09799.14	PF09799.14
PF00905.27	PF00905.27
PF11431.13	PF11431.13
PF01359.24	PF01359.24
PF02371.22	PF02371.22
PF02992.20	PF02992.20
PF02994.20	PF02994.20
PF03017.19	PF03017.19
PF03004.19	PF03004.19
PF04195.17	PF04195.17
PF21804.3	PF21804.3
PF04754.18	PF04754.18
PF20167.3	PF20167.3
PF00872.24	PF00872.24
PF12508.14	PF12508.14
PF13963.11	PF13963.11
PF02133.21	PF02133.21
PF18791.7	PF18791.7
PF04236.20	PF04236.20
PF00576.27	PF00576.27
PF16805.11	PF16805.11
PF00486.34	PF00486.34
PF20109.4	PF20109.4
PF10626.15	PF10626.15
PF07296.16	PF07296.16
PF05404.17	PF05404.17
PF07074.17	PF07074.17
PF04051.21	PF04051.21
PF23652.1	PF23652.1
PF15806.11	PF15806.11
PF12739.12	PF12739.12
PF12584.13	PF12584.13
PF23036.1	PF23036.1
PF23643.1	PF23643.1
PF23647.2	PF23647.2
PF06159.19	PF06159.19
PF24561.1	PF24561.1
PF08626.16	PF08626.16
PF03896.21	PF03896.21
PF05753.20	PF05753.20
PF09679.15	PF09679.15
PF12988.13	PF12988.13
PF10624.14	PF10624.14
PF24273.1	PF24273.1
PF24900.1	PF24900.1
PF05818.17	PF05818.17
PF06834.16	PF06834.16
PF08164.17	PF08164.17
PF09676.15	PF09676.15
PF12477.13	PF12477.13
PF05857.17	PF05857.17
PF05509.17	PF05509.17
PF05261.17	PF05261.17
PF11061.14	PF11061.14
PF22298.2	PF22298.2
PF17541.7	PF17541.7
PF15264.11	PF15264.11
PF17642.6	PF17642.6
PF17555.7	PF17555.7
PF17561.7	PF17561.7
PF17643.6	PF17643.6
PF20781.2	PF20781.2
PF20780.2	PF20780.2
PF20782.3	PF20782.3
PF23949.1	PF23949.1
PF17397.7	PF17397.7
PF22925.3	PF22925.3
PF22150.1	PF22150.1
PF22149.1	PF22149.1
PF24650.2	PF24650.2
PF24525.1	PF24525.1
PF24905.1	PF24905.1
PF19179.5	PF19179.5
PF16669.11	PF16669.11
PF19440.5	PF19440.5
PF18807.6	PF18807.6
PF12148.14	PF12148.14
PF22190.2	PF22190.2
PF18197.6	PF18197.6
PF21547.3	PF21547.3
PF10521.14	PF10521.14
PF03133.20	PF03133.20
PF01060.29	PF01060.29
PF14203.11	PF14203.11
PF25020.1	PF25020.1
PF22082.2	PF22082.2
PF02956.20	PF02956.20
PF02957.20	PF02957.20
PF08197.16	PF08197.16
PF01167.24	PF01167.24
PF23728.1	PF23728.1
PF18563.6	PF18563.6
PF17212.9	PF17212.9
PF12198.13	PF12198.13
PF03542.21	PF03542.21
PF00091.31	PF00091.31
PF00418.24	PF00418.24
PF13809.12	PF13809.12
PF14881.12	PF14881.12
PF03953.22	PF03953.22
PF22453.1	PF22453.1
PF21493.2	PF21493.2
PF22334.1	PF22334.1
PF22340.1	PF22340.1
PF16322.10	PF16322.10
PF00567.30	PF00567.30
PF11717.14	PF11717.14
PF18339.7	PF18339.7
PF18104.7	PF18104.7
PF18115.7	PF18115.7
PF18358.7	PF18358.7
PF18359.7	PF18359.7
PF23086.1	PF23086.1
PF18336.7	PF18336.7
PF22987.3	PF22987.3
PF24047.1	PF24047.1
PF18337.7	PF18337.7
PF11470.14	PF11470.14
PF17840.6	PF17840.6
PF20126.4	PF20126.4
PF21954.1	PF21954.1
PF08581.15	PF08581.15
PF07240.16	PF07240.16
PF01206.22	PF01206.22
PF15000.11	PF15000.11
PF19088.6	PF19088.6
PF16631.10	PF16631.10
PF04906.18	PF04906.18
PF20868.2	PF20868.2
PF06110.17	PF06110.17
PF18711.7	PF18711.7
PF24509.1	PF24509.1
PF24510.1	PF24510.1
PF24508.1	PF24508.1
PF22551.1	PF22551.1
PF22553.1	PF22553.1
PF22552.1	PF22552.1
PF19259.5	PF19259.5
PF01021.25	PF01021.25
PF09059.15	PF09059.15
PF05711.17	PF05711.17
PF03251.18	PF03251.18
PF00983.24	PF00983.24
PF12564.13	PF12564.13
PF21665.2	PF21665.2
PF09477.16	PF09477.16
PF09474.15	PF09474.15
PF21305.2	PF21305.2
PF18135.7	PF18135.7
PF06087.18	PF06087.18
PF00264.25	PF00264.25
PF18132.6	PF18132.6
PF16714.10	PF16714.10
PF16637.10	PF16637.10
PF24485.1	PF24485.1
PF23165.1	PF23165.1
PF24537.1	PF24537.1
PF24666.1	PF24666.1
PF24560.1	PF24560.1
PF23573.1	PF23573.1
PF24540.1	PF24540.1
PF23115.1	PF23115.1
PF23118.1	PF23118.1
PF25414.1	PF25414.1
PF25403.1	PF25403.1
PF24056.1	PF24056.1
PF23612.1	PF23612.1
PF25420.1	PF25420.1
PF23574.1	PF23574.1
PF23108.1	PF23108.1
PF23101.1	PF23101.1
PF23102.1	PF23102.1
PF23103.1	PF23103.1
PF23104.1	PF23104.1
PF23107.1	PF23107.1
PF23223.1	PF23223.1
PF23075.1	PF23075.1
PF23077.1	PF23077.1
PF25412.1	PF25412.1
PF01530.23	PF01530.23
PF06221.18	PF06221.18
PF10782.14	PF10782.14
PF13913.12	PF13913.12
PF25017.1	PF25017.1
PF16278.11	PF16278.11
PF10650.14	PF10650.14
PF17122.11	PF17122.11
PF07967.19	PF07967.19
PF13891.11	PF13891.11
PF13920.12	PF13920.12
PF17121.11	PF17121.11
PF25454.1	PF25454.1
PF00105.24	PF00105.24
PF10146.14	PF10146.14
PF14260.11	PF14260.11
PF06689.19	PF06689.19
PF02928.21	PF02928.21
PF15801.11	PF15801.11
PF00642.30	PF00642.30
PF22628.2	PF22628.2
PF23261.1	PF23261.1
PF14608.12	PF14608.12
PF21457.3	PF21457.3
PF15663.11	PF15663.11
PF18585.7	PF18585.7
PF18586.7	PF18586.7
PF18633.7	PF18633.7
PF22623.2	PF22623.2
PF25512.1	PF25512.1
PF24863.1	PF24863.1
PF25261.1	PF25261.1
PF25427.1	PF25427.1
PF23035.1	PF23035.1
PF00098.28	PF00098.28
PF13696.11	PF13696.11
PF13917.11	PF13917.11
PF14392.11	PF14392.11
PF14787.11	PF14787.11
PF15288.11	PF15288.11
PF10283.14	PF10283.14
PF09360.15	PF09360.15
PF11706.13	PF11706.13
PF10276.14	PF10276.14
PF12172.15	PF12172.15
PF05495.17	PF05495.17
PF17979.7	PF17979.7
PF07496.21	PF07496.21
PF02008.25	PF02008.25
PF07535.18	PF07535.18
PF05605.18	PF05605.18
PF08996.15	PF08996.15
PF05180.17	PF05180.17
PF22912.2	PF22912.2
PF01258.23	PF01258.23
PF06467.20	PF06467.20
PF21319.3	PF21319.3
PF04570.20	PF04570.20
PF06827.20	PF06827.20
PF09337.16	PF09337.16
PF13465.12	PF13465.12
PF13909.12	PF13909.12
PF16721.11	PF16721.11
PF13490.11	PF13490.11
PF16827.10	PF16827.10
PF13771.12	PF13771.12
PF13832.12	PF13832.12
PF04770.17	PF04770.17
PF05551.17	PF05551.17
PF09223.17	PF09223.17
PF02535.28	PF02535.28
PF18292.6	PF18292.6
PF04354.18	PF04354.18
PF16583.11	PF16583.11
PF18028.7	PF18028.7
PF23461.1	PF23461.1
PF23460.1	PF23460.1
PF18112.7	PF18112.7
PF16503.10	PF16503.10
PF24747.1	PF24747.1
PF23406.1	PF23406.1
PF21276.3	PF21276.3
PF21367.3	PF21367.3
PF25396.1	PF25396.1
PF20173.3	PF20173.3
PF23663.1	PF23663.1
PF25219.1	PF25219.1
PF23580.1	PF23580.1
PF21373.2	PF21373.2
PF18212.7	PF18212.7
PF01297.22	PF01297.22
PF00172.23	PF00172.23
PF00882.24	PF00882.24
PF19242.4	PF19242.4
PF04228.19	PF04228.19
PF04298.18	PF04298.18
PF05618.16	PF05618.16
PF13240.11	PF13240.11
PF10058.14	PF10058.14
PF11682.14	PF11682.14
PF11331.13	PF11331.13
PF09855.14	PF09855.14
PF17032.10	PF17032.10
PF21957.2	PF21957.2
PF14369.11	PF14369.11
PF12674.12	PF12674.12
PF23551.1	PF23551.1
PF13248.11	PF13248.11
PF13695.12	PF13695.12
PF17180.10	PF17180.10
PF13717.11	PF13717.11
PF13717.11	PF13719.11
PF07191.17	PF07191.17
PF09723.15	PF09723.15
PF02591.20	PF02591.20
PF17848.7	PF17848.7
PF23454.1	PF23454.1
PF21372.3	PF21372.3
PF10122.14	PF10122.14
PF05207.18	PF05207.18
PF01807.25	PF01807.25
PF02701.20	PF02701.20
PF22747.2	PF22747.2
PF10005.14	PF10005.14
PF05129.18	PF05129.18
PF23547.1	PF23547.1
PF23548.1	PF23548.1
PF06839.17	PF06839.17
PF23549.1	PF23549.1
PF23545.1	PF23545.1
PF25144.1	PF25144.1
PF25143.1	PF25143.1
PF03811.18	PF03811.18
PF12760.12	PF12760.12
PF14690.11	PF14690.11
PF18073.7	PF18073.7
PF21344.3	PF21344.3
PF08772.16	PF08772.16
PF22811.2	PF22811.2
PF09297.16	PF09297.16
PF09297.16	PF14803.11
PF23451.1	PF23451.1
PF08063.17	PF08063.17
PF23470.1	PF23470.1
PF18445.7	PF18445.7
PF18319.7	PF18319.7
PF08273.17	PF08273.17
PF00641.23	PF00641.23
PF13408.12	PF13408.12
PF21302.3	PF21302.3
PF03604.18	PF03604.18
PF02150.21	PF02150.21
PF11781.13	PF11781.13
PF17283.8	PF17283.8
PF20864.3	PF20864.3
PF08271.17	PF08271.17
PF13453.11	PF13453.11
PF01096.23	PF01096.23
PF21352.3	PF21352.3
PF23783.1	PF23783.1
PF01396.24	PF01396.24
PF23546.1	PF23546.1
PF08272.16	PF08272.16
PF22109.2	PF22109.2
PF08274.17	PF08274.17
PF03367.19	PF03367.19
PF23320.1	PF23320.1
PF14319.11	PF14319.11
PF22320.2	PF22320.2
PF10327.15	PF10327.15
PF10320.15	PF10320.15
PF10321.15	PF10321.15
PF10322.15	PF10322.15
PF10323.15	PF10323.15
PF10324.15	PF10324.15
PF10328.15	PF10328.15
PF10325.15	PF10325.15
PF10326.15	PF10326.15
PF10326.15	PF10319.15
PF14402.11	PF14402.11
PF17028.10	PF17028.10
PF24838.2	PF24838.2
PF07388.17	PF07388.17
PF21585.2	PF21585.2
PF23925.1	PF23925.1
PF07966.17	PF07966.17
PF06750.18	PF06750.18
PF08792.16	PF08792.16
PF00207.28	PF00207.28
PF21142.3	PF21142.3
PF07703.20	PF07703.20
PF07677.20	PF07677.20
PF21631.3	PF21631.3
PF22430.1	PF22430.1
PF03443.20	PF03443.20
PF00004.35	PF00004.35
PF09820.16	PF09820.16
PF12846.13	PF12846.13
PF13086.12	PF13086.12
PF13087.12	PF13087.12
PF13166.12	PF13166.12
PF13173.12	PF13173.12
PF13175.12	PF13175.12
PF13191.12	PF13191.12
PF13207.12	PF13207.12
PF13238.12	PF13238.12
PF13245.12	PF13245.12
PF07724.20	PF07724.20
PF13304.12	PF13304.12
PF13401.12	PF13401.12
PF13476.12	PF13476.12
PF13479.12	PF13479.12
PF13481.12	PF13481.12
PF13500.12	PF13500.12
PF13514.12	PF13514.12
PF13521.12	PF13521.12
PF13555.12	PF13555.12
PF13604.12	PF13604.12
PF13614.12	PF13614.12
PF13654.12	PF13654.12
PF13671.12	PF13671.12
PF13872.12	PF13872.12
PF14516.12	PF14516.12
PF07728.20	PF07728.20
PF07728.20	PF07726.17
PF12774.13	PF12774.13
PF12775.13	PF12775.13
PF12780.13	PF12780.13
PF12781.13	PF12781.13
PF14363.11	PF14363.11
PF16193.11	PF16193.11
PF09821.14	PF09821.14
PF17857.7	PF17857.7
PF17872.7	PF17872.7
PF18198.7	PF18198.7
PF21396.3	PF21396.3
PF23232.1	PF23232.1
PF17863.7	PF17863.7
PF17862.7	PF17862.7
PF17864.7	PF17864.7
PF17865.7	PF17865.7
PF17866.7	PF17866.7
PF17867.7	PF17867.7
PF17868.7	PF17868.7
PF17871.7	PF17871.7
PF25426.1	PF25426.1
PF25408.1	PF25408.1
PF23902.1	PF23902.1
PF25361.1	PF25361.1
PF23242.1	PF23242.1
PF08298.17	PF08298.17
PF13427.11	PF13427.11
PF04611.18	PF04611.18
PF03306.18	PF03306.18
PF05282.17	PF05282.17
PF20981.2	PF20981.2
PF08142.18	PF08142.18
PF22624.1	PF22624.1
PF03417.21	PF03417.21
PF07247.17	PF07247.17
PF13339.11	PF13339.11
PF00696.33	PF00696.33
PF00324.27	PF00324.27
PF00324.27	PF13520.12
PF13906.12	PF13906.12
PF08403.15	PF08403.15
PF06684.16	PF06684.16
PF01490.24	PF01490.24
PF14108.11	PF14108.11
PF21886.1	PF21886.1
PF10164.14	PF10164.14
PF14965.11	PF14965.11
PF04089.19	PF04089.19
PF19052.5	PF19052.5
PF22299.1	PF22299.1
PF04427.23	PF04427.23
PF07533.21	PF07533.21
PF09607.16	PF09607.16
PF15710.10	PF15710.10
PF14384.12	PF14384.12
PF04365.19	PF04365.19
PF02498.22	PF02498.22
PF03097.24	PF03097.24
PF14961.12	PF14961.12
PF23440.1	PF23440.1
PF23431.1	PF23431.1
PF00439.30	PF00439.30
PF01318.25	PF01318.25
PF01573.21	PF01573.21
PF07524.19	PF07524.19
PF17027.11	PF17027.11
PF21188.2	PF21188.2
PF10104.14	PF10104.14
PF05244.16	PF05244.16
PF25437.1	PF25437.1
PF25313.1	PF25313.1
PF08381.16	PF08381.16
PF08849.17	PF08849.17
PF08747.16	PF08747.16
PF11009.14	PF11009.14
PF10923.14	PF10923.14
PF13337.12	PF13337.12
PF20442.3	PF20442.3
PF16627.10	PF16627.10
PF13713.11	PF13713.11
PF20916.2	PF20916.2
PF03909.22	PF03909.22
PF25436.1	PF25436.1
PF07832.17	PF07832.17
PF17735.7	PF17735.7
PF12280.13	PF12280.13
PF22644.2	PF22644.2
PF04450.18	PF04450.18
PF18220.6	PF18220.6
PF05432.16	PF05432.16
PF18512.6	PF18512.6
PF08201.16	PF08201.16
PF13991.11	PF13991.11
PF16716.10	PF16716.10
PF06616.17	PF06616.17
PF17728.7	PF17728.7
PF12690.13	PF12690.13
PF03092.22	PF03092.22
PF08800.15	PF08800.15
PF03704.23	PF03704.23
PF00651.37	PF00651.37
PF21059.3	PF21059.3
PF15363.11	PF15363.11
PF02214.28	PF02214.28
PF02214.28	PF16017.11
PF23998.1	PF23998.1
PF21536.4	PF21536.4
PF11822.15	PF11822.15
PF09270.16	PF09270.16
PF07742.17	PF07742.17
PF18410.7	PF18410.7
PF21627.2	PF21627.2
PF00779.24	PF00779.24
PF05232.17	PF05232.17
PF03437.21	PF03437.21
PF17660.6	PF17660.6
PF14399.12	PF14399.12
PF04514.18	PF04514.18
PF09405.15	PF09405.15
PF16404.10	PF16404.10
PF14274.12	PF14274.12
PF22095.1	PF22095.1
PF22847.2	PF22847.2
PF08522.16	PF08522.16
PF16380.10	PF16380.10
PF21139.3	PF21139.3
PF05560.16	PF05560.16
PF09227.15	PF09227.15
PF09736.14	PF09736.14
PF09073.15	PF09073.15
PF01125.22	PF01125.22
PF12015.13	PF12015.13
PF04426.17	PF04426.17
PF04425.17	PF04425.17
PF05307.16	PF05307.16
PF03557.20	PF03557.20
PF03563.18	PF03563.18
PF01104.22	PF01104.22
PF00952.22	PF00952.22
PF04196.17	PF04196.17
PF19257.4	PF19257.4
PF03181.20	PF03181.20
PF09792.14	PF09792.14
PF18826.6	PF18826.6
PF22392.1	PF22392.1
PF14617.12	PF14617.12
PF12467.13	PF12467.13
PF12503.13	PF12503.13
PF08001.16	PF08001.16
PF09316.15	PF09316.15
PF07736.16	PF07736.16
PF01817.26	PF01817.26
PF08077.16	PF08077.16
PF05738.19	PF05738.19
PF12717.13	PF12717.13
PF12922.13	PF12922.13
PF05786.19	PF05786.19
PF12719.13	PF12719.13
PF16858.11	PF16858.11
PF16869.10	PF16869.10
PF06278.16	PF06278.16
PF05785.17	PF05785.17
PF00780.28	PF00780.28
PF06663.18	PF06663.18
PF09447.15	PF09447.15
PF16643.10	PF16643.10
PF00027.35	PF00027.35
PF01595.25	PF01595.25
PF07989.16	PF07989.16
PF10155.14	PF10155.14
PF22940.2	PF22940.2
PF16415.11	PF16415.11
PF16418.11	PF16418.11
PF16419.11	PF16419.11
PF16417.11	PF16417.11
PF08750.16	PF08750.16
PF05881.18	PF05881.18
PF17839.6	PF17839.6
PF15043.11	PF15043.11
PF17524.7	PF17524.7
PF01110.22	PF01110.22
PF16688.10	PF16688.10
PF00795.27	PF00795.27
PF22661.2	PF22661.2
PF08695.16	PF08695.16
PF17051.10	PF17051.10
PF09813.14	PF09813.14
PF10231.14	PF10231.14
PF01121.26	PF01121.26
PF08764.15	PF08764.15
PF02035.20	PF02035.20
PF07718.18	PF07718.18
PF14806.11	PF14806.11
PF04733.20	PF04733.20
PF16381.10	PF16381.10
PF07875.18	PF07875.18
PF22402.2	PF22402.2
PF07552.16	PF07552.16
PF02629.25	PF02629.25
PF13380.12	PF13380.12
PF13727.12	PF13727.12
PF01144.29	PF01144.29
PF02515.22	PF02515.22
PF01122.25	PF01122.25
PF02572.21	PF02572.21
PF03186.18	PF03186.18
PF09469.16	PF09469.16
PF02514.21	PF02514.21
PF04833.20	PF04833.20
PF06209.18	PF06209.18
PF02654.20	PF02654.20
PF12556.13	PF12556.13
PF06213.17	PF06213.17
PF11775.14	PF11775.14
PF02283.22	PF02283.22
PF02492.25	PF02492.25
PF07683.19	PF07683.19
PF23319.1	PF23319.1
PF01923.23	PF01923.23
PF25079.1	PF25079.1
PF15296.11	PF15296.11
PF18537.6	PF18537.6
PF06018.20	PF06018.20
PF16422.10	PF16422.10
PF16423.10	PF16423.10
PF00135.34	PF00135.34
PF04187.18	PF04187.18
PF22228.1	PF22228.1
PF22229.1	PF22229.1
PF21444.2	PF21444.2
PF01983.22	PF01983.22
PF01933.23	PF01933.23
PF19288.4	PF19288.4
PF00241.25	PF00241.25
PF21874.1	PF21874.1
PF22431.2	PF22431.2
PF12022.14	PF12022.14
PF06148.17	PF06148.17
PF20671.3	PF20671.3
PF04136.21	PF04136.21
PF20662.3	PF20662.3
PF08318.18	PF08318.18
PF20663.3	PF20663.3
PF20649.3	PF20649.3
PF19328.4	PF19328.4
PF01678.24	PF01678.24
PF18789.6	PF18789.6
PF18788.6	PF18788.6
PF17074.11	PF17074.11
PF22080.2	PF22080.2
PF22164.2	PF22164.2
PF04751.20	PF04751.20
PF05395.17	PF05395.17
PF14487.12	PF14487.12
PF08655.15	PF08655.15
PF08649.15	PF08649.15
PF08654.15	PF08654.15
PF08656.15	PF08656.15
PF08650.15	PF08650.15
PF08653.15	PF08653.15
PF08651.15	PF08651.15
PF08227.16	PF08227.16
PF08287.16	PF08287.16
PF08657.15	PF08657.15
PF04447.17	PF04447.17
PF03344.20	PF03344.20
PF20920.2	PF20920.2
PF18872.5	PF18872.5
PF11029.13	PF11029.13
PF22903.3	PF22903.3
PF24137.2	PF24137.2
PF01682.24	PF01682.24
PF14545.12	PF14545.12
PF14443.11	PF14443.11
PF18430.7	PF18430.7
PF10683.14	PF10683.14
PF03108.21	PF03108.21
PF22437.2	PF22437.2
PF13892.11	PF13892.11
PF02277.22	PF02277.22
PF20496.3	PF20496.3
PF22672.1	PF22672.1
PF12361.13	PF12361.13
PF08147.17	PF08147.17
PF03880.21	PF03880.21
PF16610.10	PF16610.10
PF05011.18	PF05011.18
PF20890.2	PF20890.2
PF18526.6	PF18526.6
PF15349.11	PF15349.11
PF02743.24	PF02743.24
PF22588.2	PF22588.2
PF08269.17	PF08269.17
PF14827.12	PF14827.12
PF14939.11	PF14939.11
PF15802.11	PF15802.11
PF19577.5	PF19577.5
PF16213.11	PF16213.11
PF09724.14	PF09724.14
PF04134.17	PF04134.17
PF22769.1	PF22769.1
PF22769.1	PF06559.16
PF22569.1	PF22569.1
PF05258.17	PF05258.17
PF00383.29	PF00383.29
PF08211.18	PF08211.18
PF06058.19	PF06058.19
PF05026.18	PF05026.18
PF05652.17	PF05652.17
PF14047.11	PF14047.11
PF22389.2	PF22389.2
PF08786.17	PF08786.17
PF06808.19	PF06808.19
PF21711.3	PF21711.3
PF03480.18	PF03480.18
PF04290.18	PF04290.18
PF03605.20	PF03605.20
PF03606.21	PF03606.21
PF03607.23	PF03607.23
PF24478.1	PF24478.1
PF07782.18	PF07782.18
PF10172.14	PF10172.14
PF19420.4	PF19420.4
PF14428.12	PF14428.12
PF10161.14	PF10161.14
PF03455.24	PF03455.24
PF03184.25	PF03184.25
PF02914.21	PF02914.21
PF13358.12	PF13358.12
PF13546.12	PF13546.12
PF01609.27	PF01609.27
PF01609.27	PF13612.12
PF13586.12	PF13586.12
PF13701.12	PF13701.12
PF13737.12	PF13737.12
PF13751.12	PF13751.12
PF13843.12	PF13843.12
PF13808.11	PF13808.11
PF04693.18	PF04693.18
PF13359.12	PF13359.12
PF03400.19	PF03400.19
PF12762.13	PF12762.13
PF13610.12	PF13610.12
PF10826.14	PF10826.14
PF10827.13	PF10827.13
PF10830.13	PF10830.13
PF10829.13	PF10829.13
PF10742.14	PF10742.14
PF10831.13	PF10831.13
PF10834.13	PF10834.13
PF10812.13	PF10812.13
PF10817.14	PF10817.14
PF10819.13	PF10819.13
PF10821.13	PF10821.13
PF10823.13	PF10823.13
PF10754.15	PF10754.15
PF03192.19	PF03192.19
PF10828.13	PF10828.13
PF10833.13	PF10833.13
PF10835.13	PF10835.13
PF10836.13	PF10836.13
PF10845.13	PF10845.13
PF10844.13	PF10844.13
PF10771.15	PF10771.15
PF10762.14	PF10762.14
PF10763.15	PF10763.15
PF10755.14	PF10755.14
PF10758.14	PF10758.14
PF11655.13	PF11655.13
PF10761.14	PF10761.14
PF10769.14	PF10769.14
PF10783.14	PF10783.14
PF10776.14	PF10776.14
PF10788.14	PF10788.14
PF10790.15	PF10790.15
PF10792.14	PF10792.14
PF10794.15	PF10794.15
PF10795.14	PF10795.14
PF11019.14	PF11019.14
PF03196.18	PF03196.18
PF11020.14	PF11020.14
PF11041.13	PF11041.13
PF11021.13	PF11021.13
PF11023.14	PF11023.14
PF11027.13	PF11027.13
PF11077.13	PF11077.13
PF10936.14	PF10936.14
PF10942.13	PF10942.13
PF10941.13	PF10941.13
PF11084.13	PF11084.13
PF11115.13	PF11115.13
PF11116.13	PF11116.13
PF10946.13	PF10946.13
PF11117.13	PF11117.13
PF11118.13	PF11118.13
PF10947.13	PF10947.13
PF10944.13	PF10944.13
PF10939.13	PF10939.13
PF10943.13	PF10943.13
PF11119.13	PF11119.13
PF10934.13	PF10934.13
PF10948.13	PF10948.13
PF10935.13	PF10935.13
PF11121.13	PF11121.13
PF10842.14	PF10842.14
PF10841.13	PF10841.13
PF10840.13	PF10840.13
PF10839.13	PF10839.13
PF10854.13	PF10854.13
PF10853.13	PF10853.13
PF10852.13	PF10852.13
PF10851.13	PF10851.13
PF10850.13	PF10850.13
PF10849.13	PF10849.13
PF10847.13	PF10847.13
PF10858.14	PF10858.14
PF10859.13	PF10859.13
PF10860.13	PF10860.13
PF10864.13	PF10864.13
PF10867.13	PF10867.13
PF10869.13	PF10869.13
PF03268.19	PF03268.19
PF10875.13	PF10875.13
PF10877.13	PF10877.13
PF10878.13	PF10878.13
PF10880.13	PF10880.13
PF10879.13	PF10879.13
PF10838.13	PF10838.13
PF10856.13	PF10856.13
PF03269.20	PF03269.20
PF10925.13	PF10925.13
PF10883.13	PF10883.13
PF10909.13	PF10909.13
PF10884.14	PF10884.14
PF10886.13	PF10886.13
PF10887.13	PF10887.13
PF10892.13	PF10892.13
PF10894.13	PF10894.13
PF03270.18	PF03270.18
PF10901.13	PF10901.13
PF10903.13	PF10903.13
PF10904.13	PF10904.13
PF10905.13	PF10905.13
PF12521.13	PF12521.13
PF12523.13	PF12523.13
PF12525.13	PF12525.13
PF12527.13	PF12527.13
PF12526.13	PF12526.13
PF04123.18	PF04123.18
PF12530.14	PF12530.14
PF12531.13	PF12531.13
PF12532.13	PF12532.13
PF12536.13	PF12536.13
PF12540.13	PF12540.13
PF12541.14	PF12541.14
PF12543.13	PF12543.13
PF12545.13	PF12545.13
PF04028.18	PF04028.18
PF12548.13	PF12548.13
PF12552.13	PF12552.13
PF12553.13	PF12553.13
PF12558.13	PF12558.13
PF12565.13	PF12565.13
PF10487.15	PF10487.15
PF21093.3	PF21093.3
PF21094.3	PF21094.3
PF11894.14	PF11894.14
PF22957.2	PF22957.2
PF18617.6	PF18617.6
PF14605.12	PF14605.12
PF21121.2	PF21121.2
PF08911.16	PF08911.16
PF13874.11	PF13874.11
PF18570.6	PF18570.6
PF18437.6	PF18437.6
PF04121.18	PF04121.18
PF10168.15	PF10168.15
PF12110.13	PF12110.13
PF21240.2	PF21240.2
PF16768.10	PF16768.10
PF10599.14	PF10599.14
PF09376.16	PF09376.16
PF16006.10	PF16006.10
PF08529.16	PF08529.16
PF01029.23	PF01029.23
PF02357.24	PF02357.24
PF18298.6	PF18298.6
PF07009.16	PF07009.16
PF12881.12	PF12881.12
PF14055.11	PF14055.11
PF24177.1	PF24177.1
PF22602.2	PF22602.2
PF24536.1	PF24536.1
PF15452.11	PF15452.11
PF15439.11	PF15439.11
PF15015.11	PF15015.11
PF14772.11	PF14772.11
PF14775.11	PF14775.11
PF01936.24	PF01936.24
PF05991.17	PF05991.17
PF09426.16	PF09426.16
PF14736.11	PF14736.11
PF16158.11	PF16158.11
PF18216.6	PF18216.6
PF07963.17	PF07963.17
PF12912.12	PF12912.12
PF14296.11	PF14296.11
PF13425.11	PF13425.11
PF10250.15	PF10250.15
PF03977.18	PF03977.18
PF04277.18	PF04277.18
PF22873.1	PF22873.1
PF14941.11	PF14941.11
PF16552.11	PF16552.11
PF23066.1	PF23066.1
PF23732.1	PF23732.1
PF24344.1	PF24344.1
PF24345.1	PF24345.1
PF25380.1	PF25380.1
PF25381.1	PF25381.1
PF25401.1	PF25401.1
PF25402.1	PF25402.1
PF25404.1	PF25404.1
PF25353.1	PF25353.1
PF14593.12	PF14593.12
PF25405.1	PF25405.1
PF25406.1	PF25406.1
PF25407.1	PF25407.1
PF25409.1	PF25409.1
PF25410.1	PF25410.1
PF25424.1	PF25424.1
PF15404.12	PF15404.12
PF15405.12	PF15405.12
PF15406.12	PF15406.12
PF15409.12	PF15409.12
PF23218.1	PF23218.1
PF25383.1	PF25383.1
PF14844.12	PF14844.12
PF25351.1	PF25351.1
PF25348.1	PF25348.1
PF25382.1	PF25382.1
PF23634.1	PF23634.1
PF25345.1	PF25345.1
PF25400.1	PF25400.1
PF23076.1	PF23076.1
PF23074.1	PF23074.1
PF25358.1	PF25358.1
PF23633.1	PF23633.1
PF25344.1	PF25344.1
PF25328.1	PF25328.1
PF25359.1	PF25359.1
PF25346.1	PF25346.1
PF25364.1	PF25364.1
PF21877.2	PF21877.2
PF25349.1	PF25349.1
PF25347.1	PF25347.1
PF23142.1	PF23142.1
PF25350.1	PF25350.1
PF25321.1	PF25321.1
PF12068.14	PF12068.14
PF24823.1	PF24823.1
PF24834.1	PF24834.1
PF25357.1	PF25357.1
PF24081.1	PF24081.1
PF23065.1	PF23065.1
PF23207.1	PF23207.1
PF24824.1	PF24824.1
PF23040.1	PF23040.1
PF08567.17	PF08567.17
PF23014.3	PF23014.3
PF25356.1	PF25356.1
PF24818.1	PF24818.1
PF25343.1	PF25343.1
PF25352.1	PF25352.1
PF16670.11	PF16670.11
PF00388.25	PF00388.25
PF00387.25	PF00387.25
PF18714.6	PF18714.6
PF08577.16	PF08577.16
PF11566.13	PF11566.13
PF00613.26	PF00613.26
PF10486.14	PF10486.14
PF00792.30	PF00792.30
PF02192.22	PF02192.22
PF16454.10	PF16454.10
PF00794.24	PF00794.24
PF00454.33	PF00454.33
PF21245.3	PF21245.3
PF19274.4	PF19274.4
PF06363.16	PF06363.16
PF02226.22	PF02226.22
PF00947.25	PF00947.25
PF01552.22	PF01552.22
PF00640.29	PF00640.29
PF14719.12	PF14719.12
PF25288.1	PF25288.1
PF12166.14	PF12166.14
PF24874.1	PF24874.1
PF24871.1	PF24871.1
PF15917.11	PF15917.11
PF05092.17	PF05092.17
PF05970.20	PF05970.20
PF21530.3	PF21530.3
PF04631.17	PF04631.17
PF05006.17	PF05006.17
PF05341.16	PF05341.16
PF06699.16	PF06699.16
PF10181.14	PF10181.14
PF02585.22	PF02585.22
PF08510.17	PF08510.17
PF10510.14	PF10510.14
PF06728.19	PF06728.19
PF08320.17	PF08320.17
PF15159.11	PF15159.11
PF08288.18	PF08288.18
PF23670.1	PF23670.1
PF17111.11	PF17111.11
PF06324.16	PF06324.16
PF04987.19	PF04987.19
PF19316.4	PF19316.4
PF08190.17	PF08190.17
PF18201.7	PF18201.7
PF18482.7	PF18482.7
PF11522.13	PF11522.13
PF19710.4	PF19710.4
PF13805.11	PF13805.11
PF18682.6	PF18682.6
PF23989.1	PF23989.1
PF23990.1	PF23990.1
PF22436.1	PF22436.1
PF10623.15	PF10623.15
PF00114.24	PF00114.24
PF16734.10	PF16734.10
PF07790.16	PF07790.16
PF14245.11	PF14245.11
PF11530.13	PF11530.13
PF13675.11	PF13675.11
PF18223.6	PF18223.6
PF22473.1	PF22473.1
PF07419.17	PF07419.17
PF11104.14	PF11104.14
PF05137.18	PF05137.18
PF18222.6	PF18222.6
PF04350.18	PF04350.18
PF17499.7	PF17499.7
PF04351.19	PF04351.19
PF08805.16	PF08805.16
PF15453.11	PF15453.11
PF09476.15	PF09476.15
PF16074.10	PF16074.10
PF22434.1	PF22434.1
PF13681.11	PF13681.11
PF14341.11	PF14341.11
PF07238.19	PF07238.19
PF22006.2	PF22006.2
PF07317.18	PF07317.18
PF18672.6	PF18672.6
PF20424.3	PF20424.3
PF12945.12	PF12945.12
PF16765.10	PF16765.10
PF20799.2	PF20799.2
PF01850.27	PF01850.27
PF23002.2	PF23002.2
PF20698.3	PF20698.3
PF18475.7	PF18475.7
PF04696.18	PF04696.18
PF04697.18	PF04697.18
PF14324.12	PF14324.12
PF18478.7	PF18478.7
PF18479.7	PF18479.7
PF16289.11	PF16289.11
PF10130.15	PF10130.15
PF13470.12	PF13470.12
PF13638.12	PF13638.12
PF08745.17	PF08745.17
PF17146.10	PF17146.10
PF18476.7	PF18476.7
PF18477.7	PF18477.7
PF24630.1	PF24630.1
PF12260.14	PF12260.14
PF14875.11	PF14875.11
PF01504.24	PF01504.24
PF07108.16	PF07108.16
PF21684.2	PF21684.2
PF12058.13	PF12058.13
PF00399.24	PF00399.24
PF22799.2	PF22799.2
PF20235.3	PF20235.3
PF21510.3	PF21510.3
PF14892.11	PF14892.11
PF02678.22	PF02678.22
PF05726.19	PF05726.19
PF17954.7	PF17954.7
PF15099.11	PF15099.11
PF06201.19	PF06201.19
PF24695.1	PF24695.1
PF02171.23	PF02171.23
PF23278.1	PF23278.1
PF12306.14	PF12306.14
PF18365.6	PF18365.6
PF18363.6	PF18363.6
PF00224.27	PF00224.27
PF20433.3	PF20433.3
PF16808.10	PF16808.10
PF21494.3	PF21494.3
PF00801.26	PF00801.26
PF00801.26	PF18911.6
PF16407.11	PF16407.11
PF16820.11	PF16820.11
PF19406.5	PF19406.5
PF19408.5	PF19408.5
PF08016.18	PF08016.18
PF18331.6	PF18331.6
PF02827.21	PF02827.21
PF02173.22	PF02173.22
PF00069.31	PF00069.31
PF00069.31	PF07714.23
PF00433.29	PF00433.29
PF17667.7	PF17667.7
PF06878.16	PF06878.16
PF12474.13	PF12474.13
PF21782.3	PF21782.3
PF16919.11	PF16919.11
PF16918.11	PF16918.11
PF14032.12	PF14032.12
PF08636.15	PF08636.15
PF18369.6	PF18369.6
PF21089.3	PF21089.3
PF02887.21	PF02887.21
PF22826.3	PF22826.3
PF15903.10	PF15903.10
PF02253.21	PF02253.21
PF06951.16	PF06951.16
PF01735.23	PF01735.23
PF02988.21	PF02988.21
PF08686.16	PF08686.16
PF04749.22	PF04749.22
PF15205.11	PF15205.11
PF07595.18	PF07595.18
PF10532.14	PF10532.14
PF06694.16	PF06694.16
PF04827.20	PF04827.20
PF01307.22	PF01307.22
PF10533.14	PF10533.14
PF01672.21	PF01672.21
PF09686.15	PF09686.15
PF10784.15	PF10784.15
PF05403.16	PF05403.16
PF05795.16	PF05795.16
PF09715.15	PF09715.15
PF07981.16	PF07981.16
PF06247.17	PF06247.17
PF12135.13	PF12135.13
PF01477.28	PF01477.28
PF04640.19	PF04640.19
PF18759.7	PF18759.7
PF08703.15	PF08703.15
PF22631.2	PF22631.2
PF14466.11	PF14466.11
PF00614.28	PF00614.28
PF13091.12	PF13091.12
PF13918.12	PF13918.12
PF13396.11	PF13396.11
PF12357.13	PF12357.13
PF00681.25	PF00681.25
PF08337.17	PF08337.17
PF20170.4	PF20170.4
PF16743.10	PF16743.10
PF05506.17	PF05506.17
PF18190.7	PF18190.7
PF18409.7	PF18409.7
PF18587.6	PF18587.6
PF16485.10	PF16485.10
PF18751.7	PF18751.7
PF01690.22	PF01690.22
PF08429.16	PF08429.16
PF07715.20	PF07715.20
PF10559.14	PF10559.14
PF03126.23	PF03126.23
PF18684.6	PF18684.6
PF21480.2	PF21480.2
PF11477.14	PF11477.14
PF20812.2	PF20812.2
PF15150.11	PF15150.11
PF01523.21	PF01523.21
PF19290.4	PF19290.4
PF19289.4	PF19289.4
PF09373.15	PF09373.15
PF08066.17	PF08066.17
PF10536.15	PF10536.15
PF04043.20	PF04043.20
PF05287.17	PF05287.17
PF21745.2	PF21745.2
PF01238.27	PF01238.27
PF20511.4	PF20511.4
PF20512.3	PF20512.3
PF25244.1	PF25244.1
PF12126.13	PF12126.13
PF03332.19	PF03332.19
PF08114.16	PF08114.16
PF00822.25	PF00822.25
PF00822.25	PF13903.11
PF01679.22	PF01679.22
PF14416.11	PF14416.11
PF11183.13	PF11183.13
PF15322.11	PF15322.11
PF01625.27	PF01625.27
PF02366.24	PF02366.24
PF17987.7	PF17987.7
PF13231.12	PF13231.12
PF16192.10	PF16192.10
PF20899.2	PF20899.2
PF20900.3	PF20900.3
PF16155.11	PF16155.11
PF01782.24	PF01782.24
PF02576.22	PF02576.22
PF23268.1	PF23268.1
PF06116.17	PF06116.17
PF06001.18	PF06001.18
PF00848.25	PF00848.25
PF00866.24	PF00866.24
PF24921.1	PF24921.1
PF25447.1	PF25447.1
PF04437.19	PF04437.19
PF01163.29	PF01163.29
PF09202.17	PF09202.17
PF21233.3	PF21233.3
PF00161.24	PF00161.24
PF14998.11	PF14998.11
PF22238.1	PF22238.1
PF16524.11	PF16524.11
PF17184.9	PF17184.9
PF17066.10	PF17066.10
PF08167.18	PF08167.18
PF19322.4	PF19322.4
PF17797.7	PF17797.7
PF17777.6	PF17777.6
PF11088.13	PF11088.13
PF14401.11	PF14401.11
PF10127.15	PF10127.15
PF17720.7	PF17720.7
PF20924.2	PF20924.2
PF10036.14	PF10036.14
PF22020.1	PF22020.1
PF18125.6	PF18125.6
PF21239.2	PF21239.2
PF21016.3	PF21016.3
PF13707.11	PF13707.11
PF22981.1	PF22981.1
PF25065.1	PF25065.1
PF22935.1	PF22935.1
PF25067.1	PF25067.1
PF22984.1	PF22984.1
PF22983.1	PF22983.1
PF07035.17	PF07035.17
PF21029.3	PF21029.3
PF21033.3	PF21033.3
PF19432.4	PF19432.4
PF04957.18	PF04957.18
PF16099.11	PF16099.11
PF08585.18	PF08585.18
PF21000.2	PF21000.2
PF16100.11	PF16100.11
PF04321.23	PF04321.23
PF07521.17	PF07521.17
PF04989.18	PF04989.18
PF14996.11	PF14996.11
PF20945.2	PF20945.2
PF02646.22	PF02646.22
PF10443.15	PF10443.15
PF00074.25	PF00074.25
PF21293.2	PF21293.2
PF09293.15	PF09293.15
PF04308.18	PF04308.18
PF13032.11	PF13032.11
PF25488.1	PF25488.1
PF18497.6	PF18497.6
PF18431.6	PF18431.6
PF10150.14	PF10150.14
PF20833.2	PF20833.2
PF00075.30	PF00075.30
PF09468.16	PF09468.16
PF08615.16	PF08615.16
PF01351.25	PF01351.25
PF13482.12	PF13482.12
PF18614.7	PF18614.7
PF22505.1	PF22505.1
PF17770.6	PF17770.6
PF01868.21	PF01868.21
PF01138.27	PF01138.27
PF03725.20	PF03725.20
PF01876.22	PF01876.22
PF08228.16	PF08228.16
PF01900.24	PF01900.24
PF00929.31	PF00929.31
PF00929.31	PF16473.11
PF12072.13	PF12072.13
PF11977.14	PF11977.14
PF14626.12	PF14626.12
PF08675.17	PF08675.17
PF01877.22	PF01877.22
PF03035.19	PF03035.19
PF00910.28	PF00910.28
PF21210.2	PF21210.2
PF09414.15	PF09414.15
PF09511.15	PF09511.15
PF00940.24	PF00940.24
PF08203.16	PF08203.16
PF08208.16	PF08208.16
PF11705.13	PF11705.13
PF01000.31	PF01000.31
PF03118.21	PF03118.21
PF16857.10	PF16857.10
PF06870.17	PF06870.17
PF09035.16	PF09035.16
PF08053.16	PF08053.16
PF00229.24	PF00229.24
PF18422.6	PF18422.6
PF00020.24	PF00020.24
PF23091.2	PF23091.2
PF25314.1	PF25314.1
PF05621.17	PF05621.17
PF06527.16	PF06527.16
PF21788.2	PF21788.2
PF21789.3	PF21789.3
PF21787.3	PF21787.3
PF05717.18	PF05717.18
PF14198.11	PF14198.11
PF14202.11	PF14202.11
PF17490.7	PF17490.7
PF17489.7	PF17489.7
PF14706.11	PF14706.11
PF12017.13	PF12017.13
PF12596.13	PF12596.13
PF16608.10	PF16608.10
PF15978.11	PF15978.11
PF18623.6	PF18623.6
PF14021.12	PF14021.12
PF03898.19	PF03898.19
PF22744.3	PF22744.3
PF17115.11	PF17115.11
PF03459.23	PF03459.23
PF08402.16	PF08402.16
PF12857.13	PF12857.13
PF05271.16	PF05271.16
PF11886.13	PF11886.13
PF14249.11	PF14249.11
PF04765.19	PF04765.19
PF22050.1	PF22050.1
PF12549.13	PF12549.13
PF06519.16	PF06519.16
PF16331.10	PF16331.10
PF15869.11	PF15869.11
PF04052.18	PF04052.18
PF03349.22	PF03349.22
PF08219.16	PF08219.16
PF06552.18	PF06552.18
PF04281.18	PF04281.18
PF10568.15	PF10568.15
PF11801.13	PF11801.13
PF10642.14	PF10642.14
PF17112.10	PF17112.10
PF15184.11	PF15184.11
PF08038.17	PF08038.17
PF05318.17	PF05318.17
PF03220.18	PF03220.18
PF08500.15	PF08500.15
PF20896.2	PF20896.2
PF13103.11	PF13103.11
PF03544.19	PF03544.19
PF00593.30	PF00593.30
PF16031.10	PF16031.10
PF21338.2	PF21338.2
PF21180.3	PF21180.3
PF18000.7	PF18000.7
PF21298.3	PF21298.3
PF09239.17	PF09239.17
PF21616.3	PF21616.3
PF01131.25	PF01131.25
PF01028.25	PF01028.25
PF02919.20	PF02919.20
PF22409.2	PF22409.2
PF14370.11	PF14370.11
PF20768.2	PF20768.2
PF13155.12	PF13155.12
PF13362.12	PF13362.12
PF13662.12	PF13662.12
PF13662.12	PF01751.28
PF16898.10	PF16898.10
PF13342.12	PF13342.12
PF13368.11	PF13368.11
PF19310.4	PF19310.4
PF21376.3	PF21376.3
PF24713.1	PF24713.1
PF24714.1	PF24714.1
PF12886.12	PF12886.12
PF12885.12	PF12885.12
PF12884.12	PF12884.12
PF06309.17	PF06309.17
PF21689.3	PF21689.3
PF16131.11	PF16131.11
PF23006.1	PF23006.1
PF21468.3	PF21468.3
PF03231.18	PF03231.18
PF01533.22	PF01533.22
PF05518.16	PF05518.16
PF09121.15	PF09121.15
PF15633.11	PF15633.11
PF15634.11	PF15634.11
PF15636.11	PF15636.11
PF15635.11	PF15635.11
PF15656.11	PF15656.11
PF15657.11	PF15657.11
PF15637.11	PF15637.11
PF02580.21	PF02580.21
PF21391.3	PF21391.3
PF25132.1	PF25132.1
PF25133.1	PF25133.1
PF02676.19	PF02676.19
PF02217.22	PF02217.22
PF15128.11	PF15128.11
PF12261.14	PF12261.14
PF04564.21	PF04564.21
PF12220.14	PF12220.14
PF12397.13	PF12397.13
PF08640.17	PF08640.17
PF08297.16	PF08297.16
PF10597.14	PF10597.14
PF10596.14	PF10596.14
PF17442.7	PF17442.7
PF17474.7	PF17474.7
PF03064.21	PF03064.21
PF17465.7	PF17465.7
PF22040.1	PF22040.1
PF08449.17	PF08449.17
PF14732.11	PF14732.11
PF05234.16	PF05234.16
PF14451.12	PF14451.12
PF03658.20	PF03658.20
PF14814.11	PF14814.11
PF00627.37	PF00627.37
PF16195.10	PF16195.10
PF20513.3	PF20513.3
PF21267.3	PF21267.3
PF12478.13	PF12478.13
PF08587.17	PF08587.17
PF09288.16	PF09288.16
PF14555.12	PF14555.12
PF14555.12	PF22566.2
PF16577.11	PF16577.11
PF18039.7	PF18039.7
PF22562.2	PF22562.2
PF22567.2	PF22567.2
PF21235.4	PF21235.4
PF24767.1	PF24767.1
PF21290.4	PF21290.4
PF21115.3	PF21115.3
PF23149.1	PF23149.1
PF24899.1	PF24899.1
PF10585.14	PF10585.14
PF16678.12	PF16678.12
PF19026.7	PF19026.7
PF21594.4	PF21594.4
PF23053.1	PF23053.1
PF23054.1	PF23054.1
PF24932.1	PF24932.1
PF24975.1	PF24975.1
PF24559.1	PF24559.1
PF25163.1	PF25163.1
PF23312.1	PF23312.1
PF23009.1	PF23009.1
PF16455.10	PF16455.10
PF01040.23	PF01040.23
PF01977.22	PF01977.22
PF20696.2	PF20696.2
PF20695.2	PF20695.2
PF01209.24	PF01209.24
PF09145.16	PF09145.16
PF09165.15	PF09165.15
PF14560.12	PF14560.12
PF14836.12	PF14836.12
PF18036.7	PF18036.7
PF18037.7	PF18037.7
PF23092.1	PF23092.1
PF25510.1	PF25510.1
PF23567.2	PF23567.2
PF25442.1	PF25442.1
PF23603.1	PF23603.1
PF25242.1	PF25242.1
PF03981.17	PF03981.17
PF22932.2	PF22932.2
PF23164.1	PF23164.1
PF23326.1	PF23326.1
PF25327.1	PF25327.1
PF14377.11	PF14377.11
PF14075.11	PF14075.11
PF23195.1	PF23195.1
PF22960.2	PF22960.2
PF24079.1	PF24079.1
PF00789.26	PF00789.26
PF23187.1	PF23187.1
PF15750.11	PF15750.11
PF00443.35	PF00443.35
PF13423.12	PF13423.12
PF18031.6	PF18031.6
PF16674.11	PF16674.11
PF22900.2	PF22900.2
PF17085.10	PF17085.10
PF02939.21	PF02939.21
PF02271.21	PF02271.21
PF08997.15	PF08997.15
PF10399.14	PF10399.14
PF02320.22	PF02320.22
PF25051.1	PF25051.1
PF24882.1	PF24882.1
PF23282.1	PF23282.1
PF18972.5	PF18972.5
PF00458.25	PF00458.25
PF14414.12	PF14414.12
PF08528.16	PF08528.16
PF10298.14	PF10298.14
PF02467.21	PF02467.21
PF15612.11	PF15612.11
PF08536.17	PF08536.17
PF24408.1	PF24408.1
PF24410.1	PF24410.1
PF24409.1	PF24409.1
PF24812.1	PF24812.1
PF23589.2	PF23589.2
PF23216.1	PF23216.1
PF23559.1	PF23559.1
PF23713.2	PF23713.2
PF25304.1	PF25304.1
PF25318.1	PF25318.1
PF23704.1	PF23704.1
PF10357.16	PF10357.16
PF19306.5	PF19306.5
PF23669.1	PF23669.1
PF23191.1	PF23191.1
PF24356.1	PF24356.1
PF23582.1	PF23582.1
PF25255.1	PF25255.1
PF23159.1	PF23159.1
PF07107.17	PF07107.17
PF02019.24	PF02019.24
PF21662.3	PF21662.3
PF21663.2	PF21663.2
PF23017.2	PF23017.2
PF22532.2	PF22532.2
PF22533.2	PF22533.2
PF10440.15	PF10440.15
PF10180.14	PF10180.14
PF20853.2	PF20853.2
PF08325.16	PF08325.16
PF06664.17	PF06664.17
PF21883.1	PF21883.1
PF07861.16	PF07861.16
PF00110.24	PF00110.24
PF08186.16	PF08186.16
PF13943.11	PF13943.11
PF08879.15	PF08879.15
PF03106.21	PF03106.21
PF15017.11	PF15017.11
PF10206.14	PF10206.14
PF22772.2	PF22772.2
PF21374.3	PF21374.3
PF01822.24	PF01822.24
PF15613.11	PF15613.11
PF03832.18	PF03832.18
PF20023.5	PF20023.5
PF02206.23	PF02206.23
PF12175.13	PF12175.13
PF06974.18	PF06974.18
PF03007.21	PF03007.21
PF02165.20	PF02165.20
PF17098.10	PF17098.10
PF03303.18	PF03303.18
PF14043.11	PF14043.11
PF00397.32	PF00397.32
PF08258.16	PF08258.16
PF02825.26	PF02825.26
PF22005.2	PF22005.2
PF23463.1	PF23463.1
PF23464.1	PF23464.1
PF23466.1	PF23466.1
PF23467.1	PF23467.1
PF18507.7	PF18507.7
PF23518.1	PF23518.1
PF16623.10	PF16623.10
PF17890.6	PF17890.6
PF23517.1	PF23517.1
PF20625.3	PF20625.3
PF09688.15	PF09688.15
PF06013.18	PF06013.18
PF13731.11	PF13731.11
PF11797.14	PF11797.14
PF06030.18	PF06030.18
PF12779.12	PF12779.12
PF13280.11	PF13280.11
PF10902.13	PF10902.13
PF18488.6	PF18488.6
PF08608.17	PF08608.17
PF18412.6	PF18412.6
PF23607.1	PF23607.1
PF14524.12	PF14524.12
PF06899.16	PF06899.16
PF04932.20	PF04932.20
PF11846.14	PF11846.14
PF02706.20	PF02706.20
PF07483.16	PF07483.16
PF00739.24	PF00739.24
PF20410.3	PF20410.3
PF22058.2	PF22058.2
PF10086.14	PF10086.14
PF10832.13	PF10832.13
PF14149.11	PF14149.11
PF22475.2	PF22475.2
PF10797.14	PF10797.14
PF21279.3	PF21279.3
PF14503.11	PF14503.11
PF07947.19	PF07947.19
PF23514.1	PF23514.1
PF23530.1	PF23530.1
PF04945.19	PF04945.19
PF14240.11	PF14240.11
PF14120.11	PF14120.11
PF05360.19	PF05360.19
PF07907.16	PF07907.16
PF22870.1	PF22870.1
PF23515.1	PF23515.1
PF08340.16	PF08340.16
PF03755.18	PF03755.18
PF20159.5	PF20159.5
PF14849.12	PF14849.12
PF01809.23	PF01809.23
PF14045.11	PF14045.11
PF21835.1	PF21835.1
PF03878.20	PF03878.20
PF04220.17	PF04220.17
PF09500.16	PF09500.16
PF03475.19	PF03475.19
PF04893.22	PF04893.22
PF03226.21	PF03226.21
PF02588.21	PF02588.21
PF11106.13	PF11106.13
PF11102.13	PF11102.13
PF06082.17	PF06082.17
PF04237.18	PF04237.18
PF17089.10	PF17089.10
PF15940.10	PF15940.10
PF09639.16	PF09639.16
PF13990.11	PF13990.11
PF09680.15	PF09680.15
PF03831.20	PF03831.20
PF03853.21	PF03853.21
PF15922.10	PF15922.10
PF14070.11	PF14070.11
PF14588.11	PF14588.11
PF09857.14	PF09857.14
PF11230.13	PF11230.13
PF10287.16	PF10287.16
PF10290.14	PF10290.14
PF14168.11	PF14168.11
PF24878.1	PF24878.1
PF23686.1	PF23686.1
PF23687.1	PF23687.1
PF23521.1	PF23521.1
PF23488.1	PF23488.1
PF23478.1	PF23478.1
PF07615.16	PF07615.16
PF22790.2	PF22790.2
PF17447.7	PF17447.7
PF03734.19	PF03734.19
PF13645.11	PF13645.11
PF10388.15	PF10388.15
PF10368.14	PF10368.14
PF14177.11	PF14177.11
PF05764.18	PF05764.18
PF08265.16	PF08265.16
PF08265.16	PF04438.22
PF10777.14	PF10777.14
PF14036.11	PF14036.11
PF20303.3	PF20303.3
PF14071.11	PF14071.11
PF14003.11	PF14003.11
PF23688.1	PF23688.1
PF23689.1	PF23689.1
PF22009.2	PF22009.2
PF10799.13	PF10799.13
PF21278.2	PF21278.2
PF17774.7	PF17774.7
PF02757.22	PF02757.22
PF11068.13	PF11068.13
PF23482.1	PF23482.1
PF04296.18	PF04296.18
PF14035.11	PF14035.11
PF12788.12	PF12788.12
PF15939.10	PF15939.10
PF23641.1	PF23641.1
PF13277.11	PF13277.11
PF21232.3	PF21232.3
PF02326.20	PF02326.20
PF06449.16	PF06449.16
PF10798.13	PF10798.13
PF16456.10	PF16456.10
PF23691.1	PF23691.1
PF23693.1	PF23693.1
PF22868.1	PF22868.1
PF23694.1	PF23694.1
PF23497.1	PF23497.1
PF23692.1	PF23692.1
PF25108.1	PF25108.1
PF14157.12	PF14157.12
PF23677.1	PF23677.1
PF07503.17	PF07503.17
PF13005.12	PF13005.12
PF04071.17	PF04071.17
PF10601.15	PF10601.15
PF06943.17	PF06943.17
PF08790.17	PF08790.17
PF12874.13	PF12874.13
PF12874.13	PF12171.14
PF12907.13	PF12907.13
PF02891.26	PF02891.26
PF13824.12	PF13824.12
PF01753.24	PF01753.24
PF17772.7	PF17772.7
PF05741.18	PF05741.18
PF01422.22	PF01422.22
PF15906.11	PF15906.11
PF05020.20	PF05020.20
PF11789.14	PF11789.14
PF21905.1	PF21905.1
PF03854.20	PF03854.20
PF13008.12	PF13008.12
PF00645.25	PF00645.25
PF15446.12	PF15446.12
PF05715.19	PF05715.19
PF25429.1	PF25429.1
PF09329.16	PF09329.16
PF10426.15	PF10426.15
PF08746.17	PF08746.17
PF16685.11	PF16685.11
PF17123.11	PF17123.11
PF17976.7	PF17976.7
PF17977.7	PF17977.7
PF17978.7	PF17978.7
PF16744.11	PF16744.11
PF17120.11	PF17120.11
PF13639.12	PF13639.12
PF13639.12	PF12678.13
PF13639.12	PF12861.13
PF13639.12	PF12906.13
PF14570.12	PF14570.12
PF14634.12	PF14634.12
PF14835.12	PF14835.12
PF13445.12	PF13445.12
PF13445.12	PF00097.31
PF13445.12	PF13923.12
PF13445.12	PF15227.12
PF23555.2	PF23555.2
PF23555.2	PF23412.1
PF08080.17	PF08080.17
PF17026.10	PF17026.10
PF13966.11	PF13966.11
PF13866.11	PF13866.11
PF15803.10	PF15803.10
PF04810.20	PF04810.20
PF02135.21	PF02135.21
PF23475.1	PF23475.1
PF14952.11	PF14952.11
PF12660.12	PF12660.12
PF02953.20	PF02953.20
PF13842.12	PF13842.12
PF02176.24	PF02176.24
PF15965.11	PF15965.11
PF11722.13	PF11722.13
PF06220.18	PF06220.18
PF05253.18	PF05253.18
PF02148.25	PF02148.25
PF17807.7	PF17807.7
PF02207.25	PF02207.25
PF14569.12	PF14569.12
PF10367.15	PF10367.15
PF23015.2	PF23015.2
PF18279.7	PF18279.7
PF03470.19	PF03470.19
PF04704.19	PF04704.19
PF16696.11	PF16696.11
PF23145.1	PF23145.1
PF18414.7	PF18414.7
PF18508.7	PF18508.7
PF18450.7	PF18450.7
PF18387.7	PF18387.7
PF23208.1	PF23208.1
PF18574.7	PF18574.7
PF18345.7	PF18345.7
PF18345.7	PF18044.7
PF18384.7	PF18384.7
PF18423.6	PF18423.6
PF23250.1	PF23250.1
PF18408.7	PF18408.7
PF23146.2	PF23146.2
PF23228.1	PF23228.1
PF17915.7	PF17915.7
PF25080.1	PF25080.1
PF23413.1	PF23413.1
PF13451.12	PF13451.12
PF23477.1	PF23477.1
PF23550.1	PF23550.1
PF21359.2	PF21359.2
PF18439.7	PF18439.7
PF23293.1	PF23293.1
PF24906.1	PF24906.1
PF18366.7	PF18366.7
PF10382.14	PF10382.14
PF06262.17	PF06262.17
PF10103.15	PF10103.15
PF17034.11	PF17034.11
PF14599.11	PF14599.11
PF10417.14	PF10417.14
PF21734.3	PF21734.3
PF21578.3	PF21578.3
PF12574.13	PF12574.13
PF09847.15	PF09847.15
PF00244.26	PF00244.26
PF16998.10	PF16998.10
PF00389.36	PF00389.36
PF02826.25	PF02826.25
PF00198.28	PF00198.28
PF16078.10	PF16078.10
PF04029.19	PF04029.19
PF04463.17	PF04463.17
PF16620.10	PF16620.10
PF05635.17	PF05635.17
PF20758.2	PF20758.2
PF22545.2	PF22545.2
PF22546.2	PF22546.2
PF08521.16	PF08521.16
PF08793.15	PF08793.15
PF20150.5	PF20150.5
PF11591.13	PF11591.13
PF01257.25	PF01257.25
PF08975.16	PF08975.16
PF22547.2	PF22547.2
PF03390.20	PF03390.20
PF21584.2	PF21584.2
PF03171.26	PF03171.26
PF13532.12	PF13532.12
PF13640.12	PF13640.12
PF13661.12	PF13661.12
PF13759.12	PF13759.12
PF20515.4	PF20515.4
PF10014.15	PF10014.15
PF13239.11	PF13239.11
PF23143.1	PF23143.1
PF13563.12	PF13563.12
PF06983.19	PF06983.19
PF06052.18	PF06052.18
PF12578.13	PF12578.13
PF17644.7	PF17644.7
PF11330.14	PF11330.14
PF00803.23	PF00803.23
PF01073.25	PF01073.25
PF06725.17	PF06725.17
PF02829.19	PF02829.19
PF22951.1	PF22951.1
PF10605.15	PF10605.15
PF00725.27	PF00725.27
PF02737.24	PF02737.24
PF18321.7	PF18321.7
PF06439.18	PF06439.18
PF16121.10	PF16121.10
PF16122.10	PF16122.10
PF17947.6	PF17947.6
PF03061.28	PF03061.28
PF13279.12	PF13279.12
PF13622.12	PF13622.12
PF20789.3	PF20789.3
PF18141.7	PF18141.7
PF09416.16	PF09416.16
PF04050.20	PF04050.20
PF14681.12	PF14681.12
PF06603.16	PF06603.16
PF20180.4	PF20180.4
PF15141.11	PF15141.11
PF00179.31	PF00179.31
PF06181.16	PF06181.16
PF10441.14	PF10441.14
PF00449.26	PF00449.26
PF00699.25	PF00699.25
PF00547.23	PF00547.23
PF18473.6	PF18473.6
PF01774.22	PF01774.22
PF05194.17	PF05194.17
PF02814.20	PF02814.20
PF01730.21	PF01730.21
PF07168.17	PF07168.17
PF04115.18	PF04115.18
PF25496.1	PF25496.1
PF01014.23	PF01014.23
PF09138.17	PF09138.17
PF01208.23	PF01208.23
PF01175.24	PF01175.24
PF17392.7	PF17392.7
PF17391.7	PF17391.7
PF07353.17	PF07353.17
PF02083.20	PF02083.20
PF17617.7	PF17617.7
PF02476.20	PF02476.20
PF17624.7	PF17624.7
PF17616.7	PF17616.7
PF09753.14	PF09753.14
PF06233.17	PF06233.17
PF21219.3	PF21219.3
PF10506.14	PF10506.14
PF00577.26	PF00577.26
PF17271.8	PF17271.8
PF04871.18	PF04871.18
PF04869.20	PF04869.20
PF00582.32	PF00582.32
PF24543.1	PF24543.1
PF16602.10	PF16602.10
PF25265.1	PF25265.1
PF21246.3	PF21246.3
PF19718.4	PF19718.4
PF14533.12	PF14533.12
PF12436.14	PF12436.14
PF08969.16	PF08969.16
PF08941.15	PF08941.15
PF18792.6	PF18792.6
PF10625.14	PF10625.14
PF21909.2	PF21909.2
PF05722.18	PF05722.18
PF11807.13	PF11807.13
PF03253.19	PF03253.19
PF01099.22	PF01099.22
PF07757.19	PF07757.19
PF01941.24	PF01941.24
PF03496.20	PF03496.20
PF18648.8	PF18648.8
PF04587.20	PF04587.20
PF03747.19	PF03747.19
PF10397.14	PF10397.14
PF25379.1	PF25379.1
PF20032.4	PF20032.4
PF08509.16	PF08509.16
PF16701.10	PF16701.10
PF06355.19	PF06355.19
PF25001.1	PF25001.1
PF24387.1	PF24387.1
PF22548.2	PF22548.2
PF17049.10	PF17049.10
PF23162.1	PF23162.1
PF01117.25	PF01117.25
PF05110.18	PF05110.18
PF14591.11	PF14591.11
PF22357.2	PF22357.2
PF01954.22	PF01954.22
PF14556.11	PF14556.11
PF18875.5	PF18875.5
PF05775.19	PF05775.19
PF15339.11	PF15339.11
PF22394.2	PF22394.2
PF18876.6	PF18876.6
PF03969.22	PF03969.22
PF07792.17	PF07792.17
PF08493.15	PF08493.15
PF01314.23	PF01314.23
PF02730.20	PF02730.20
PF02420.20	PF02420.20
PF18815.6	PF18815.6
PF03756.19	PF03756.19
PF08731.17	PF08731.17
PF11786.13	PF11786.13
PF11787.13	PF11787.13
PF11785.13	PF11785.13
PF12249.13	PF12249.13
PF12250.14	PF12250.14
PF11001.13	PF11001.13
PF22176.2	PF22176.2
PF22185.1	PF22185.1
PF21768.3	PF21768.3
PF21682.2	PF21682.2
PF04671.17	PF04671.17
PF21254.3	PF21254.3
PF17366.7	PF17366.7
PF21994.1	PF21994.1
PF17992.7	PF17992.7
PF25117.1	PF25117.1
PF25115.1	PF25115.1
PF05641.18	PF05641.18
PF07468.17	PF07468.17
PF18021.7	PF18021.7
PF18021.7	PF18022.7
PF17558.7	PF17558.7
PF17998.7	PF17998.7
PF19712.4	PF19712.4
PF22627.1	PF22627.1
PF18079.6	PF18079.6
PF24858.1	PF24858.1
PF09171.15	PF09171.15
PF05039.18	PF05039.18
PF10427.14	PF10427.14
PF22474.2	PF22474.2
PF22362.1	PF22362.1
PF18236.6	PF18236.6
PF18351.6	PF18351.6
PF22472.1	PF22472.1
PF22476.1	PF22476.1
PF22333.2	PF22333.2
PF06376.17	PF06376.17
PF04647.20	PF04647.20
PF19188.5	PF19188.5
PF05931.16	PF05931.16
PF04730.17	PF04730.17
PF18134.7	PF18134.7
PF11440.14	PF11440.14
PF06396.16	PF06396.16
PF09229.17	PF09229.17
PF17793.6	PF17793.6
PF14412.12	PF14412.12
PF18743.7	PF18743.7
PF17327.7	PF17327.7
PF00578.27	PF00578.27
PF00578.27	PF08534.16
PF13911.12	PF13911.12
PF08327.17	PF08327.17
PF08327.17	PF10604.15
PF09236.15	PF09236.15
PF21423.2	PF21423.2
PF21986.1	PF21986.1
PF01594.21	PF01594.21
PF21368.3	PF21368.3
PF15334.11	PF15334.11
PF01808.24	PF01808.24
PF18767.7	PF18767.7
PF16168.11	PF16168.11
PF14186.12	PF14186.12
PF22463.2	PF22463.2
PF22462.2	PF22462.2
PF20946.2	PF20946.2
PF09696.15	PF09696.15
PF00859.23	PF00859.23
PF14262.12	PF14262.12
PF06934.16	PF06934.16
PF10482.14	PF10482.14
PF12243.14	PF12243.14
PF12350.13	PF12350.13
PF10607.14	PF10607.14
PF23138.1	PF23138.1
PF07863.16	PF07863.16
PF08347.16	PF08347.16
PF08216.17	PF08216.17
PF01982.22	PF01982.22
PF22694.1	PF22694.1
PF06418.20	PF06418.20
PF01148.25	PF01148.25
PF02348.25	PF02348.25
PF01467.32	PF01467.32
PF04145.20	PF04145.20
PF05848.17	PF05848.17
PF15729.11	PF15729.11
PF17727.6	PF17727.6
PF18244.6	PF18244.6
PF23681.1	PF23681.1
PF10288.14	PF10288.14
PF06922.16	PF06922.16
PF04808.17	PF04808.17
PF07184.16	PF07184.16
PF06706.16	PF06706.16
PF16710.10	PF16710.10
PF07459.16	PF07459.16
PF17435.7	PF17435.7
PF02626.20	PF02626.20
PF02682.21	PF02682.21
PF17563.7	PF17563.7
PF11617.13	PF11617.13
PF00394.28	PF00394.28
PF07731.20	PF07731.20
PF07732.21	PF07732.21
PF02578.20	PF02578.20
PF01082.25	PF01082.25
PF03712.20	PF03712.20
PF00431.26	PF00431.26
PF02408.26	PF02408.26
PF21765.4	PF21765.4
PF23667.1	PF23667.1
PF23668.1	PF23668.1
PF25142.1	PF25142.1
PF23060.1	PF23060.1
PF23061.1	PF23061.1
PF23062.1	PF23062.1
PF23063.1	PF23063.1
PF23064.1	PF23064.1
PF23059.1	PF23059.1
PF23068.1	PF23068.1
PF18631.6	PF18631.6
PF03263.19	PF03263.19
PF00760.24	PF00760.24
PF02845.22	PF02845.22
PF18499.6	PF18499.6
PF21172.3	PF21172.3
PF11515.14	PF11515.14
PF23168.2	PF23168.2
PF00888.28	PF00888.28
PF03556.21	PF03556.21
PF10557.15	PF10557.15
PF11819.13	PF11819.13
PF00190.28	PF00190.28
PF07883.17	PF07883.17
PF05899.18	PF05899.18
PF06172.17	PF06172.17
PF12852.13	PF12852.13
PF12973.13	PF12973.13
PF13621.12	PF13621.12
PF24419.1	PF24419.1
PF13473.12	PF13473.12
PF22621.2	PF22621.2
PF07012.17	PF07012.17
PF07325.16	PF07325.16
PF07436.16	PF07436.16
PF00529.27	PF00529.27
PF11604.15	PF11604.15
PF21085.3	PF21085.3
PF23999.1	PF23999.1
PF02376.21	PF02376.21
PF11500.13	PF11500.13
PF08559.15	PF08559.15
PF03091.20	PF03091.20
PF03932.20	PF03932.20
PF08140.16	PF08140.16
PF08184.16	PF08184.16
PF11018.13	PF11018.13
PF15955.10	PF15955.10
PF01083.28	PF01083.28
PF16557.11	PF16557.11
PF25301.1	PF25301.1
PF25057.1	PF25057.1
PF23127.1	PF23127.1
PF09850.14	PF09850.14
PF23131.1	PF23131.1
PF23129.1	PF23129.1
PF09475.16	PF09475.16
PF07680.16	PF07680.16
PF04173.18	PF04173.18
PF07681.17	PF07681.17
PF13564.11	PF13564.11
PF13781.11	PF13781.11
PF08781.15	PF08781.15
PF08985.17	PF08985.17
PF16924.11	PF16924.11
PF21383.2	PF21383.2
PF03330.24	PF03330.24
PF25395.1	PF25395.1
PF25193.1	PF25193.1
PF25195.1	PF25195.1
PF25194.1	PF25194.1
PF25196.1	PF25196.1
PF25197.1	PF25197.1
PF14913.11	PF14913.11
PF14051.11	PF14051.11
PF07297.17	PF07297.17
PF08285.16	PF08285.16
PF14207.11	PF14207.11
PF23117.1	PF23117.1
PF06044.18	PF06044.18
PF04556.18	PF04556.18
PF18742.7	PF18742.7
PF17726.7	PF17726.7
PF22062.2	PF22062.2
PF12213.14	PF12213.14
PF14049.11	PF14049.11
PF00930.27	PF00930.27
PF18811.7	PF18811.7
PF19520.5	PF19520.5
PF21102.3	PF21102.3
PF17782.7	PF17782.7
PF04244.19	PF04244.19
PF05186.18	PF05186.18
PF10034.15	PF10034.15
PF18069.6	PF18069.6
PF21586.3	PF21586.3
PF18092.7	PF18092.7
PF07357.16	PF07357.16
PF15550.11	PF15550.11
PF11719.13	PF11719.13
PF24671.2	PF24671.2
PF16803.11	PF16803.11
PF23724.1	PF23724.1
PF23725.1	PF23725.1
PF05558.17	PF05558.17
PF05219.18	PF05219.18
PF06345.17	PF06345.17
PF06346.17	PF06346.17
PF06367.22	PF06367.22
PF06371.19	PF06371.19
PF20309.4	PF20309.4
PF21135.2	PF21135.2
PF07522.19	PF07522.19
PF24957.1	PF24957.1
PF24955.1	PF24955.1
PF13732.12	PF13732.12
PF14860.11	PF14860.11
PF13686.11	PF13686.11
PF07085.17	PF07085.17
PF14236.11	PF14236.11
PF09750.14	PF09750.14
PF12393.13	PF12393.13
PF01916.23	PF01916.23
PF01323.26	PF01323.26
PF21575.2	PF21575.2
PF02600.21	PF02600.21
PF10411.14	PF10411.14
PF13386.12	PF13386.12
PF11412.14	PF11412.14
PF02683.22	PF02683.22
PF18257.6	PF18257.6
PF13373.11	PF13373.11
PF10302.15	PF10302.15
PF12355.13	PF12355.13
PF01984.25	PF01984.25
PF08148.17	PF08148.17
PF12316.13	PF12316.13
PF01414.25	PF01414.25
PF11989.14	PF11989.14
PF11988.14	PF11988.14
PF00782.25	PF00782.25
PF14671.11	PF14671.11
PF10781.14	PF10781.14
PF17842.7	PF17842.7
PF04358.19	PF04358.19
PF08679.17	PF08679.17
PF02635.20	PF02635.20
PF04077.17	PF04077.17
PF00035.32	PF00035.32
PF24995.1	PF24995.1
PF24385.1	PF24385.1
PF22901.2	PF22901.2
PF09981.14	PF09981.14
PF02720.22	PF02720.22
PF09986.15	PF09986.15
PF09987.14	PF09987.14
PF09988.15	PF09988.15
PF09989.15	PF09989.15
PF02721.21	PF02721.21
PF09990.14	PF09990.14
PF09991.14	PF09991.14
PF09996.14	PF09996.14
PF09997.14	PF09997.14
PF09998.14	PF09998.14
PF09999.14	PF09999.14
PF10001.14	PF10001.14
PF10002.14	PF10002.14
PF10003.15	PF10003.15
PF10004.14	PF10004.14
PF10006.14	PF10006.14
PF10007.15	PF10007.15
PF10008.16	PF10008.16
PF10009.15	PF10009.15
PF10011.15	PF10011.15
PF10012.15	PF10012.15
PF10013.15	PF10013.15
PF10016.14	PF10016.14
PF02890.19	PF02890.19
PF10020.14	PF10020.14
PF10022.15	PF10022.15
PF20938.3	PF20938.3
PF10025.14	PF10025.14
PF10026.15	PF10026.15
PF10027.14	PF10027.14
PF10028.14	PF10028.14
PF10029.15	PF10029.15
PF10030.15	PF10030.15
PF10031.14	PF10031.14
PF10038.14	PF10038.14
PF10039.14	PF10039.14
PF10041.14	PF10041.14
PF10042.14	PF10042.14
PF10043.14	PF10043.14
PF02989.19	PF02989.19
PF10045.14	PF10045.14
PF10047.15	PF10047.15
PF10048.14	PF10048.14
PF10049.14	PF10049.14
PF10050.14	PF10050.14
PF10051.14	PF10051.14
PF10052.14	PF10052.14
PF02995.22	PF02995.22
PF10053.14	PF10053.14
PF10054.14	PF10054.14
PF10055.14	PF10055.14
PF10056.14	PF10056.14
PF10060.15	PF10060.15
PF10061.14	PF10061.14
PF10062.14	PF10062.14
PF10063.14	PF10063.14
PF10065.14	PF10065.14
PF10066.14	PF10066.14
PF10067.14	PF10067.14
PF10071.14	PF10071.14
PF10077.14	PF10077.14
PF10078.15	PF10078.15
PF10083.14	PF10083.14
PF10084.14	PF10084.14
PF10087.14	PF10087.14
PF10088.15	PF10088.15
PF10092.14	PF10092.14
PF10094.14	PF10094.14
PF10095.14	PF10095.14
PF10096.14	PF10096.14
PF10097.14	PF10097.14
PF10098.14	PF10098.14
PF10101.14	PF10101.14
PF03008.20	PF03008.20
PF10209.14	PF10209.14
PF10102.14	PF10102.14
PF10105.14	PF10105.14
PF10106.14	PF10106.14
PF09823.15	PF09823.15
PF10184.16	PF10184.16
PF03057.20	PF03057.20
PF10166.14	PF10166.14
PF03072.19	PF03072.19
PF10177.14	PF10177.14
PF09574.15	PF09574.15
PF09558.15	PF09558.15
PF09536.15	PF09536.15
PF09543.15	PF09543.15
PF09533.15	PF09533.15
PF09544.15	PF09544.15
PF09557.15	PF09557.15
PF09537.16	PF09537.16
PF09539.15	PF09539.15
PF09526.16	PF09526.16
PF09498.15	PF09498.15
PF09493.15	PF09493.15
PF09523.15	PF09523.15
PF09622.15	PF09622.15
PF11925.13	PF11925.13
PF11926.13	PF11926.13
PF11928.13	PF11928.13
PF11929.14	PF11929.14
PF11932.13	PF11932.13
PF11934.13	PF11934.13
PF11937.13	PF11937.13
PF11938.13	PF11938.13
PF11940.14	PF11940.14
PF17432.8	PF17432.8
PF11941.14	PF11941.14
PF03984.19	PF03984.19
PF11943.13	PF11943.13
PF11944.13	PF11944.13
PF11946.13	PF11946.13
PF11947.13	PF11947.13
PF11948.15	PF11948.15
PF11949.14	PF11949.14
PF11950.13	PF11950.13
PF03988.17	PF03988.17
PF11953.13	PF11953.13
PF11954.13	PF11954.13
PF11958.15	PF11958.15
PF11959.13	PF11959.13
PF11960.13	PF11960.13
PF11961.13	PF11961.13
PF11965.13	PF11965.13
PF03990.20	PF03990.20
PF11980.13	PF11980.13
PF11981.13	PF11981.13
PF11982.13	PF11982.13
PF11984.13	PF11984.13
PF11990.13	PF11990.13
PF11994.14	PF11994.14
PF03993.17	PF03993.17
PF11995.13	PF11995.13
PF11996.13	PF11996.13
PF11997.14	PF11997.14
PF11998.13	PF11998.13
PF12001.13	PF12001.13
PF12005.13	PF12005.13
PF01784.23	PF01784.23
PF03994.20	PF03994.20
PF12006.13	PF12006.13
PF12007.14	PF12007.14
PF12010.13	PF12010.13
PF12012.13	PF12012.13
PF12021.13	PF12021.13
PF12023.13	PF12023.13
PF12024.13	PF12024.13
PF12027.13	PF12027.13
PF12028.13	PF12028.13
PF12029.13	PF12029.13
PF12030.13	PF12030.13
PF12033.13	PF12033.13
PF12036.14	PF12036.14
PF12039.13	PF12039.13
PF12040.14	PF12040.14
PF12043.14	PF12043.14
PF12045.13	PF12045.13
PF12048.14	PF12048.14
PF12049.13	PF12049.13
PF12051.14	PF12051.14
PF12054.13	PF12054.13
PF12055.13	PF12055.13
PF12056.13	PF12056.13
PF04007.18	PF04007.18
PF12059.13	PF12059.13
PF12060.13	PF12060.13
PF12064.13	PF12064.13
PF12065.13	PF12065.13
PF12069.13	PF12069.13
PF12071.13	PF12071.13
PF12073.14	PF12073.14
PF12077.13	PF12077.13
PF12078.13	PF12078.13
PF12079.13	PF12079.13
PF04009.17	PF04009.17
PF12083.13	PF12083.13
PF12084.13	PF12084.13
PF12085.13	PF12085.13
PF12086.13	PF12086.13
PF12087.13	PF12087.13
PF12088.13	PF12088.13
PF12089.13	PF12089.13
PF12091.13	PF12091.13
PF12092.13	PF12092.13
PF04010.18	PF04010.18
PF12094.14	PF12094.14
PF12096.13	PF12096.13
PF12097.14	PF12097.14
PF12098.13	PF12098.13
PF12099.14	PF12099.14
PF12100.13	PF12100.13
PF12101.13	PF12101.13
PF12112.13	PF12112.13
PF12119.13	PF12119.13
PF12128.14	PF12128.14
PF12131.13	PF12131.13
PF12132.13	PF12132.13
PF18978.5	PF18978.5
PF18979.5	PF18979.5
PF18980.5	PF18980.5
PF18983.5	PF18983.5
PF18984.5	PF18984.5
PF18985.5	PF18985.5
PF18986.5	PF18986.5
PF18987.5	PF18987.5
PF18988.5	PF18988.5
PF18989.5	PF18989.5
PF18990.6	PF18990.6
PF18991.6	PF18991.6
PF18992.5	PF18992.5
PF18996.5	PF18996.5
PF18997.6	PF18997.6
PF18999.5	PF18999.5
PF19000.5	PF19000.5
PF19001.5	PF19001.5
PF19002.5	PF19002.5
PF19003.5	PF19003.5
PF19004.6	PF19004.6
PF19005.6	PF19005.6
PF19006.5	PF19006.5
PF19007.6	PF19007.6
PF19008.5	PF19008.5
PF19009.5	PF19009.5
PF19010.6	PF19010.6
PF19011.5	PF19011.5
PF19012.5	PF19012.5
PF19013.5	PF19013.5
PF19014.5	PF19014.5
PF19015.5	PF19015.5
PF19016.5	PF19016.5
PF19017.6	PF19017.6
PF19022.5	PF19022.5
PF19023.6	PF19023.6
PF04746.17	PF04746.17
PF19024.5	PF19024.5
PF19025.5	PF19025.5
PF19027.5	PF19027.5
PF19054.6	PF19054.6
PF19058.5	PF19058.5
PF19059.5	PF19059.5
PF19061.5	PF19061.5
PF19062.5	PF19062.5
PF19063.5	PF19063.5
PF04507.18	PF04507.18
PF19064.5	PF19064.5
PF19067.5	PF19067.5
PF19068.5	PF19068.5
PF19069.5	PF19069.5
PF19070.5	PF19070.5
PF19071.5	PF19071.5
PF19072.5	PF19072.5
PF19073.5	PF19073.5
PF04510.17	PF04510.17
PF19074.5	PF19074.5
PF19075.5	PF19075.5
PF19080.5	PF19080.5
PF19082.5	PF19082.5
PF19083.5	PF19083.5
PF19084.5	PF19084.5
PF19087.6	PF19087.6
PF19089.6	PF19089.6
PF19090.5	PF19090.5
PF19091.5	PF19091.5
PF19092.6	PF19092.6
PF19093.5	PF19093.5
PF19095.5	PF19095.5
PF19096.5	PF19096.5
PF19098.5	PF19098.5
PF19099.5	PF19099.5
PF19100.5	PF19100.5
PF19101.5	PF19101.5
PF19102.6	PF19102.6
PF19103.5	PF19103.5
PF19104.5	PF19104.5
PF19105.5	PF19105.5
PF19106.5	PF19106.5
PF19107.5	PF19107.5
PF19108.5	PF19108.5
PF19109.5	PF19109.5
PF19110.5	PF19110.5
PF19111.5	PF19111.5
PF19113.5	PF19113.5
PF01882.25	PF01882.25
PF19115.5	PF19115.5
PF19116.6	PF19116.6
PF19118.5	PF19118.5
PF19119.5	PF19119.5
PF19120.5	PF19120.5
PF19121.6	PF19121.6
PF19122.5	PF19122.5
PF19123.5	PF19123.5
PF19124.5	PF19124.5
PF19125.5	PF19125.5
PF19126.5	PF19126.5
PF19128.5	PF19128.5
PF19129.5	PF19129.5
PF19130.5	PF19130.5
PF21849.1	PF21849.1
PF21850.2	PF21850.2
PF21851.2	PF21851.2
PF21852.1	PF21852.1
PF21853.1	PF21853.1
PF21857.2	PF21857.2
PF21858.2	PF21858.2
PF21866.1	PF21866.1
PF21880.1	PF21880.1
PF21891.1	PF21891.1
PF21893.1	PF21893.1
PF21897.1	PF21897.1
PF21900.3	PF21900.3
PF21900.3	PF20181.5
PF21914.1	PF21914.1
PF21956.1	PF21956.1
PF21959.2	PF21959.2
PF21962.1	PF21962.1
PF21973.2	PF21973.2
PF21977.1	PF21977.1
PF21992.2	PF21992.2
PF21997.1	PF21997.1
PF22000.2	PF22000.2
PF05113.18	PF05113.18
PF22007.2	PF22007.2
PF22011.2	PF22011.2
PF22014.2	PF22014.2
PF22016.2	PF22016.2
PF22028.2	PF22028.2
PF22043.2	PF22043.2
PF22052.2	PF22052.2
PF22053.2	PF22053.2
PF22075.2	PF22075.2
PF22086.1	PF22086.1
PF22091.2	PF22091.2
PF22098.1	PF22098.1
PF22105.2	PF22105.2
PF22116.1	PF22116.1
PF22182.2	PF22182.2
PF22187.2	PF22187.2
PF22239.2	PF22239.2
PF22253.2	PF22253.2
PF22258.1	PF22258.1
PF05117.17	PF05117.17
PF22262.2	PF22262.2
PF22263.1	PF22263.1
PF22264.1	PF22264.1
PF22266.2	PF22266.2
PF22268.1	PF22268.1
PF22271.1	PF22271.1
PF22273.1	PF22273.1
PF22275.1	PF22275.1
PF22278.2	PF22278.2
PF22281.1	PF22281.1
PF22283.2	PF22283.2
PF22284.1	PF22284.1
PF22285.2	PF22285.2
PF22288.1	PF22288.1
PF22291.1	PF22291.1
PF22292.1	PF22292.1
PF22294.1	PF22294.1
PF22295.1	PF22295.1
PF22302.1	PF22302.1
PF22308.1	PF22308.1
PF05128.17	PF05128.17
PF22311.1	PF22311.1
PF22318.1	PF22318.1
PF22319.1	PF22319.1
PF22322.1	PF22322.1
PF22388.2	PF22388.2
PF22391.1	PF22391.1
PF22396.1	PF22396.1
PF22398.1	PF22398.1
PF22399.1	PF22399.1
PF22400.1	PF22400.1
PF22403.1	PF22403.1
PF22478.1	PF22478.1
PF22480.1	PF22480.1
PF22481.1	PF22481.1
PF22484.2	PF22484.2
PF22485.1	PF22485.1
PF22491.1	PF22491.1
PF22497.1	PF22497.1
PF22499.1	PF22499.1
PF22501.1	PF22501.1
PF22503.1	PF22503.1
PF22504.1	PF22504.1
PF22507.2	PF22507.2
PF22515.2	PF22515.2
PF22518.2	PF22518.2
PF22522.2	PF22522.2
PF22523.1	PF22523.1
PF22526.2	PF22526.2
PF22529.2	PF22529.2
PF22529.2	PF20565.4
PF22531.2	PF22531.2
PF22535.1	PF22535.1
PF22539.1	PF22539.1
PF22541.2	PF22541.2
PF22652.1	PF22652.1
PF22653.1	PF22653.1
PF22654.1	PF22654.1
PF20009.4	PF20009.4
PF04828.22	PF04828.22
PF17331.7	PF17331.7
PF01408.29	PF01408.29
PF02894.22	PF02894.22
PF19051.5	PF19051.5
PF22725.1	PF22725.1
PF01353.27	PF01353.27
PF06399.18	PF06399.18
PF14843.11	PF14843.11
PF06094.17	PF06094.17
PF18308.6	PF18308.6
PF00990.26	PF00990.26
PF17853.6	PF17853.6
PF24898.2	PF24898.2
PF14057.11	PF14057.11
PF15685.10	PF15685.10
PF22578.2	PF22578.2
PF14410.12	PF14410.12
PF21466.3	PF21466.3
PF17995.8	PF17995.8
PF22612.2	PF22612.2
PF14741.12	PF14741.12
PF17829.7	PF17829.7
PF13320.12	PF13320.12
PF19543.5	PF19543.5
PF18271.8	PF18271.8
PF21231.2	PF21231.2
PF16141.11	PF16141.11
PF03321.19	PF03321.19
PF16346.12	PF16346.12
PF23572.1	PF23572.1
PF23571.1	PF23571.1
PF25146.1	PF25146.1
PF16369.11	PF16369.11
PF17851.8	PF17851.8
PF21910.2	PF21910.2
PF14509.12	PF14509.12
PF14508.12	PF14508.12
PF12772.12	PF12772.12
PF17834.7	PF17834.7
PF02638.21	PF02638.21
PF14883.12	PF14883.12
PF14885.12	PF14885.12
PF14872.12	PF14872.12
PF14871.12	PF14871.12
PF08544.19	PF08544.19
PF00288.32	PF00288.32
PF11080.13	PF11080.13
PF01134.28	PF01134.28
PF21680.2	PF21680.2
PF02527.21	PF02527.21
PF12483.13	PF12483.13
PF13856.12	PF13856.12
PF07350.18	PF07350.18
PF08388.16	PF08388.16
PF24994.1	PF24994.1
PF03227.22	PF03227.22
PF10764.14	PF10764.14
PF22090.1	PF22090.1
PF24793.1	PF24793.1
PF06972.17	PF06972.17
PF25083.1	PF25083.1
PF25082.1	PF25082.1
PF12205.13	PF12205.13
PF11710.14	PF11710.14
PF16559.10	PF16559.10
PF08518.16	PF08518.16
PF01541.30	PF01541.30
PF20815.3	PF20815.3
PF19239.5	PF19239.5
PF03359.18	PF03359.18
PF20741.3	PF20741.3
PF22198.1	PF22198.1
PF22645.1	PF22645.1
PF00594.26	PF00594.26
PF10912.14	PF10912.14
PF21174.3	PF21174.3
PF11397.14	PF11397.14
PF18440.7	PF18440.7
PF07221.17	PF07221.17
PF17847.7	PF17847.7
PF19937.4	PF19937.4
PF14109.11	PF14109.11
PF22827.1	PF22827.1
PF12081.13	PF12081.13
PF21601.3	PF21601.3
PF21602.3	PF21602.3
PF12080.14	PF12080.14
PF19841.4	PF19841.4
PF07817.19	PF07817.19
PF10528.15	PF10528.15
PF03275.19	PF03275.19
PF24929.1	PF24929.1
PF19320.4	PF19320.4
PF17994.7	PF17994.7
PF22019.2	PF22019.2
PF21702.3	PF21702.3
PF11896.14	PF11896.14
PF08971.16	PF08971.16
PF12354.14	PF12354.14
PF07979.17	PF07979.17
PF01348.27	PF01348.27
PF21386.2	PF21386.2
PF19435.4	PF19435.4
PF20504.3	PF20504.3
PF14964.11	PF14964.11
PF22929.2	PF22929.2
PF22928.2	PF22928.2
PF12432.14	PF12432.14
PF14750.11	PF14750.11
PF10189.15	PF10189.15
PF24493.1	PF24493.1
PF25458.1	PF25458.1
PF14838.11	PF14838.11
PF14837.11	PF14837.11
PF22965.1	PF22965.1
PF22966.1	PF22966.1
PF24437.2	PF24437.2
PF24436.2	PF24436.2
PF21382.2	PF21382.2
PF19031.6	PF19031.6
PF19032.6	PF19032.6
PF19033.6	PF19033.6
PF22350.2	PF22350.2
PF24624.1	PF24624.1
PF14882.11	PF14882.11
PF15300.11	PF15300.11
PF18785.7	PF18785.7
PF09134.16	PF09134.16
PF09134.16	PF02369.22
PF09134.16	PF18565.7
PF21764.3	PF21764.3
PF03519.19	PF03519.19
PF05689.17	PF05689.17
PF04741.18	PF04741.18
PF00904.22	PF00904.22
PF06994.16	PF06994.16
PF10583.14	PF10583.14
PF11837.13	PF11837.13
PF00552.27	PF00552.27
PF00520.37	PF00520.37
PF07885.22	PF07885.22
PF08412.15	PF08412.15
PF03278.18	PF03278.18
PF09599.15	PF09599.15
PF05925.17	PF05925.17
PF06415.18	PF06415.18
PF12333.14	PF12333.14
PF11634.13	PF11634.13
PF03770.22	PF03770.22
PF22615.1	PF22615.1
PF04979.19	PF04979.19
PF01715.23	PF01715.23
PF01745.22	PF01745.22
PF18203.6	PF18203.6
PF18783.7	PF18783.7
PF02121.25	PF02121.25
PF00612.33	PF00612.33
PF15157.13	PF15157.13
PF24609.1	PF24609.1
PF16453.11	PF16453.11
PF12185.13	PF12185.13
PF24576.1	PF24576.1
PF06135.17	PF06135.17
PF22563.2	PF22563.2
PF00605.23	PF00605.23
PF11261.13	PF11261.13
PF25457.1	PF25457.1
PF10401.14	PF10401.14
PF12595.13	PF12595.13
PF01007.26	PF01007.26
PF17655.7	PF17655.7
PF08466.15	PF08466.15
PF18673.7	PF18673.7
PF04120.17	PF04120.17
PF04362.19	PF04362.19
PF10634.15	PF10634.15
PF21390.2	PF21390.2
PF02174.23	PF02174.23
PF21729.3	PF21729.3
PF06215.16	PF06215.16
PF20861.2	PF20861.2
PF16625.10	PF16625.10
PF11727.13	PF11727.13
PF10281.14	PF10281.14
PF24403.1	PF24403.1
PF02060.20	PF02060.20
PF20141.4	PF20141.4
PF06437.16	PF06437.16
PF21156.3	PF21156.3
PF21331.3	PF21331.3
PF00857.26	PF00857.26
PF18324.6	PF18324.6
PF00180.25	PF00180.25
PF18161.7	PF18161.7
PF18161.7	PF18045.7
PF04279.20	PF04279.20
PF01128.25	PF01128.25
PF18706.7	PF18706.7
PF22240.1	PF22240.1
PF03398.19	PF03398.19
PF01810.24	PF01810.24
PF03641.19	PF03641.19
PF02402.22	PF02402.22
PF01476.26	PF01476.26
PF01476.26	PF23473.1
PF25139.2	PF25139.2
PF23446.1	PF23446.1
PF23472.1	PF23472.1
PF23457.1	PF23457.1
PF23462.1	PF23462.1
PF04225.17	PF04225.17
PF23577.1	PF23577.1
PF13702.11	PF13702.11
PF03466.25	PF03466.25
PF22626.3	PF22626.3
PF01186.22	PF01186.22
PF03956.18	PF03956.18
PF13434.12	PF13434.12
PF02401.23	PF02401.23
PF18342.7	PF18342.7
PF21640.2	PF21640.2
PF13399.11	PF13399.11
PF03816.19	PF03816.19
PF04397.21	PF04397.21
PF07385.18	PF07385.18
PF18517.6	PF18517.6
PF14389.11	PF14389.11
PF13011.12	PF13011.12
PF13007.12	PF13007.12
PF04604.19	PF04604.19
PF10242.14	PF10242.14
PF06673.17	PF06673.17
PF06430.17	PF06430.17
PF06488.17	PF06488.17
PF12603.13	PF12603.13
PF15518.12	PF15518.12
PF21561.2	PF21561.2
PF02370.21	PF02370.21
PF03855.18	PF03855.18
PF25030.1	PF25030.1
PF06617.18	PF06617.18
PF12216.13	PF12216.13
PF11099.13	PF11099.13
PF11624.13	PF11624.13
PF22158.1	PF22158.1
PF17262.7	PF17262.7
PF17955.6	PF17955.6
PF21350.2	PF21350.2
PF17952.6	PF17952.6
PF24122.1	PF24122.1
PF24121.1	PF24121.1
PF16593.10	PF16593.10
PF18470.6	PF18470.6
PF17893.6	PF17893.6
PF18525.6	PF18525.6
PF22385.1	PF22385.1
PF16595.10	PF16595.10
PF18070.6	PF18070.6
PF21574.2	PF21574.2
PF16592.10	PF16592.10
PF22702.2	PF22702.2
PF17894.6	PF17894.6
PF12366.13	PF12366.13
PF15927.10	PF15927.10
PF00363.23	PF00363.23
PF00997.23	PF00997.23
PF16907.10	PF16907.10
PF16632.10	PF16632.10
PF16600.10	PF16600.10
PF08172.17	PF08172.17
PF04535.17	PF04535.17
PF14526.11	PF14526.11
PF14526.11	PF06445.20
PF10174.14	PF10174.14
PF21389.3	PF21389.3
PF18700.6	PF18700.6
PF06241.17	PF06241.17
PF09651.16	PF09651.16
PF12026.14	PF12026.14
PF09670.15	PF09670.15
PF01867.21	PF01867.21
PF09707.15	PF09707.15
PF01930.23	PF01930.23
PF09704.15	PF09704.15
PF01881.21	PF01881.21
PF05107.17	PF05107.17
PF09700.15	PF09700.15
PF09701.15	PF09701.15
PF21918.1	PF21918.1
PF09703.15	PF09703.15
PF09702.15	PF09702.15
PF09709.15	PF09709.15
PF03378.21	PF03378.21
PF22206.1	PF22206.1
PF22208.1	PF22208.1
PF09659.15	PF09659.15
PF09711.16	PF09711.16
PF09620.15	PF09620.15
PF09657.15	PF09657.15
PF09658.15	PF09658.15
PF03050.20	PF03050.20
PF13817.11	PF13817.11
PF07592.17	PF07592.17
PF01610.23	PF01610.23
PF01526.23	PF01526.23
PF02862.22	PF02862.22
PF24669.2	PF24669.2
PF22406.1	PF22406.1
PF08841.16	PF08841.16
PF21114.3	PF21114.3
PF12747.12	PF12747.12
PF18763.7	PF18763.7
PF09756.15	PF09756.15
PF18427.7	PF18427.7
PF02791.22	PF02791.22
PF25430.1	PF25430.1
PF12121.13	PF12121.13
PF00270.35	PF00270.35
PF06733.21	PF06733.21
PF08494.16	PF08494.16
PF12343.13	PF12343.13
PF25399.1	PF25399.1
PF24241.1	PF24241.1
PF00531.28	PF00531.28
PF14786.12	PF14786.12
PF21733.3	PF21733.3
PF24979.1	PF24979.1
PF24978.1	PF24978.1
PF23629.1	PF23629.1
PF24094.1	PF24094.1
PF23630.1	PF23630.1
PF04624.19	PF04624.19
PF04626.18	PF04626.18
PF04625.18	PF04625.18
PF15859.10	PF15859.10
PF25296.1	PF25296.1
PF02352.20	PF02352.20
PF01335.27	PF01335.27
PF21762.3	PF21762.3
PF01548.23	PF01548.23
PF17333.7	PF17333.7
PF17546.7	PF17546.7
PF24552.1	PF24552.1
PF00323.24	PF00323.24
PF01097.24	PF01097.24
PF08131.16	PF08131.16
PF07936.17	PF07936.17
PF18251.7	PF18251.7
PF00711.24	PF00711.24
PF13841.11	PF13841.11
PF14862.11	PF14862.11
PF17858.6	PF17858.6
PF10868.14	PF10868.14
PF00879.23	PF00879.23
PF17860.6	PF17860.6
PF08181.16	PF08181.16
PF05384.16	PF05384.16
PF01041.23	PF01041.23
PF02645.21	PF02645.21
PF13486.11	PF13486.11
PF10778.14	PF10778.14
PF09098.15	PF09098.15
PF13816.12	PF13816.12
PF02286.21	PF02286.21
PF02288.20	PF02288.20
PF02287.20	PF02287.20
PF00257.24	PF00257.24
PF08766.16	PF08766.16
PF12041.13	PF12041.13
PF16020.10	PF16020.10
PF05599.16	PF05599.16
PF05372.16	PF05372.16
PF15498.11	PF15498.11
PF02141.26	PF02141.26
PF09804.14	PF09804.14
PF21023.2	PF21023.2
PF02336.20	PF02336.20
PF01791.15	PF01791.15
PF00455.28	PF00455.28
PF00610.27	PF00610.27
PF19418.4	PF19418.4
PF15343.11	PF15343.11
PF04511.20	PF04511.20
PF14704.11	PF14704.11
PF15291.11	PF15291.11
PF23540.2	PF23540.2
PF06771.16	PF06771.16
PF05497.17	PF05497.17
PF01880.24	PF01880.24
PF06397.17	PF06397.17
PF09737.14	PF09737.14
PF01905.21	PF01905.21
PF10539.14	PF10539.14
PF15198.11	PF15198.11
PF24557.2	PF24557.2
PF23703.1	PF23703.1
PF22527.2	PF22527.2
PF09033.15	PF09033.15
PF09230.16	PF09230.16
PF04127.22	PF04127.22
PF06679.17	PF06679.17
PF06680.16	PF06680.16
PF06681.19	PF06681.19
PF06683.16	PF06683.16
PF06685.17	PF06685.17
PF06688.16	PF06688.16
PF06691.16	PF06691.16
PF06693.16	PF06693.16
PF06697.18	PF06697.18
PF06698.16	PF06698.16
PF06707.17	PF06707.17
PF06708.16	PF06708.16
PF06711.16	PF06711.16
PF06712.16	PF06712.16
PF06717.16	PF06717.16
PF06718.16	PF06718.16
PF06721.16	PF06721.16
PF06724.16	PF06724.16
PF06727.17	PF06727.17
PF06742.16	PF06742.16
PF06746.16	PF06746.16
PF06748.17	PF06748.17
PF06749.17	PF06749.17
PF06760.16	PF06760.16
PF06764.17	PF06764.17
PF06797.16	PF06797.16
PF01986.22	PF01986.22
PF06802.16	PF06802.16
PF06803.17	PF06803.17
PF06806.18	PF06806.18
PF06822.17	PF06822.17
PF06823.17	PF06823.17
PF06836.17	PF06836.17
PF06842.17	PF06842.17
PF06844.16	PF06844.16
PF06849.18	PF06849.18
PF06851.17	PF06851.17
PF06852.18	PF06852.18
PF06853.17	PF06853.17
PF06863.17	PF06863.17
PF06866.16	PF06866.16
PF06868.16	PF06868.16
PF06869.18	PF06869.18
PF06880.16	PF06880.16
PF06882.17	PF06882.17
PF06884.16	PF06884.16
PF06887.19	PF06887.19
PF06889.16	PF06889.16
PF06897.17	PF06897.17
PF06900.16	PF06900.16
PF06906.16	PF06906.16
PF06912.16	PF06912.16
PF06918.19	PF06918.19
PF06924.17	PF06924.17
PF18406.6	PF18406.6
PF06932.16	PF06932.16
PF06935.16	PF06935.16
PF21028.2	PF21028.2
PF06938.16	PF06938.16
PF06939.16	PF06939.16
PF06940.17	PF06940.17
PF06945.18	PF06945.18
PF06947.17	PF06947.17
PF06949.16	PF06949.16
PF06950.17	PF06950.17
PF06961.18	PF06961.18
PF06966.17	PF06966.17
PF06973.17	PF06973.17
PF06975.16	PF06975.16
PF06980.17	PF06980.17
PF06993.17	PF06993.17
PF06998.16	PF06998.16
PF07000.17	PF07000.17
PF01998.22	PF01998.22
PF07006.16	PF07006.16
PF07013.16	PF07013.16
PF07023.17	PF07023.17
PF07026.16	PF07026.16
PF07027.17	PF07027.17
PF07028.16	PF07028.16
PF07032.16	PF07032.16
PF07040.16	PF07040.16
PF07041.16	PF07041.16
PF07043.18	PF07043.18
PF07044.18	PF07044.18
PF07045.17	PF07045.17
PF07048.16	PF07048.16
PF07056.16	PF07056.16
PF02001.22	PF02001.22
PF07067.16	PF07067.16
PF07076.17	PF07076.17
PF07077.16	PF07077.16
PF07079.16	PF07079.16
PF07080.17	PF07080.17
PF07081.18	PF07081.18
PF07082.17	PF07082.17
PF07083.16	PF07083.16
PF07087.16	PF07087.16
PF07094.16	PF07094.16
PF07096.16	PF07096.16
PF14209.11	PF14209.11
PF14210.11	PF14210.11
PF14213.11	PF14213.11
PF14216.11	PF14216.11
PF14217.11	PF14217.11
PF14219.11	PF14219.11
PF14220.11	PF14220.11
PF04255.20	PF04255.20
PF14221.11	PF14221.11
PF14224.11	PF14224.11
PF14229.12	PF14229.12
PF14230.11	PF14230.11
PF14232.11	PF14232.11
PF14233.11	PF14233.11
PF14234.11	PF14234.11
PF14235.11	PF14235.11
PF04256.18	PF04256.18
PF14238.11	PF14238.11
PF14242.11	PF14242.11
PF14247.12	PF14247.12
PF14248.12	PF14248.12
PF14252.11	PF14252.11
PF14254.12	PF14254.12
PF14257.11	PF14257.11
PF14258.12	PF14258.12
PF14261.11	PF14261.11
PF11611.13	PF11611.13
PF14263.11	PF14263.11
PF14265.11	PF14265.11
PF14267.11	PF14267.11
PF14270.11	PF14270.11
PF14271.11	PF14271.11
PF04260.17	PF04260.17
PF14273.11	PF14273.11
PF14275.11	PF14275.11
PF14276.11	PF14276.11
PF14277.12	PF14277.12
PF14280.11	PF14280.11
PF14285.11	PF14285.11
PF14287.11	PF14287.11
PF14289.11	PF14289.11
PF14291.11	PF14291.11
PF14294.11	PF14294.11
PF14298.12	PF14298.12
PF14301.12	PF14301.12
PF14302.11	PF14302.11
PF14309.11	PF14309.11
PF14311.12	PF14311.12
PF04282.18	PF04282.18
PF14315.11	PF14315.11
PF14316.11	PF14316.11
PF14321.11	PF14321.11
PF14325.12	PF14325.12
PF14326.11	PF14326.11
PF14328.11	PF14328.11
PF14329.11	PF14329.11
PF14330.11	PF14330.11
PF14332.11	PF14332.11
PF14333.11	PF14333.11
PF14334.11	PF14334.11
PF14335.11	PF14335.11
PF14339.12	PF14339.12
PF14340.12	PF14340.12
PF14342.11	PF14342.11
PF14344.12	PF14344.12
PF14346.11	PF14346.11
PF14347.11	PF14347.11
PF04269.17	PF04269.17
PF14348.11	PF14348.11
PF14351.11	PF14351.11
PF14352.11	PF14352.11
PF14356.11	PF14356.11
PF14357.11	PF14357.11
PF14358.11	PF14358.11
PF14359.12	PF14359.12
PF14362.11	PF14362.11
PF14364.11	PF14364.11
PF04284.18	PF04284.18
PF14366.11	PF14366.11
PF14367.12	PF14367.12
PF14371.13	PF14371.13
PF14385.11	PF14385.11
PF14386.11	PF14386.11
PF14387.11	PF14387.11
PF14388.11	PF14388.11
PF14390.12	PF14390.12
PF14391.12	PF14391.12
PF14393.11	PF14393.11
PF14394.12	PF14394.12
PF21084.3	PF21084.3
PF14415.11	PF14415.11
PF14467.12	PF14467.12
PF14468.11	PF14468.11
PF14471.11	PF14471.11
PF14472.11	PF14472.11
PF04276.17	PF04276.17
PF14478.12	PF14478.12
PF14485.11	PF14485.11
PF14486.12	PF14486.12
PF14488.12	PF14488.12
PF19483.4	PF19483.4
PF19484.4	PF19484.4
PF19485.4	PF19485.4
PF19486.4	PF19486.4
PF19487.4	PF19487.4
PF19488.4	PF19488.4
PF19490.4	PF19490.4
PF19491.4	PF19491.4
PF19492.4	PF19492.4
PF19494.5	PF19494.5
PF04645.17	PF04645.17
PF19495.4	PF19495.4
PF19496.4	PF19496.4
PF19497.4	PF19497.4
PF19498.4	PF19498.4
PF19499.4	PF19499.4
PF19500.6	PF19500.6
PF19502.5	PF19502.5
PF19503.4	PF19503.4
PF19504.4	PF19504.4
PF19505.4	PF19505.4
PF04646.18	PF04646.18
PF19506.4	PF19506.4
PF19507.4	PF19507.4
PF19508.4	PF19508.4
PF19509.4	PF19509.4
PF19510.5	PF19510.5
PF19512.4	PF19512.4
PF19513.4	PF19513.4
PF19515.5	PF19515.5
PF19516.4	PF19516.4
PF19517.4	PF19517.4
PF19519.4	PF19519.4
PF19522.4	PF19522.4
PF19523.4	PF19523.4
PF19524.4	PF19524.4
PF19527.4	PF19527.4
PF19528.4	PF19528.4
PF19529.4	PF19529.4
PF19531.4	PF19531.4
PF19534.4	PF19534.4
PF19535.4	PF19535.4
PF19537.4	PF19537.4
PF19538.4	PF19538.4
PF19539.4	PF19539.4
PF19540.4	PF19540.4
PF19541.4	PF19541.4
PF19542.4	PF19542.4
PF19544.4	PF19544.4
PF19545.4	PF19545.4
PF19546.4	PF19546.4
PF19547.4	PF19547.4
PF19549.4	PF19549.4
PF19550.4	PF19550.4
PF19551.4	PF19551.4
PF19552.4	PF19552.4
PF19553.4	PF19553.4
PF19554.4	PF19554.4
PF19555.4	PF19555.4
PF19557.5	PF19557.5
PF04685.19	PF04685.19
PF19558.4	PF19558.4
PF19559.6	PF19559.6
PF19560.4	PF19560.4
PF19561.4	PF19561.4
PF19562.4	PF19562.4
PF19563.4	PF19563.4
PF19564.4	PF19564.4
PF19565.4	PF19565.4
PF19570.5	PF19570.5
PF19573.5	PF19573.5
PF19578.4	PF19578.4
PF19585.4	PF19585.4
PF19586.5	PF19586.5
PF19587.5	PF19587.5
PF19589.4	PF19589.4
PF19591.4	PF19591.4
PF19592.4	PF19592.4
PF19593.4	PF19593.4
PF19594.4	PF19594.4
PF01886.21	PF01886.21
PF19595.4	PF19595.4
PF19596.4	PF19596.4
PF19598.4	PF19598.4
PF19599.4	PF19599.4
PF19600.4	PF19600.4
PF19601.4	PF19601.4
PF19602.4	PF19602.4
PF19603.4	PF19603.4
PF19604.4	PF19604.4
PF19605.4	PF19605.4
PF19606.4	PF19606.4
PF19607.4	PF19607.4
PF19608.4	PF19608.4
PF19609.4	PF19609.4
PF19610.4	PF19610.4
PF19611.4	PF19611.4
PF19612.4	PF19612.4
PF19613.4	PF19613.4
PF19614.4	PF19614.4
PF20117.4	PF20117.4
PF20118.4	PF20118.4
PF20119.4	PF20119.4
PF20120.5	PF20120.5
PF20121.4	PF20121.4
PF20122.4	PF20122.4
PF20123.4	PF20123.4
PF20124.4	PF20124.4
PF20125.4	PF20125.4
PF20127.4	PF20127.4
PF20128.4	PF20128.4
PF20129.4	PF20129.4
PF20130.4	PF20130.4
PF20132.4	PF20132.4
PF20134.4	PF20134.4
PF20135.4	PF20135.4
PF20136.4	PF20136.4
PF20137.4	PF20137.4
PF20138.4	PF20138.4
PF20139.4	PF20139.4
PF20140.4	PF20140.4
PF20148.4	PF20148.4
PF20149.4	PF20149.4
PF20151.4	PF20151.4
PF20152.4	PF20152.4
PF20153.4	PF20153.4
PF20163.3	PF20163.3
PF20169.3	PF20169.3
PF20172.3	PF20172.3
PF20174.4	PF20174.4
PF20176.3	PF20176.3
PF20177.3	PF20177.3
PF20182.3	PF20182.3
PF20183.3	PF20183.3
PF20184.3	PF20184.3
PF20185.3	PF20185.3
PF20186.3	PF20186.3
PF04919.18	PF04919.18
PF20187.3	PF20187.3
PF20188.4	PF20188.4
PF20189.3	PF20189.3
PF20190.3	PF20190.3
PF20191.3	PF20191.3
PF20192.3	PF20192.3
PF20193.3	PF20193.3
PF20194.3	PF20194.3
PF20195.4	PF20195.4
PF20753.2	PF20753.2
PF20196.3	PF20196.3
PF20197.3	PF20197.3
PF20198.3	PF20198.3
PF20200.4	PF20200.4
PF20201.3	PF20201.3
PF20202.4	PF20202.4
PF20203.3	PF20203.3
PF20204.3	PF20204.3
PF20205.3	PF20205.3
PF20207.4	PF20207.4
PF20209.3	PF20209.3
PF20211.3	PF20211.3
PF20212.3	PF20212.3
PF20213.3	PF20213.3
PF20214.3	PF20214.3
PF20215.3	PF20215.3
PF20216.3	PF20216.3
PF20217.3	PF20217.3
PF20218.3	PF20218.3
PF20219.3	PF20219.3
PF04936.17	PF04936.17
PF20221.3	PF20221.3
PF20222.3	PF20222.3
PF20223.3	PF20223.3
PF20224.3	PF20224.3
PF20225.4	PF20225.4
PF20226.3	PF20226.3
PF20227.3	PF20227.3
PF20228.3	PF20228.3
PF20230.4	PF20230.4
PF20231.3	PF20231.3
PF04937.20	PF04937.20
PF20233.3	PF20233.3
PF20234.3	PF20234.3
PF20236.3	PF20236.3
PF20237.3	PF20237.3
PF20239.3	PF20239.3
PF20240.3	PF20240.3
PF20241.3	PF20241.3
PF20244.3	PF20244.3
PF20245.3	PF20245.3
PF20246.3	PF20246.3
PF20247.3	PF20247.3
PF20248.3	PF20248.3
PF20253.3	PF20253.3
PF20255.3	PF20255.3
PF20311.3	PF20311.3
PF20312.3	PF20312.3
PF20313.3	PF20313.3
PF20314.3	PF20314.3
PF20315.3	PF20315.3
PF20648.2	PF20648.2
PF05080.17	PF05080.17
PF20650.2	PF20650.2
PF20657.2	PF20657.2
PF20660.2	PF20660.2
PF20664.2	PF20664.2
PF20668.2	PF20668.2
PF20670.3	PF20670.3
PF20680.3	PF20680.3
PF20681.2	PF20681.2
PF20683.2	PF20683.2
PF20699.2	PF20699.2
PF20705.2	PF20705.2
PF20708.2	PF20708.2
PF20709.2	PF20709.2
PF20710.2	PF20710.2
PF20711.2	PF20711.2
PF20713.2	PF20713.2
PF20715.2	PF20715.2
PF20717.2	PF20717.2
PF20722.2	PF20722.2
PF20724.2	PF20724.2
PF20725.2	PF20725.2
PF20749.2	PF20749.2
PF20755.2	PF20755.2
PF20759.2	PF20759.2
PF20762.2	PF20762.2
PF20764.2	PF20764.2
PF20767.2	PF20767.2
PF05075.19	PF05075.19
PF20786.2	PF20786.2
PF20795.3	PF20795.3
PF20834.2	PF20834.2
PF20862.2	PF20862.2
PF20891.2	PF20891.2
PF20893.2	PF20893.2
PF20897.3	PF20897.3
PF20935.2	PF20935.2
PF20941.2	PF20941.2
PF20986.2	PF20986.2
PF05085.17	PF05085.17
PF21012.3	PF21012.3
PF21167.2	PF21167.2
PF21186.2	PF21186.2
PF21593.2	PF21593.2
PF21614.2	PF21614.2
PF21619.2	PF21619.2
PF21637.2	PF21637.2
PF21647.2	PF21647.2
PF21651.2	PF21651.2
PF21656.2	PF21656.2
PF21661.2	PF21661.2
PF21724.2	PF21724.2
PF21726.2	PF21726.2
PF21727.2	PF21727.2
PF21732.2	PF21732.2
PF21737.2	PF21737.2
PF21740.2	PF21740.2
PF21739.2	PF21739.2
PF21741.2	PF21741.2
PF21742.2	PF21742.2
PF21746.2	PF21746.2
PF05095.17	PF05095.17
PF21757.2	PF21757.2
PF21778.2	PF21778.2
PF21779.2	PF21779.2
PF21780.2	PF21780.2
PF21781.2	PF21781.2
PF21793.2	PF21793.2
PF21798.2	PF21798.2
PF21806.3	PF21806.3
PF05097.17	PF05097.17
PF21810.3	PF21810.3
PF21812.2	PF21812.2
PF21813.2	PF21813.2
PF21814.2	PF21814.2
PF21818.3	PF21818.3
PF21819.3	PF21819.3
PF21820.2	PF21820.2
PF21826.1	PF21826.1
PF21828.1	PF21828.1
PF21829.1	PF21829.1
PF21830.1	PF21830.1
PF21831.1	PF21831.1
PF21832.1	PF21832.1
PF21833.1	PF21833.1
PF21834.1	PF21834.1
PF21836.2	PF21836.2
PF21837.1	PF21837.1
PF21838.2	PF21838.2
PF21839.2	PF21839.2
PF21840.1	PF21840.1
PF21841.1	PF21841.1
PF21842.1	PF21842.1
PF21843.2	PF21843.2
PF21844.1	PF21844.1
PF21845.1	PF21845.1
PF21846.1	PF21846.1
PF21847.1	PF21847.1
PF21848.1	PF21848.1
PF25297.1	PF25297.1
PF25303.1	PF25303.1
PF25306.1	PF25306.1
PF25324.1	PF25324.1
PF25363.1	PF25363.1
PF25365.1	PF25365.1
PF25355.1	PF25355.1
PF25367.1	PF25367.1
PF25371.1	PF25371.1
PF25372.1	PF25372.1
PF25377.1	PF25377.1
PF25397.1	PF25397.1
PF25411.1	PF25411.1
PF25417.1	PF25417.1
PF05623.17	PF05623.17
PF25418.1	PF25418.1
PF25421.1	PF25421.1
PF25422.1	PF25422.1
PF25423.1	PF25423.1
PF25428.1	PF25428.1
PF25433.1	PF25433.1
PF25438.1	PF25438.1
PF25448.1	PF25448.1
PF25453.1	PF25453.1
PF25463.1	PF25463.1
PF05626.16	PF05626.16
PF25464.1	PF25464.1
PF25470.1	PF25470.1
PF25472.1	PF25472.1
PF25475.1	PF25475.1
PF25480.1	PF25480.1
PF25482.1	PF25482.1
PF25483.1	PF25483.1
PF25484.1	PF25484.1
PF25485.1	PF25485.1
PF25486.1	PF25486.1
PF25490.1	PF25490.1
PF25492.1	PF25492.1
PF25498.1	PF25498.1
PF25500.1	PF25500.1
PF25501.1	PF25501.1
PF25502.1	PF25502.1
PF25509.1	PF25509.1
PF05632.16	PF05632.16
PF05650.16	PF05650.16
PF05656.20	PF05656.20
PF05657.16	PF05657.16
PF05660.16	PF05660.16
PF05661.17	PF05661.17
PF05663.16	PF05663.16
PF05673.19	PF05673.19
PF05674.17	PF05674.17
PF05675.17	PF05675.17
PF05677.18	PF05677.18
PF05684.17	PF05684.17
PF05696.16	PF05696.16
PF05705.20	PF05705.20
PF05734.16	PF05734.16
PF05754.19	PF05754.19
PF05763.18	PF05763.18
PF05811.18	PF05811.18
PF05832.17	PF05832.17
PF05852.16	PF05852.16
PF05867.16	PF05867.16
PF05895.17	PF05895.17
PF05904.16	PF05904.16
PF05906.16	PF05906.16
PF05910.17	PF05910.17
PF01935.23	PF01935.23
PF05912.17	PF05912.17
PF05917.16	PF05917.16
PF05949.17	PF05949.17
PF05957.18	PF05957.18
PF19029.5	PF19029.5
PF05959.16	PF05959.16
PF05960.17	PF05960.17
PF05974.18	PF05974.18
PF05979.17	PF05979.17
PF05987.18	PF05987.18
PF05988.18	PF05988.18
PF05990.18	PF05990.18
PF06004.18	PF06004.18
PF06006.17	PF06006.17
PF06012.17	PF06012.17
PF06025.17	PF06025.17
PF06028.17	PF06028.17
PF06033.17	PF06033.17
PF06034.16	PF06034.16
PF01940.21	PF01940.21
PF06037.17	PF06037.17
PF06041.17	PF06041.17
PF06048.17	PF06048.17
PF06051.17	PF06051.17
PF06053.17	PF06053.17
PF06059.17	PF06059.17
PF06067.16	PF06067.16
PF06073.17	PF06073.17
PF06075.18	PF06075.18
PF06078.17	PF06078.17
PF06080.18	PF06080.18
PF20701.3	PF20701.3
PF18460.6	PF18460.6
PF02444.21	PF02444.21
PF20576.3	PF20576.3
PF14602.12	PF14602.12
PF14602.12	PF00132.30
PF24894.1	PF24894.1
PF18776.7	PF18776.7
PF25441.1	PF25441.1
PF15313.11	PF15313.11
PF00349.27	PF00349.27
PF03727.22	PF03727.22
PF03559.20	PF03559.20
PF22538.1	PF22538.1
PF02455.21	PF02455.21
PF05345.18	PF05345.18
PF12221.13	PF12221.13
PF19275.4	PF19275.4
PF17209.9	PF17209.9
PF21979.2	PF21979.2
PF19810.5	PF19810.5
PF18287.6	PF18287.6
PF15666.10	PF15666.10
PF06050.19	PF06050.19
PF14702.12	PF14702.12
PF14699.12	PF14699.12
PF07063.19	PF07063.19
PF04209.19	PF04209.19
PF20510.4	PF20510.4
PF07786.18	PF07786.18
PF03129.25	PF03129.25
PF12745.12	PF12745.12
PF03578.20	PF03578.20
PF05321.16	PF05321.16
PF23116.1	PF23116.1
PF00633.29	PF00633.29
PF00730.31	PF00730.31
PF12826.13	PF12826.13
PF12836.13	PF12836.13
PF14520.12	PF14520.12
PF14520.12	PF14716.12
PF14579.12	PF14579.12
PF14635.12	PF14635.12
PF17674.7	PF17674.7
PF14490.11	PF14490.11
PF20133.4	PF20133.4
PF16852.10	PF16852.10
PF17087.10	PF17087.10
PF03753.18	PF03753.18
PF01085.23	PF01085.23
PF03486.20	PF03486.20
PF22780.1	PF22780.1
PF22186.1	PF22186.1
PF15403.11	PF15403.11
PF22414.1	PF22414.1
PF07927.17	PF07927.17
PF05534.18	PF05534.18
PF15970.11	PF15970.11
PF15919.11	PF15919.11
PF12722.12	PF12722.12
PF11413.13	PF11413.13
PF08778.15	PF08778.15
PF05015.19	PF05015.19
PF09907.15	PF09907.15
PF05636.17	PF05636.17
PF16581.11	PF16581.11
PF04588.18	PF04588.18
PF21057.2	PF21057.2
PF05603.17	PF05603.17
PF15220.11	PF15220.11
PF08732.16	PF08732.16
PF02760.21	PF02760.21
PF19252.4	PF19252.4
PF01079.26	PF01079.26
PF13403.11	PF13403.11
PF16515.11	PF16515.11
PF20613.4	PF20613.4
PF07804.18	PF07804.18
PF01355.22	PF01355.22
PF18253.6	PF18253.6
PF07569.16	PF07569.16
PF08797.16	PF08797.16
PF09453.15	PF09453.15
PF00713.22	PF00713.22
PF24066.1	PF24066.1
PF01634.23	PF01634.23
PF08029.16	PF08029.16
PF20302.4	PF20302.4
PF00512.31	PF00512.31
PF07568.18	PF07568.18
PF07730.19	PF07730.19
PF16926.10	PF16926.10
PF16927.11	PF16927.11
PF22561.2	PF22561.2
PF09385.16	PF09385.16
PF18698.7	PF18698.7
PF00815.25	PF00815.25
PF00125.30	PF00125.30
PF16211.10	PF16211.10
PF00816.26	PF00816.26
PF08568.16	PF08568.16
PF08260.16	PF08260.16
PF15033.11	PF15033.11
PF07765.17	PF07765.17
PF15152.11	PF15152.11
PF02172.21	PF02172.21
PF16987.10	PF16987.10
PF15204.11	PF15204.11
PF17383.7	PF17383.7
PF17394.7	PF17394.7
PF10205.14	PF10205.14
PF03037.21	PF03037.21
PF20294.3	PF20294.3
PF18131.8	PF18131.8
PF21506.2	PF21506.2
PF18210.6	PF18210.6
PF03790.18	PF03790.18
PF03791.18	PF03791.18
PF07827.16	PF07827.16
PF24506.1	PF24506.1
PF12075.13	PF12075.13
PF16509.11	PF16509.11
PF08535.16	PF08535.16
PF06613.17	PF06613.17
PF00467.35	PF00467.35
PF23042.1	PF23042.1
PF23284.2	PF23284.2
PF23291.1	PF23291.1
PF23290.1	PF23290.1
PF23288.1	PF23288.1
PF23038.1	PF23038.1
PF23287.1	PF23287.1
PF23037.1	PF23037.1
PF09044.15	PF09044.15
PF19292.4	PF19292.4
PF11681.13	PF11681.13
PF18176.6	PF18176.6
PF17733.7	PF17733.7
PF08659.16	PF08659.16
PF01352.32	PF01352.32
PF14722.11	PF14722.11
PF15287.11	PF15287.11
PF17056.10	PF17056.10
PF17097.10	PF17097.10
PF10342.15	PF10342.15
PF05390.16	PF05390.16
PF05178.17	PF05178.17
PF12936.12	PF12936.12
PF00051.23	PF00051.23
PF24522.1	PF24522.1
PF11759.13	PF11759.13
PF15034.11	PF15034.11
PF15200.11	PF15200.11
PF19298.5	PF19298.5
PF11049.13	PF11049.13
PF07188.17	PF07188.17
PF08433.16	PF08433.16
PF13619.11	PF13619.11
PF02735.22	PF02735.22
PF00014.29	PF00014.29
PF00197.24	PF00197.24
PF03730.19	PF03730.19
PF03731.21	PF03731.21
PF08785.16	PF08785.16
PF03521.19	PF03521.19
PF16162.10	PF16162.10
PF24300.1	PF24300.1
PF10241.14	PF10241.14
PF19258.4	PF19258.4
PF23790.1	PF23790.1
PF22580.2	PF22580.2
PF07941.16	PF07941.16
PF02705.21	PF02705.21
PF22776.1	PF22776.1
PF05849.17	PF05849.17
PF02442.22	PF02442.22
PF02828.21	PF02828.21
PF09058.15	PF09058.15
PF09045.15	PF09045.15
PF09060.15	PF09060.15
PF09784.14	PF09784.14
PF05047.22	PF05047.22
PF21657.2	PF21657.2
PF21655.3	PF21655.3
PF05805.17	PF05805.17
PF02448.20	PF02448.20
PF05383.23	PF05383.23
PF09220.15	PF09220.15
PF20210.4	PF20210.4
PF07578.16	PF07578.16
PF02502.23	PF02502.23
PF00356.27	PF00356.27
PF09330.16	PF09330.16
PF00753.33	PF00753.33
PF12706.13	PF12706.13
PF13483.12	PF13483.12
PF13691.12	PF13691.12
PF14597.12	PF14597.12
PF16661.11	PF16661.11
PF02652.20	PF02652.20
PF13634.11	PF13634.11
PF15967.10	PF15967.10
PF08801.17	PF08801.17
PF07575.19	PF07575.19
PF25481.1	PF25481.1
PF01733.24	PF01733.24
PF07662.18	PF07662.18
PF01773.25	PF01773.25
PF03407.22	PF03407.22
PF06256.17	PF06256.17
PF07267.16	PF07267.16
PF01939.22	PF01939.22
PF21003.3	PF21003.3
PF05014.21	PF05014.21
PF15891.11	PF15891.11
PF11071.14	PF11071.14
PF03825.22	PF03825.22
PF14448.11	PF14448.11
PF11825.13	PF11825.13
PF08815.15	PF08815.15
PF04142.21	PF04142.21
PF16273.10	PF16273.10
PF14050.11	PF14050.11
PF04880.18	PF04880.18
PF00293.34	PF00293.34
PF09296.17	PF09296.17
PF13869.12	PF13869.12
PF14815.12	PF14815.12
PF16705.11	PF16705.11
PF18290.7	PF18290.7
PF12535.13	PF12535.13
PF22327.2	PF22327.2
PF03800.19	PF03800.19
PF18595.6	PF18595.6
PF10453.14	PF10453.14
PF15293.11	PF15293.11
PF07924.16	PF07924.16
PF23151.1	PF23151.1
PF06311.17	PF06311.17
PF07453.19	PF07453.19
PF07460.16	PF07460.16
PF07463.16	PF07463.16
PF06516.17	PF06516.17
PF21486.3	PF21486.3
PF22114.2	PF22114.2
PF08604.15	PF08604.15
PF23345.1	PF23345.1
PF17238.8	PF17238.8
PF18378.7	PF18378.7
PF16572.11	PF16572.11
PF06109.18	PF06109.18
PF03006.26	PF03006.26
PF10115.14	PF10115.14
PF21461.3	PF21461.3
PF00403.32	PF00403.32
PF19991.5	PF19991.5
PF24534.1	PF24534.1
PF19335.5	PF19335.5
PF03201.21	PF03201.21
PF22616.2	PF22616.2
PF00368.23	PF00368.23
PF01101.23	PF01101.23
PF00682.25	PF00682.25
PF00505.25	PF00505.25
PF00505.25	PF09011.16
PF14887.12	PF14887.12
PF08540.16	PF08540.16
PF01154.23	PF01154.23
PF24815.1	PF24815.1
PF15908.10	PF15908.10
PF15905.10	PF15905.10
PF22417.1	PF22417.1
PF18747.7	PF18747.7
PF18723.6	PF18723.6
PF18748.7	PF18748.7
PF14064.11	PF14064.11
PF18071.7	PF18071.7
PF18254.6	PF18254.6
PF13879.11	PF13879.11
PF00423.25	PF00423.25
PF04813.17	PF04813.17
PF04812.18	PF04812.18
PF04814.19	PF04814.19
PF09354.15	PF09354.15
PF01844.29	PF01844.29
PF16784.11	PF16784.11
PF13391.12	PF13391.12
PF13392.12	PF13392.12
PF13395.12	PF13395.12
PF14279.12	PF14279.12
PF18780.6	PF18780.6
PF12196.13	PF12196.13
PF07700.20	PF07700.20
PF07701.20	PF07701.20
PF11627.13	PF11627.13
PF11532.13	PF11532.13
PF18360.6	PF18360.6
PF14515.11	PF14515.11
PF17664.6	PF17664.6
PF12163.13	PF12163.13
PF10344.16	PF10344.16
PF17943.6	PF17943.6
PF11927.14	PF11927.14
PF25319.1	PF25319.1
PF10748.14	PF10748.14
PF01848.21	PF01848.21
PF21500.3	PF21500.3
PF13272.11	PF13272.11
PF16936.10	PF16936.10
PF10960.13	PF10960.13
PF05102.17	PF05102.17
PF04688.18	PF04688.18
PF16935.10	PF16935.10
PF05920.17	PF05920.17
PF00046.35	PF00046.35
PF11569.14	PF11569.14
PF00742.24	PF00742.24
PF05204.19	PF05204.19
PF05203.21	PF05203.21
PF23598.1	PF23598.1
PF24969.1	PF24969.1
PF07723.19	PF07723.19
PF07725.18	PF07725.18
PF12799.13	PF12799.13
PF13306.12	PF13306.12
PF13516.12	PF13516.12
PF13855.12	PF13855.12
PF14580.12	PF14580.12
PF08191.17	PF08191.17
PF23622.1	PF23622.1
PF24758.1	PF24758.1
PF24141.1	PF24141.1
PF23952.1	PF23952.1
PF19729.6	PF19729.6
PF23211.1	PF23211.1
PF24048.1	PF24048.1
PF25019.1	PF25019.1
PF18779.7	PF18779.7
PF23247.1	PF23247.1
PF12468.15	PF12468.15
PF25013.1	PF25013.1
PF10422.14	PF10422.14
PF01816.23	PF01816.23
PF05484.17	PF05484.17
PF18139.7	PF18139.7
PF18171.6	PF18171.6
PF01423.28	PF01423.28
PF21166.2	PF21166.2
PF12701.13	PF12701.13
PF06741.18	PF06741.18
PF14894.11	PF14894.11
PF05391.16	PF05391.16
PF16605.10	PF16605.10
PF22048.1	PF22048.1
PF06049.17	PF06049.17
PF05624.19	PF05624.19
PF11774.14	PF11774.14
PF23359.1	PF23359.1
PF14067.11	PF14067.11
PF05083.18	PF05083.18
PF24980.1	PF24980.1
PF06453.16	PF06453.16
PF00932.25	PF00932.25
PF23926.2	PF23926.2
PF23403.1	PF23403.1
PF23402.1	PF23402.1
PF23399.1	PF23399.1
PF25393.1	PF25393.1
PF22958.2	PF22958.2
PF24618.1	PF24618.1
PF22999.2	PF22999.2
PF14368.11	PF14368.11
PF06772.16	PF06772.16
PF17446.7	PF17446.7
PF17455.7	PF17455.7
PF04180.19	PF04180.19
PF07813.17	PF07813.17
PF03194.20	PF03194.20
PF17648.7	PF17648.7
PF10284.14	PF10284.14
PF10285.15	PF10285.15
PF05295.16	PF05295.16
PF02589.21	PF02589.21
PF12893.14	PF12893.14
PF00677.23	PF00677.23
PF18242.7	PF18242.7
PF14854.11	PF14854.11
PF14625.12	PF14625.12
PF11870.13	PF11870.13
PF00894.24	PF00894.24
PF08467.15	PF08467.15
PF04662.18	PF04662.18
PF01659.21	PF01659.21
PF05893.19	PF05893.19
PF04443.18	PF04443.18
PF09308.16	PF09308.16
PF02664.20	PF02664.20
PF18285.6	PF18285.6
PF08309.17	PF08309.17
PF04740.18	PF04740.18
PF06907.19	PF06907.19
PF06579.18	PF06579.18
PF08391.16	PF08391.16
PF00206.25	PF00206.25
PF02278.24	PF02278.24
PF02884.22	PF02884.22
PF08124.17	PF08124.17
PF00221.24	PF00221.24
PF09093.17	PF09093.17
PF09092.17	PF09092.17
PF18916.5	PF18916.5
PF05834.18	PF05834.18
PF16084.10	PF16084.10
PF15686.10	PF15686.10
PF20263.4	PF20263.4
PF23655.1	PF23655.1
PF00062.25	PF00062.25
PF09043.17	PF09043.17
PF23793.1	PF23793.1
PF04166.17	PF04166.17
PF22930.1	PF22930.1
PF22937.1	PF22937.1
PF03740.19	PF03740.19
PF00595.29	PF00595.29
PF00595.29	PF13180.12
PF12812.13	PF12812.13
PF17815.7	PF17815.7
PF17816.7	PF17816.7
PF17817.7	PF17817.7
PF17820.7	PF17820.7
PF10600.14	PF10600.14
PF23658.1	PF23658.1
PF14685.13	PF14685.13
PF00934.25	PF00934.25
PF20729.2	PF20729.2
PF08237.17	PF08237.17
PF08111.16	PF08111.16
PF05278.17	PF05278.17
PF05041.20	PF05041.20
PF12708.12	PF12708.12
PF03211.19	PF03211.19
PF14583.12	PF14583.12
PF06917.19	PF06917.19
PF00544.25	PF00544.25
PF20585.4	PF20585.4
PF01095.25	PF01095.25
PF09492.16	PF09492.16
PF04431.18	PF04431.18
PF08182.16	PF08182.16
PF08308.17	PF08308.17
PF15275.11	PF15275.11
PF18736.6	PF18736.6
PF22842.2	PF22842.2
PF16963.10	PF16963.10
PF16933.10	PF16933.10
PF04710.19	PF04710.19
PF20723.3	PF20723.3
PF15608.11	PF15608.11
PF17859.6	PF17859.6
PF08166.18	PF08166.18
PF02452.23	PF02452.23
PF10251.14	PF10251.14
PF05927.16	PF05927.16
PF03965.22	PF03965.22
PF01804.23	PF01804.23
PF00805.28	PF00805.28
PF01469.24	PF01469.24
PF13576.12	PF13576.12
PF13599.13	PF13599.13
PF00354.24	PF00354.24
PF07589.16	PF07589.16
PF05524.18	PF05524.18
PF00391.29	PF00391.29
PF02896.24	PF02896.24
PF17232.7	PF17232.7
PF05131.20	PF05131.20
PF00311.23	PF00311.23
PF14010.12	PF14010.12
PF01293.25	PF01293.25
PF00821.23	PF00821.23
PF17297.7	PF17297.7
PF24393.1	PF24393.1
PF18027.6	PF18027.6
PF21216.2	PF21216.2
PF06394.18	PF06394.18
PF03413.25	PF03413.25
PF13670.12	PF13670.12
PF11396.14	PF11396.14
PF03929.21	PF03929.21
PF16357.10	PF16357.10
PF05380.18	PF05380.18
PF03566.19	PF03566.19
PF04258.18	PF04258.18
PF01478.23	PF01478.23
PF03418.19	PF03418.19
PF12384.13	PF12384.13
PF12382.13	PF12382.13
PF02160.20	PF02160.20
PF21024.2	PF21024.2
PF01828.24	PF01828.24
PF01829.23	PF01829.23
PF01252.23	PF01252.23
PF00112.29	PF00112.29
PF01640.23	PF01640.23
PF16218.11	PF16218.11
PF17222.9	PF17222.9
PF03415.19	PF03415.19
PF01088.27	PF01088.27
PF01650.23	PF01650.23
PF00656.27	PF00656.27
PF01470.22	PF01470.22
PF01831.24	PF01831.24
PF03051.21	PF03051.21
PF00648.27	PF00648.27
PF05381.18	PF05381.18
PF05379.17	PF05379.17
PF03510.20	PF03510.20
PF00282.25	PF00282.25
PF12766.13	PF12766.13
PF12900.13	PF12900.13
PF16242.11	PF16242.11
PF02758.22	PF02758.22
PF02748.20	PF02748.20
PF00719.24	PF00719.24
PF22338.1	PF22338.1
PF03013.19	PF03013.19
PF00070.33	PF00070.33
PF07992.20	PF07992.20
PF13738.12	PF13738.12
PF02852.28	PF02852.28
PF09690.15	PF09690.15
PF09689.15	PF09689.15
PF06640.16	PF06640.16
PF14974.11	PF14974.11
PF06321.17	PF06321.17
PF01483.27	PF01483.27
PF20898.2	PF20898.2
PF21630.2	PF21630.2
PF09796.14	PF09796.14
PF19297.4	PF19297.4
PF08992.16	PF08992.16
PF15884.10	PF15884.10
PF08880.16	PF08880.16
PF14930.12	PF14930.12
PF09099.16	PF09099.16
PF09100.16	PF09100.16
PF18874.5	PF18874.5
PF01729.25	PF01729.25
PF02749.22	PF02749.22
PF18226.6	PF18226.6
PF22220.1	PF22220.1
PF18108.7	PF18108.7
PF13652.11	PF13652.11
PF12843.12	PF12843.12
PF12038.13	PF12038.13
PF16274.10	PF16274.10
PF16551.10	PF16551.10
PF06508.19	PF06508.19
PF14489.11	PF14489.11
PF14819.11	PF14819.11
PF08331.15	PF08331.15
PF02677.20	PF02677.20
PF14027.11	PF14027.11
PF06177.16	PF06177.16
PF02547.20	PF02547.20
PF17064.11	PF17064.11
PF04484.17	PF04484.17
PF10343.14	PF10343.14
PF11463.14	PF11463.14
PF23321.1	PF23321.1
PF18299.6	PF18299.6
PF14243.11	PF14243.11
PF01424.28	PF01424.28
PF13902.11	PF13902.11
PF25094.1	PF25094.1
PF00788.29	PF00788.29
PF25450.1	PF25450.1
PF15208.11	PF15208.11
PF19533.4	PF19533.4
PF13890.11	PF13890.11
PF14656.11	PF14656.11
PF14655.12	PF14655.12
PF09311.16	PF09311.16
PF03528.20	PF03528.20
PF00566.25	PF00566.25
PF23436.1	PF23436.1
PF07711.17	PF07711.17
PF16704.10	PF16704.10
PF04698.17	PF04698.17
PF09632.15	PF09632.15
PF14574.11	PF14574.11
PF17650.6	PF17650.6
PF17651.6	PF17651.6
PF16717.10	PF16717.10
PF02144.21	PF02144.21
PF03834.20	PF03834.20
PF03215.21	PF03215.21
PF04824.21	PF04824.21
PF04825.18	PF04825.18
PF21046.2	PF21046.2
PF12331.14	PF12331.14
PF21048.2	PF21048.2
PF08730.15	PF08730.15
PF03835.21	PF03835.21
PF04423.19	PF04423.19
PF08423.17	PF08423.17
PF21794.3	PF21794.3
PF15696.10	PF15696.10
PF04098.21	PF04098.21
PF08658.15	PF08658.15
PF11976.14	PF11976.14
PF11976.14	PF00240.29
PF13881.12	PF13881.12
PF04139.18	PF04139.18
PF08605.16	PF08605.16
PF04002.20	PF04002.20
PF04712.17	PF04712.17
PF06098.16	PF06098.16
PF21419.2	PF21419.2
PF20514.4	PF20514.4
PF03428.19	PF03428.19
PF11800.13	PF11800.13
PF12042.13	PF12042.13
PF17542.7	PF17542.7
PF17460.7	PF17460.7
PF10134.15	PF10134.15
PF17875.7	PF17875.7
PF08620.15	PF08620.15
PF08621.15	PF08621.15
PF04181.18	PF04181.18
PF13877.11	PF13877.11
PF08784.17	PF08784.17
PF14768.12	PF14768.12
PF14767.12	PF14767.12
PF14766.11	PF14766.11
PF20912.2	PF20912.2
PF04801.18	PF04801.18
PF19725.4	PF19725.4
PF03055.21	PF03055.21
PF02755.20	PF02755.20
PF11574.13	PF11574.13
PF18111.7	PF18111.7
PF08579.17	PF08579.17
PF23594.1	PF23594.1
PF04683.19	PF04683.19
PF16550.10	PF16550.10
PF18051.6	PF18051.6
PF17781.7	PF17781.7
PF18004.6	PF18004.6
PF21505.3	PF21505.3
PF08375.16	PF08375.16
PF18098.6	PF18098.6
PF18503.7	PF18503.7
PF18055.7	PF18055.7
PF10602.15	PF10602.15
PF21154.2	PF21154.2
PF18261.6	PF18261.6
PF12415.13	PF12415.13
PF12410.13	PF12410.13
PF21668.3	PF21668.3
PF14700.11	PF14700.11
PF07288.16	PF07288.16
PF12328.13	PF12328.13
PF04032.22	PF04032.22
PF17067.10	PF17067.10
PF13446.11	PF13446.11
PF05659.16	PF05659.16
PF09382.16	PF09382.16
PF03737.21	PF03737.21
PF06877.16	PF06877.16
PF01765.24	PF01765.24
PF02082.26	PF02082.26
PF12614.13	PF12614.13
PF10356.15	PF10356.15
PF17068.10	PF17068.10
PF10378.14	PF10378.14
PF00076.28	PF00076.28
PF22976.2	PF22976.2
PF04059.18	PF04059.18
PF08777.17	PF08777.17
PF10598.14	PF10598.14
PF13893.12	PF13893.12
PF16367.11	PF16367.11
PF11835.14	PF11835.14
PF18444.7	PF18444.7
PF24637.1	PF24637.1
PF15628.11	PF15628.11
PF25121.1	PF25121.1
PF25061.1	PF25061.1
PF11608.14	PF11608.14
PF24435.1	PF24435.1
PF05172.20	PF05172.20
PF16842.11	PF16842.11
PF23222.1	PF23222.1
PF23245.1	PF23245.1
PF23085.1	PF23085.1
PF17799.7	PF17799.7
PF22877.3	PF22877.3
PF04090.18	PF04090.18
PF05327.17	PF05327.17
PF10214.15	PF10214.15
PF20640.2	PF20640.2
PF20639.2	PF20639.2
PF20645.2	PF20645.2
PF20644.2	PF20644.2
PF10680.14	PF10680.14
PF00398.26	PF00398.26
PF06962.18	PF06962.18
PF08524.16	PF08524.16
PF08161.18	PF08161.18
PF15459.11	PF15459.11
PF07890.17	PF07890.17
PF06102.17	PF06102.17
PF18311.7	PF18311.7
PF21261.3	PF21261.3
PF21262.3	PF21262.3
PF17216.9	PF17216.9
PF17215.9	PF17215.9
PF18993.5	PF18993.5
PF24553.1	PF24553.1
PF20381.4	PF20381.4
PF23706.1	PF23706.1
PF18367.6	PF18367.6
PF21531.3	PF21531.3
PF22234.2	PF22234.2
PF08924.17	PF08924.17
PF08962.16	PF08962.16
PF01947.21	PF01947.21
PF10370.14	PF10370.14
PF23714.1	PF23714.1
PF21043.3	PF21043.3
PF18621.7	PF18621.7
PF18007.7	PF18007.7
PF24764.1	PF24764.1
PF00665.32	PF00665.32
PF24904.1	PF24904.1
PF13333.12	PF13333.12
PF13683.12	PF13683.12
PF00077.25	PF00077.25
PF08284.16	PF08284.16
PF00078.32	PF00078.32
PF07727.20	PF07727.20
PF13456.12	PF13456.12
PF06815.18	PF06815.18
PF13655.11	PF13655.11
PF06817.19	PF06817.19
PF05773.27	PF05773.27
PF02042.20	PF02042.20
PF16810.10	PF16810.10
PF23705.1	PF23705.1
PF18634.6	PF18634.6
PF08595.16	PF08595.16
PF08642.15	PF08642.15
PF24785.1	PF24785.1
PF24786.1	PF24786.1
PF18052.6	PF18052.6
PF01365.27	PF01365.27
PF21119.3	PF21119.3
PF02026.21	PF02026.21
PF23674.1	PF23674.1
PF06085.16	PF06085.16
PF05526.16	PF05526.16
PF23780.1	PF23780.1
PF02773.21	PF02773.21
PF02772.21	PF02772.21
PF00438.25	PF00438.25
PF05756.17	PF05756.17
PF07752.16	PF07752.16
PF18316.7	PF18316.7
PF20906.3	PF20906.3
PF06032.18	PF06032.18
PF02574.22	PF02574.22
PF14444.12	PF14444.12
PF02265.22	PF02265.22
PF15427.11	PF15427.11
PF03501.21	PF03501.21
PF22708.2	PF22708.2
PF22707.2	PF22707.2
PF04689.18	PF04689.18
PF13509.12	PF13509.12
PF23459.1	PF23459.1
PF23459.1	PF00575.29
PF01479.30	PF01479.30
PF07422.18	PF07422.18
PF13275.11	PF13275.11
PF15676.10	PF15676.10
PF05116.19	PF05116.19
PF08472.16	PF08472.16
PF16470.10	PF16470.10
PF00277.23	PF00277.23
PF04382.18	PF04382.18
PF18304.6	PF18304.6
PF12209.13	PF12209.13
PF03399.22	PF03399.22
PF24765.1	PF24765.1
PF24791.1	PF24791.1
PF24790.1	PF24790.1
PF24789.1	PF24789.1
PF04455.17	PF04455.17
PF16653.10	PF16653.10
PF03435.24	PF03435.24
PF07894.18	PF07894.18
PF07738.19	PF07738.19
PF02182.23	PF02182.23
PF08573.15	PF08573.15
PF08666.17	PF08666.17
PF09460.16	PF09460.16
PF04502.18	PF04502.18
PF17073.10	PF17073.10
PF18303.6	PF18303.6
PF04092.18	PF04092.18
PF12767.12	PF12767.12
PF01259.24	PF01259.24
PF25229.1	PF25229.1
PF12115.13	PF12115.13
PF09506.15	PF09506.15
PF19227.5	PF19227.5
PF14185.11	PF14185.11
PF09547.16	PF09547.16
PF20439.3	PF20439.3
PF20438.3	PF20438.3
PF06468.19	PF06468.19
PF09388.15	PF09388.15
PF05036.18	PF05036.18
PF11122.13	PF11122.13
PF10612.14	PF10612.14
PF14153.11	PF14153.11
PF10957.13	PF10957.13
PF05504.16	PF05504.16
PF25198.1	PF25198.1
PF09671.16	PF09671.16
PF19568.5	PF19568.5
PF09548.15	PF09548.15
PF09546.15	PF09546.15
PF09581.16	PF09581.16
PF09551.15	PF09551.15
PF03845.19	PF03845.19
PF09575.15	PF09575.15
PF09578.15	PF09578.15
PF14147.11	PF14147.11
PF09580.15	PF09580.15
PF09577.15	PF09577.15
PF09579.15	PF09579.15
PF14034.11	PF14034.11
PF09560.15	PF09560.15
PF05642.16	PF05642.16
PF12164.13	PF12164.13
PF07084.17	PF07084.17
PF02590.22	PF02590.22
PF14419.11	PF14419.11
PF00588.24	PF00588.24
PF12105.13	PF12105.13
PF08032.17	PF08032.17
PF08183.16	PF08183.16
PF13782.11	PF13782.11
PF03862.18	PF03862.18
PF07451.17	PF07451.17
PF14097.11	PF14097.11
PF04026.17	PF04026.17
PF14069.11	PF14069.11
PF04293.20	PF04293.20
PF24755.2	PF24755.2
PF04232.17	PF04232.17
PF15714.11	PF15714.11
PF06550.16	PF06550.16
PF07448.17	PF07448.17
PF22768.1	PF22768.1
PF20787.2	PF20787.2
PF05133.19	PF05133.19
PF15356.11	PF15356.11
PF12118.13	PF12118.13
PF14349.11	PF14349.11
PF13573.12	PF13573.12
PF10218.14	PF10218.14
PF05210.18	PF05210.18
PF14820.11	PF14820.11
PF10263.15	PF10263.15
PF22934.1	PF22934.1
PF00622.36	PF00622.36
PF08644.17	PF08644.17
PF21091.2	PF21091.2
PF08243.16	PF08243.16
PF12090.13	PF12090.13
PF22878.1	PF22878.1
PF06093.19	PF06093.19
PF17734.6	PF17734.6
PF03439.18	PF03439.18
PF11942.13	PF11942.13
PF14632.11	PF14632.11
PF21710.3	PF21710.3
PF11779.13	PF11779.13
PF18033.7	PF18033.7
PF03539.19	PF03539.19
PF21915.2	PF21915.2
PF03534.18	PF03534.18
PF05563.18	PF05563.18
PF03779.20	PF03779.20
PF03105.24	PF03105.24
PF11357.14	PF11357.14
PF21642.2	PF21642.2
PF08999.15	PF08999.15
PF16845.11	PF16845.11
PF13243.12	PF13243.12
PF13249.12	PF13249.12
PF00494.24	PF00494.24
PF00299.24	PF00299.24
PF10500.14	PF10500.14
PF13790.11	PF13790.11
PF18491.7	PF18491.7
PF07304.16	PF07304.16
PF02586.19	PF02586.19
PF08136.16	PF08136.16
PF08832.15	PF08832.15
PF00530.23	PF00530.23
PF15494.11	PF15494.11
PF03125.24	PF03125.24
PF22321.2	PF22321.2
PF00100.29	PF00100.29
PF16775.10	PF16775.10
PF05707.18	PF05707.18
PF23344.1	PF23344.1
PF22821.2	PF22821.2
PF10986.14	PF10986.14
PF19286.4	PF19286.4
PF21600.2	PF21600.2
PF21056.3	PF21056.3
PF21599.3	PF21599.3
PF21055.3	PF21055.3
PF16916.10	PF16916.10
PF00791.26	PF00791.26
PF21884.2	PF21884.2
PF20666.3	PF20666.3
PF22766.2	PF22766.2
PF20665.3	PF20665.3
PF06248.19	PF06248.19
PF09817.14	PF09817.14
PF15556.11	PF15556.11
PF05884.17	PF05884.17
PF00569.23	PF00569.23
PF25299.1	PF25299.1
PF24856.1	PF24856.1
PF02610.21	PF02610.21
PF09206.18	PF09206.18
PF12625.12	PF12625.12
PF11762.14	PF11762.14
PF04602.18	PF04602.18
PF14896.12	PF14896.12
PF17689.8	PF17689.8
PF02311.25	PF02311.25
PF14525.12	PF14525.12
PF06719.19	PF06719.19
PF06081.17	PF06081.17
PF11728.13	PF11728.13
PF10337.15	PF10337.15
PF19368.5	PF19368.5
PF09692.15	PF09692.15
PF22749.2	PF22749.2
PF09757.15	PF09757.15
PF03869.20	PF03869.20
PF21972.1	PF21972.1
PF23468.1	PF23468.1
PF13355.12	PF13355.12
PF18653.6	PF18653.6
PF12942.12	PF12942.12
PF01951.21	PF01951.21
PF01917.21	PF01917.21
PF04659.18	PF04659.18
PF23109.1	PF23109.1
PF18162.6	PF18162.6
PF21395.2	PF21395.2
PF19284.4	PF19284.4
PF06819.16	PF06819.16
PF06847.16	PF06847.16
PF08394.16	PF08394.16
PF03079.20	PF03079.20
PF07275.16	PF07275.16
PF08401.16	PF08401.16
PF07573.16	PF07573.16
PF17296.8	PF17296.8
PF00798.23	PF00798.23
PF17290.8	PF17290.8
PF00843.22	PF00843.22
PF06317.16	PF06317.16
PF00025.27	PF00025.27
PF14949.11	PF14949.11
PF03889.18	PF03889.18
PF06456.18	PF06456.18
PF01412.23	PF01412.23
PF06507.19	PF06507.19
PF00491.26	PF00491.26
PF00764.25	PF00764.25
PF20979.2	PF20979.2
PF01960.23	PF01960.23
PF22864.1	PF22864.1
PF15346.11	PF15346.11
PF08699.15	PF08699.15
PF16488.10	PF16488.10
PF16487.10	PF16487.10
PF16486.11	PF16486.11
PF11581.13	PF11581.13
PF21571.2	PF21571.2
PF21570.3	PF21570.3
PF17944.6	PF17944.6
PF17810.6	PF17810.6
PF01316.27	PF01316.27
PF02863.23	PF02863.23
PF03485.21	PF03485.21
PF15441.11	PF15441.11
PF19422.4	PF19422.4
PF18938.6	PF18938.6
PF01388.27	PF01388.27
PF06770.17	PF06770.17
PF15840.10	PF15840.10
PF11527.13	PF11527.13
PF15062.11	PF15062.11
PF18719.7	PF18719.7
PF24151.2	PF24151.2
PF00514.29	PF00514.29
PF09003.16	PF09003.16
PF12167.14	PF12167.14
PF13356.12	PF13356.12
PF14657.12	PF14657.12
PF17293.8	PF17293.8
PF21050.3	PF21050.3
PF21051.3	PF21051.3
PF10208.15	PF10208.15
PF20145.4	PF20145.4
PF17822.6	PF17822.6
PF08427.15	PF08427.15
PF15767.10	PF15767.10
PF22915.1	PF22915.1
PF01937.24	PF01937.24
PF04826.19	PF04826.19
PF16186.11	PF16186.11
PF23295.1	PF23295.1
PF23948.1	PF23948.1
PF16629.10	PF16629.10
PF24768.1	PF24768.1
PF24477.2	PF24477.2
PF25097.1	PF25097.1
PF25097.1	PF23590.1
PF15800.10	PF15800.10
PF06615.16	PF06615.16
PF07038.16	PF07038.16
PF05614.16	PF05614.16
PF02443.22	PF02443.22
PF06022.16	PF06022.16
PF10197.14	PF10197.14
PF19267.4	PF19267.4
PF19268.4	PF19268.4
PF19266.4	PF19266.4
PF04487.17	PF04487.17
PF04223.18	PF04223.18
PF01874.21	PF01874.21
PF03600.22	PF03600.22
PF16980.11	PF16980.11
PF16114.10	PF16114.10
PF08218.17	PF08218.17
PF00285.26	PF00285.26
PF24948.1	PF24948.1
PF05520.16	PF05520.16
PF03802.19	PF03802.19
PF22506.2	PF22506.2
PF22131.1	PF22131.1
PF22129.1	PF22129.1
PF12605.13	PF12605.13
PF15297.11	PF15297.11
PF17500.7	PF17500.7
PF01111.24	PF01111.24
PF01214.23	PF01214.23
PF03805.18	PF03805.18
PF14769.11	PF14769.11
PF13259.11	PF13259.11
PF12348.14	PF12348.14
PF22488.1	PF22488.1
PF04021.17	PF04021.17
PF00637.26	PF00637.26
PF09268.16	PF09268.16
PF15045.11	PF15045.11
PF13838.12	PF13838.12
PF01086.22	PF01086.22
PF01394.26	PF01394.26
PF01217.26	PF01217.26
PF06653.16	PF06653.16
PF05452.16	PF05452.16
PF07062.17	PF07062.17
PF08434.16	PF08434.16
PF07675.18	PF07675.18
PF19439.4	PF19439.4
PF03505.20	PF03505.20
PF22441.2	PF22441.2
PF19411.4	PF19411.4
PF12032.13	PF12032.13
PF16641.10	PF16641.10
PF18322.6	PF18322.6
PF18398.6	PF18398.6
PF18399.6	PF18399.6
PF15675.10	PF15675.10
PF02487.23	PF02487.23
PF15014.12	PF15014.12
PF15156.11	PF15156.11
PF03515.19	PF03515.19
PF03513.19	PF03513.19
PF22374.1	PF22374.1
PF01785.22	PF01785.22
PF06597.16	PF06597.16
PF06807.19	PF06807.19
PF16573.10	PF16573.10
PF16575.11	PF16575.11
PF10431.15	PF10431.15
PF02617.22	PF02617.22
PF05602.17	PF05602.17
PF02861.25	PF02861.25
PF00574.28	PF00574.28
PF10383.15	PF10383.15
PF16761.10	PF16761.10
PF14420.11	PF14420.11
PF19699.4	PF19699.4
PF13236.11	PF13236.11
PF10234.14	PF10234.14
PF01093.22	PF01093.22
PF15044.11	PF15044.11
PF16526.10	PF16526.10
PF03026.21	PF03026.21
PF03021.20	PF03021.20
PF02353.26	PF02353.26
PF08583.15	PF08583.15
PF08991.16	PF08991.16
PF02627.25	PF02627.25
PF10629.15	PF10629.15
PF15667.11	PF15667.11
PF18456.6	PF18456.6
PF22045.1	PF22045.1
PF22407.1	PF22407.1
PF21452.2	PF21452.2
PF20822.2	PF20822.2
PF20824.2	PF20824.2
PF12469.13	PF12469.13
PF20823.2	PF20823.2
PF19021.5	PF19021.5
PF10392.15	PF10392.15
PF20653.3	PF20653.3
PF06419.17	PF06419.17
PF10191.15	PF10191.15
PF00963.24	PF00963.24
PF12765.13	PF12765.13
PF10345.15	PF10345.15
PF25166.1	PF25166.1
PF25164.1	PF25164.1
PF06054.18	PF06054.18
PF05710.17	PF05710.17
PF15862.10	PF15862.10
PF21431.3	PF21431.3
PF22348.1	PF22348.1
PF06286.16	PF06286.16
PF01410.23	PF01410.23
PF18496.6	PF18496.6
PF01024.24	PF01024.24
PF12639.13	PF12639.13
PF11429.13	PF11429.13
PF12106.13	PF12106.13
PF11504.13	PF11504.13
PF03857.18	PF03857.18
PF09204.15	PF09204.15
PF14859.11	PF14859.11
PF01320.23	PF01320.23
PF02674.22	PF02674.22
PF01114.24	PF01114.24
PF15083.11	PF15083.11
PF02740.20	PF02740.20
PF01391.23	PF01391.23
PF05737.18	PF05737.18
PF12904.13	PF12904.13
PF15984.10	PF15984.10
PF20010.5	PF20010.5
PF07484.17	PF07484.17
PF16959.10	PF16959.10
PF01484.22	PF01484.22
PF02679.21	PF02679.21
PF03047.20	PF03047.20
PF22933.1	PF22933.1
PF10719.14	PF10719.14
PF11773.13	PF11773.13
PF15980.10	PF15980.10
PF14173.11	PF14173.11
PF11033.13	PF11033.13
PF06338.17	PF06338.17
PF15957.10	PF15957.10
PF17221.8	PF17221.8
PF22838.1	PF22838.1
PF20923.2	PF20923.2
PF07258.19	PF07258.19
PF21672.2	PF21672.2
PF02247.22	PF02247.22
PF02248.22	PF02248.22
PF11598.13	PF11598.13
PF05205.17	PF05205.17
PF03772.21	PF03772.21
PF11546.13	PF11546.13
PF00329.25	PF00329.25
PF00346.24	PF00346.24
PF01512.22	PF01512.22
PF13232.12	PF13232.12
PF13232.12	PF05347.21
PF13233.12	PF13233.12
PF16732.10	PF16732.10
PF18710.7	PF18710.7
PF17584.7	PF17584.7
PF05952.17	PF05952.17
PF10815.13	PF10815.13
PF06133.16	PF06133.16
PF10346.14	PF10346.14
PF00668.25	PF00668.25
PF12422.13	PF12422.13
PF00029.24	PF00029.24
PF16791.10	PF16791.10
PF03508.18	PF03508.18
PF03509.19	PF03509.19
PF02950.22	PF02950.22
PF17557.7	PF17557.7
PF15281.11	PF15281.11
PF22883.1	PF22883.1
PF03601.19	PF03601.19
PF03602.21	PF03602.21
PF24473.1	PF24473.1
PF15976.11	PF15976.11
PF14395.11	PF14395.11
PF10133.14	PF10133.14
PF08752.16	PF08752.16
PF14218.11	PF14218.11
PF22788.2	PF22788.2
PF05275.17	PF05275.17
PF04234.18	PF04234.18
PF04234.18	PF13205.12
PF05425.18	PF05425.18
PF12441.14	PF12441.14
PF07970.17	PF07970.17
PF07002.22	PF07002.22
PF08507.15	PF08507.15
PF06957.17	PF06957.17
PF11525.13	PF11525.13
PF12963.12	PF12963.12
PF12964.13	PF12964.13
PF12965.13	PF12965.13
PF12967.12	PF12967.12
PF12968.13	PF12968.13
PF12969.12	PF12969.12
PF12970.12	PF12970.12
PF12975.13	PF12975.13
PF04074.18	PF04074.18
PF12976.13	PF12976.13
PF21441.3	PF21441.3
PF12977.12	PF12977.12
PF12978.13	PF12978.13
PF12979.12	PF12979.12
PF12980.13	PF12980.13
PF00924.24	PF00924.24
PF21082.3	PF21082.3
PF25392.1	PF25392.1
PF20656.2	PF20656.2
PF01274.28	PF01274.28
PF12777.12	PF12777.12
PF05063.20	PF05063.20
PF21945.1	PF21945.1
PF14013.11	PF14013.11
PF12176.13	PF12176.13
PF16185.10	PF16185.10
PF20296.3	PF20296.3
PF17226.7	PF17226.7
PF14920.11	PF14920.11
PF14919.11	PF14919.11
PF14918.11	PF14918.11
PF01993.23	PF01993.23
PF21916.1	PF21916.1
PF18454.7	PF18454.7
PF02536.19	PF02536.19
PF18741.7	PF18741.7
PF19189.6	PF19189.6
PF14061.12	PF14061.12
PF07239.17	PF07239.17
PF10128.15	PF10128.15
PF20171.3	PF20171.3
PF10129.15	PF10129.15
PF08618.15	PF08618.15
PF01160.23	PF01160.23
PF12911.12	PF12911.12
PF04966.18	PF04966.18
PF03573.19	PF03573.19
PF05736.17	PF05736.17
PF03169.20	PF03169.20
PF11078.13	PF11078.13
PF04069.17	PF04069.17
PF09463.15	PF09463.15
PF08035.16	PF08035.16
PF07856.17	PF07856.17
PF01718.22	PF01718.22
PF01616.22	PF01616.22
PF05788.18	PF05788.18
PF00898.22	PF00898.22
PF01700.22	PF01700.22
PF05059.19	PF05059.19
PF00901.23	PF00901.23
PF01516.21	PF01516.21
PF00897.23	PF00897.23
PF24389.1	PF24389.1
PF21312.3	PF21312.3
PF19675.4	PF19675.4
PF07034.17	PF07034.17
PF14629.12	PF14629.12
PF14630.12	PF14630.12
PF21639.3	PF21639.3
PF05460.18	PF05460.18
PF21913.1	PF21913.1
PF18137.7	PF18137.7
PF02072.20	PF02072.20
PF03827.18	PF03827.18
PF10549.14	PF10549.14
PF22425.1	PF22425.1
PF21644.2	PF21644.2
PF23684.1	PF23684.1
PF22056.1	PF22056.1
PF23682.1	PF23682.1
PF23698.1	PF23698.1
PF17620.7	PF17620.7
PF23624.1	PF23624.1
PF10552.14	PF10552.14
PF10543.14	PF10543.14
PF06024.17	PF06024.17
PF17495.7	PF17495.7
PF01385.25	PF01385.25
PF18042.7	PF18042.7
PF18492.6	PF18492.6
PF10950.13	PF10950.13
PF09482.15	PF09482.15
PF24687.1	PF24687.1
PF04061.19	PF04061.19
PF02088.20	PF02088.20
PF02784.22	PF02784.22
PF00278.28	PF00278.28
PF12013.13	PF12013.13
PF22010.2	PF22010.2
PF02250.20	PF02250.20
PF05950.16	PF05950.16
PF06517.16	PF06517.16
PF06334.16	PF06334.16
PF06489.16	PF06489.16
PF06193.16	PF06193.16
PF07033.16	PF07033.16
PF07020.16	PF07020.16
PF06076.17	PF06076.17
PF06601.17	PF06601.17
PF05813.17	PF05813.17
PF05886.16	PF05886.16
PF07204.16	PF07204.16
PF07272.16	PF07272.16
PF03392.18	PF03392.18
PF22015.1	PF22015.1
PF00213.23	PF00213.23
PF10188.14	PF10188.14
PF17182.10	PF17182.10
PF02566.24	PF02566.24
PF08946.15	PF08946.15
PF09488.16	PF09488.16
PF03207.18	PF03207.18
PF02471.22	PF02471.22
PF22303.2	PF22303.2
PF12202.14	PF12202.14
PF12872.13	PF12872.13
PF04756.19	PF04756.19
PF10215.14	PF10215.14
PF23358.1	PF23358.1
PF03345.20	PF03345.20
PF05251.17	PF05251.17
PF13100.11	PF13100.11
PF15048.11	PF15048.11
PF00865.23	PF00865.23
PF07175.16	PF07175.16
PF09777.14	PF09777.14
PF18246.6	PF18246.6
PF21526.2	PF21526.2
PF21577.3	PF21577.3
PF22013.1	PF22013.1
PF21911.1	PF21911.1
PF01471.23	PF01471.23
PF08823.16	PF08823.16
PF09374.15	PF09374.15
PF12229.13	PF12229.13
PF21398.2	PF21398.2
PF18353.6	PF18353.6
PF00169.35	PF00169.35
PF00169.35	PF15413.13
PF00169.35	PF15410.12
PF21098.3	PF21098.3
PF22167.2	PF22167.2
PF09638.15	PF09638.15
PF21103.3	PF21103.3
PF06542.16	PF06542.16
PF21017.2	PF21017.2
PF21189.3	PF21189.3
PF07167.19	PF07167.19
PF03676.19	PF03676.19
PF10653.14	PF10653.14
PF09215.16	PF09215.16
PF09077.16	PF09077.16
PF09306.15	PF09306.15
PF09097.16	PF09097.16
PF09096.16	PF09096.16
PF13550.12	PF13550.12
PF18894.6	PF18894.6
PF10145.14	PF10145.14
PF09251.16	PF09251.16
PF09584.15	PF09584.15
PF09583.15	PF09583.15
PF10893.13	PF10893.13
PF08200.17	PF08200.17
PF08010.17	PF08010.17
PF06019.16	PF06019.16
PF18066.6	PF18066.6
PF05930.18	PF05930.18
PF06530.18	PF06530.18
PF06323.16	PF06323.16
PF17585.7	PF17585.7
PF10554.14	PF10554.14
PF05354.17	PF05354.17
PF02304.21	PF02304.21
PF04717.18	PF04717.18
PF25181.1	PF25181.1
PF24647.1	PF24647.1
PF09356.15	PF09356.15
PF12025.13	PF12025.13
PF05065.19	PF05065.19
PF19821.5	PF19821.5
PF13252.12	PF13252.12
PF25209.1	PF25209.1
PF09018.16	PF09018.16
PF03864.21	PF03864.21
PF05125.18	PF05125.18
PF22758.2	PF22758.2
PF22758.2	PF23982.2
PF09956.15	PF09956.15
PF23968.1	PF23968.1
PF05269.17	PF05269.17
PF16452.10	PF16452.10
PF07022.19	PF07022.19
PF16790.10	PF16790.10
PF09063.15	PF09063.15
PF19199.5	PF19199.5
PF05357.18	PF05357.18
PF05356.16	PF05356.16
PF05352.17	PF05352.17
PF05135.19	PF05135.19
PF24829.1	PF24829.1
PF10743.14	PF10743.14
PF06892.16	PF06892.16
PF05144.20	PF05144.20
PF02303.23	PF02303.23
PF11126.13	PF11126.13
PF05367.17	PF05367.17
PF02305.22	PF02305.22
PF03335.18	PF03335.18
PF03406.18	PF03406.18
PF06820.17	PF06820.17
PF22337.1	PF22337.1
PF05798.17	PF05798.17
PF02306.20	PF02306.20
PF23772.1	PF23772.1
PF10910.14	PF10910.14
PF23887.1	PF23887.1
PF11108.13	PF11108.13
PF07410.16	PF07410.16
PF06854.16	PF06854.16
PF17549.7	PF17549.7
PF09355.15	PF09355.15
PF10669.14	PF10669.14
PF22130.1	PF22130.1
PF13876.11	PF13876.11
PF11246.14	PF11246.14
PF23794.1	PF23794.1
PF05840.19	PF05840.19
PF05954.17	PF05954.17
PF05926.16	PF05926.16
PF05929.16	PF05929.16
PF05320.17	PF05320.17
PF05273.18	PF05273.18
PF03396.20	PF03396.20
PF05445.17	PF05445.17
PF04490.17	PF04490.17
PF04491.17	PF04491.17
PF03295.19	PF03295.19
PF03355.19	PF03355.19
PF04441.18	PF04441.18
PF05566.18	PF05566.18
PF04947.19	PF04947.19
PF04498.17	PF04498.17
PF00550.31	PF00550.31
PF14573.12	PF14573.12
PF07430.17	PF07430.17
PF10488.14	PF10488.14
PF15276.11	PF15276.11
PF05361.17	PF05361.17
PF14299.13	PF14299.13
PF10252.14	PF10252.14
PF00481.26	PF00481.26
PF13672.11	PF13672.11
PF07830.18	PF07830.18
PF04802.21	PF04802.21
PF02818.20	PF02818.20
PF12577.13	PF12577.13
PF04151.21	PF04151.21
PF15060.11	PF15060.11
PF01326.24	PF01326.24
PF00823.25	PF00823.25
PF18878.5	PF18878.5
PF12484.13	PF12484.13
PF22386.1	PF22386.1
PF23322.1	PF23322.1
PF18086.7	PF18086.7
PF18154.6	PF18154.6
PF13111.11	PF13111.11
PF18156.6	PF18156.6
PF18155.6	PF18155.6
PF07491.16	PF07491.16
PF03976.20	PF03976.20
PF18188.7	PF18188.7
PF18168.6	PF18168.6
PF11892.13	PF11892.13
PF06865.17	PF06865.17
PF12142.13	PF12142.13
PF12143.14	PF12143.14
PF21636.2	PF21636.2
PF10212.14	PF10212.14
PF15740.10	PF15740.10
PF15691.10	PF15691.10
PF15503.11	PF15503.11
PF22646.2	PF22646.2
PF09184.16	PF09184.16
PF08321.18	PF08321.18
PF22457.1	PF22457.1
PF14895.11	PF14895.11
PF01535.26	PF01535.26
PF12854.13	PF12854.13
PF13041.12	PF13041.12
PF13812.12	PF13812.12
PF17177.10	PF17177.10
PF02006.22	PF02006.22
PF01239.28	PF01239.28
PF14427.12	PF14427.12
PF00519.23	PF00519.23
PF20450.4	PF20450.4
PF00524.23	PF00524.23
PF00511.22	PF00511.22
PF00508.23	PF00508.23
PF02541.22	PF02541.22
PF21447.3	PF21447.3
PF21697.3	PF21697.3
PF02503.22	PF02503.22
PF13090.12	PF13090.12
PF17941.7	PF17941.7
PF13089.11	PF13089.11
PF03012.19	PF03012.19
PF18165.6	PF18165.6
PF18166.6	PF18166.6
PF04193.19	PF04193.19
PF04403.18	PF04403.18
PF01011.28	PF01011.28
PF08042.16	PF08042.16
PF05402.18	PF05402.18
PF22456.1	PF22456.1
PF22455.1	PF22455.1
PF13360.13	PF13360.13
PF22454.1	PF22454.1
PF01502.23	PF01502.23
PF01503.22	PF01503.22
PF03208.24	PF03208.24
PF00697.28	PF00697.28
PF09372.15	PF09372.15
PF15314.11	PF15314.11
PF15798.10	PF15798.10
PF22911.1	PF22911.1
PF22038.1	PF22038.1
PF18118.7	PF18118.7
PF07122.16	PF07122.16
PF11712.13	PF11712.13
PF09446.15	PF09446.15
PF21730.2	PF21730.2
PF20028.4	PF20028.4
PF19963.4	PF19963.4
PF20015.4	PF20015.4
PF20018.4	PF20018.4
PF20017.4	PF20017.4
PF20021.4	PF20021.4
PF20022.4	PF20022.4
PF19965.4	PF19965.4
PF20019.4	PF20019.4
PF19966.4	PF19966.4
PF19967.4	PF19967.4
PF19968.4	PF19968.4
PF19969.4	PF19969.4
PF19969.4	PF19916.4
PF19970.4	PF19970.4
PF01660.22	PF01660.22
PF08456.15	PF08456.15
PF17055.10	PF17055.10
PF00695.24	PF00695.24
PF24397.1	PF24397.1
PF25216.1	PF25216.1
PF03517.19	PF03517.19
PF00654.25	PF00654.25
PF03762.22	PF03762.22
PF20793.2	PF20793.2
PF21416.2	PF21416.2
PF22024.2	PF22024.2
PF22210.2	PF22210.2
PF20855.2	PF20855.2
PF06281.17	PF06281.17
PF23370.1	PF23370.1
PF23371.1	PF23371.1
PF23369.1	PF23369.1
PF05801.16	PF05801.16
PF18965.5	PF18965.5
PF08935.16	PF08935.16
PF00426.25	PF00426.25
PF17478.7	PF17478.7
PF20807.2	PF20807.2
PF00434.23	PF00434.23
PF09625.15	PF09625.15
PF18205.6	PF18205.6
PF20915.2	PF20915.2
PF00522.23	PF00522.23
PF12451.13	PF12451.13
PF23266.1	PF23266.1
PF23266.1	PF23341.1
PF25037.1	PF25037.1
PF25033.1	PF25033.1
PF12624.14	PF12624.14
PF25036.2	PF25036.2
PF22956.2	PF22956.2
PF04840.18	PF04840.18
PF04841.19	PF04841.19
PF09454.15	PF09454.15
PF03643.20	PF03643.20
PF21356.2	PF21356.2
PF03997.17	PF03997.17
PF03635.23	PF03635.23
PF16988.10	PF16988.10
PF11605.14	PF11605.14
PF17649.6	PF17649.6
PF12955.13	PF12955.13
PF10366.15	PF10366.15
PF09336.16	PF09336.16
PF09325.15	PF09325.15
PF08700.17	PF08700.17
PF20655.3	PF20655.3
PF04129.18	PF04129.18
PF16854.11	PF16854.11
PF04100.18	PF04100.18
PF07928.17	PF07928.17
PF10475.15	PF10475.15
PF04133.19	PF04133.19
PF06101.16	PF06101.16
PF25157.1	PF25157.1
PF23306.1	PF23306.1
PF02204.23	PF02204.23
PF20161.5	PF20161.5
PF21155.3	PF21155.3
PF00558.24	PF00558.24
PF11475.13	PF11475.13
PF05678.19	PF05678.19
PF17412.7	PF17412.7
PF21769.2	PF21769.2
PF21867.1	PF21867.1
PF21624.2	PF21624.2
PF03538.19	PF03538.19
PF03536.20	PF03536.20
PF08774.17	PF08774.17
PF13206.11	PF13206.11
PF03302.18	PF03302.18
PF03852.21	PF03852.21
PF25011.1	PF25011.1
PF04652.21	PF04652.21
PF18097.6	PF18097.6
PF09359.15	PF09359.15
PF02771.21	PF02771.21
PF14749.11	PF14749.11
PF12590.13	PF12590.13
PF12186.13	PF12186.13
PF12418.13	PF12418.13
PF00708.24	PF00708.24
PF01553.26	PF01553.26
PF19576.4	PF19576.4
PF16076.10	PF16076.10
PF02551.21	PF02551.21
PF00698.26	PF00698.26
PF02273.21	PF02273.21
PF01757.29	PF01757.29
PF18883.6	PF18883.6
PF16214.10	PF16214.10
PF09793.14	PF09793.14
PF10198.14	PF10198.14
PF21299.2	PF21299.2
PF16698.10	PF16698.10
PF24484.1	PF24484.1
PF23178.1	PF23178.1
PF17771.6	PF17771.6
PF19236.4	PF19236.4
PF05986.19	PF05986.19
PF08516.17	PF08516.17
PF10199.14	PF10199.14
PF01602.26	PF01602.26
PF00928.26	PF00928.26
PF02805.21	PF02805.21
PF06314.16	PF06314.16
PF06327.19	PF06327.19
PF21445.3	PF21445.3
PF18724.6	PF18724.6
PF18724.6	PF18746.6
PF17981.7	PF17981.7
PF17980.7	PF17980.7
PF13382.11	PF13382.11
PF03352.18	PF03352.18
PF04008.19	PF04008.19
PF02438.21	PF02438.21
PF03052.20	PF03052.20
PF02703.20	PF02703.20
PF01691.21	PF01691.21
PF01696.23	PF01696.23
PF04623.17	PF04623.17
PF06040.16	PF06040.16
PF05248.17	PF05248.17
PF03376.19	PF03376.19
PF04834.18	PF04834.18
PF03307.20	PF03307.20
PF02440.21	PF02440.21
PF02439.20	PF02439.20
PF05385.17	PF05385.17
PF04528.19	PF04528.19
PF06931.17	PF06931.17
PF04881.20	PF04881.20
PF01065.24	PF01065.24
PF03678.20	PF03678.20
PF02456.21	PF02456.21
PF00541.23	PF00541.23
PF11081.13	PF11081.13
PF01686.22	PF01686.22
PF03955.20	PF03955.20
PF03910.19	PF03910.19
PF01310.23	PF01310.23
PF05829.17	PF05829.17
PF00608.22	PF00608.22
PF02459.20	PF02459.20
PF03228.19	PF03228.19
PF16579.11	PF16579.11
PF01295.23	PF01295.23
PF00709.27	PF00709.27
PF12633.13	PF12633.13
PF04439.18	PF04439.18
PF19582.4	PF19582.4
PF23813.1	PF23813.1
PF25387.1	PF25387.1
PF16812.10	PF16812.10
PF09085.16	PF09085.16
PF04619.18	PF04619.18
PF16747.10	PF16747.10
PF03257.18	PF03257.18
PF18652.6	PF18652.6
PF25137.1	PF25137.1
PF08240.17	PF08240.17
PF16884.10	PF16884.10
PF00106.31	PF00106.31
PF13561.12	PF13561.12
PF00107.32	PF00107.32
PF13602.12	PF13602.12
PF02274.22	PF02274.22
PF11559.13	PF11559.13
PF15202.11	PF15202.11
PF06377.16	PF06377.16
PF00406.28	PF00406.28
PF05191.20	PF05191.20
PF19627.4	PF19627.4
PF05221.23	PF05221.23
PF00670.27	PF00670.27
PF08132.16	PF08132.16
PF02675.21	PF02675.21
PF08517.17	PF08517.17
PF16646.10	PF16646.10
PF08833.15	PF08833.15
PF10211.14	PF10211.14
PF03591.19	PF03591.19
PF05437.17	PF05437.17
PF16558.10	PF16558.10
PF09260.17	PF09260.17
PF01356.24	PF01356.24
PF02137.24	PF02137.24
PF00962.28	PF00962.28
PF08451.16	PF08451.16
PF18424.6	PF18424.6
PF09713.15	PF09713.15
PF02216.22	PF02216.22
PF24604.1	PF24604.1
PF04182.18	PF04182.18
PF11963.13	PF11963.13
PF24750.1	PF24750.1
PF04053.20	PF04053.20
PF02246.21	PF02246.21
PF02310.24	PF02310.24
PF02607.22	PF02607.22
PF22034.2	PF22034.2
PF06522.17	PF06522.17
PF11473.13	PF11473.13
PF09066.15	PF09066.15
PF17623.7	PF17623.7
PF02362.26	PF02362.26
PF19341.4	PF19341.4
PF17057.10	PF17057.10
PF03483.22	PF03483.22
PF03484.21	PF03484.21
PF01603.26	PF01603.26
PF07162.17	PF07162.17
PF07886.16	PF07886.16
PF06989.17	PF06989.17
PF08840.17	PF08840.17
PF07234.17	PF07234.17
PF02673.24	PF02673.24
PF18138.6	PF18138.6
PF18173.6	PF18173.6
PF05791.16	PF05791.16
PF05968.16	PF05968.16
PF07707.21	PF07707.21
PF24570.1	PF24570.1
PF13004.13	PF13004.13
PF19190.6	PF19190.6
PF22057.2	PF22057.2
PF22489.1	PF22489.1
PF10432.14	PF10432.14
PF12173.13	PF12173.13
PF01721.23	PF01721.23
PF10439.15	PF10439.15
PF09221.15	PF09221.15
PF11758.13	PF11758.13
PF14406.12	PF14406.12
PF04519.19	PF04519.19
PF20603.3	PF20603.3
PF16403.11	PF16403.11
PF16403.11	PF07523.18
PF16403.11	PF02494.22
PF08379.15	PF08379.15
PF21295.2	PF21295.2
PF06143.16	PF06143.16
PF04798.17	PF04798.17
PF06096.16	PF06096.16
PF06497.16	PF06497.16
PF04786.17	PF04786.17
PF05274.16	PF05274.16
PF04639.17	PF04639.17
PF04850.18	PF04850.18
PF12259.13	PF12259.13
PF03258.20	PF03258.20
PF25298.1	PF25298.1
PF04700.17	PF04700.17
PF03273.18	PF03273.18
PF04735.17	PF04735.17
PF05290.17	PF05290.17
PF07206.16	PF07206.16
PF06385.17	PF06385.17
PF03041.19	PF03041.19
PF05847.17	PF05847.17
PF04838.17	PF04838.17
PF11792.14	PF11792.14
PF06061.16	PF06061.16
PF05314.16	PF05314.16
PF05073.17	PF05073.17
PF04766.17	PF04766.17
PF05214.17	PF05214.17
PF05112.17	PF05112.17
PF04878.18	PF04878.18
PF04583.17	PF04583.17
PF08404.15	PF08404.15
PF04513.17	PF04513.17
PF04512.18	PF04512.18
PF05311.16	PF05311.16
PF05883.17	PF05883.17
PF05789.16	PF05789.16
PF04501.17	PF04501.17
PF08475.15	PF08475.15
PF04913.17	PF04913.17
PF23592.1	PF23592.1
PF16492.10	PF16492.10
PF25374.1	PF25374.1
PF08758.17	PF08758.17
PF15974.10	PF15974.10
PF01049.22	PF01049.22
PF09232.15	PF09232.15
PF07440.17	PF07440.17
PF15512.12	PF15512.12
PF04857.26	PF04857.26
PF15539.11	PF15539.11
PF15557.11	PF15557.11
PF11600.14	PF11600.14
PF12253.13	PF12253.13
PF12265.14	PF12265.14
PF17052.10	PF17052.10
PF11615.13	PF11615.13
PF13117.11	PF13117.11
PF03507.18	PF03507.18
PF18971.5	PF18971.5
PF16567.10	PF16567.10
PF15066.11	PF15066.11
PF03135.19	PF03135.19
PF22450.1	PF22450.1
PF16707.10	PF16707.10
PF03524.21	PF03524.21
PF14585.11	PF14585.11
PF07337.16	PF07337.16
PF09053.15	PF09053.15
PF07180.17	PF07180.17
PF03185.20	PF03185.20
PF04847.18	PF04847.18
PF11535.13	PF11535.13
PF07888.16	PF07888.16
PF06387.16	PF06387.16
PF00214.24	PF00214.24
PF02029.20	PF02029.20
PF05042.19	PF05042.19
PF00915.27	PF00915.27
PF08435.17	PF08435.17
PF05752.16	PF05752.16
PF08405.16	PF08405.16
PF07887.16	PF07887.16
PF20452.3	PF20452.3
PF20451.3	PF20451.3
PF01067.28	PF01067.28
PF00748.24	PF00748.24
PF16648.10	PF16648.10
PF00402.23	PF00402.23
PF00262.25	PF00262.25
PF05556.16	PF05556.16
PF01216.23	PF01216.23
PF03160.20	PF03160.20
PF13944.12	PF13944.12
PF15170.11	PF15170.11
PF02888.21	PF02888.21
PF08332.16	PF08332.16
PF05538.17	PF05538.17
PF07373.16	PF07373.16
PF07537.17	PF07537.17
PF17095.10	PF17095.10
PF11971.13	PF11971.13
PF08683.16	PF08683.16
PF10562.14	PF10562.14
PF16025.10	PF16025.10
PF07839.16	PF07839.16
PF21904.1	PF21904.1
PF05792.18	PF05792.18
PF11766.14	PF11766.14
PF14816.11	PF14816.11
PF00188.32	PF00188.32
PF23448.1	PF23448.1
PF15255.11	PF15255.11
PF10137.14	PF10137.14
PF18153.7	PF18153.7
PF23471.1	PF23471.1
PF07918.16	PF07918.16
PF18178.6	PF18178.6
PF12153.13	PF12153.13
PF14130.12	PF14130.12
PF11735.13	PF11735.13
PF21875.2	PF21875.2
PF21817.3	PF21817.3
PF12287.13	PF12287.13
PF18293.6	PF18293.6
PF11729.14	PF11729.14
PF16903.11	PF16903.11
PF04451.17	PF04451.17
PF11889.13	PF11889.13
PF17071.10	PF17071.10
PF21991.1	PF21991.1
PF05159.20	PF05159.20
PF14052.12	PF14052.12
PF05704.18	PF05704.18
PF14102.11	PF14102.11
PF06251.17	PF06251.17
PF20616.4	PF20616.4
PF14504.11	PF14504.11
PF08603.16	PF08603.16
PF01302.31	PF01302.31
PF08480.16	PF08480.16
PF06848.17	PF06848.17
PF16506.10	PF16506.10
PF02377.20	PF02377.20
PF00200.28	PF00200.28
PF06491.16	PF06491.16
PF21869.3	PF21869.3
PF05141.17	PF05141.17
PF21766.3	PF21766.3
PF21821.3	PF21821.3
PF16774.11	PF16774.11
PF20307.4	PF20307.4
PF20286.3	PF20286.3
PF04977.20	PF04977.20
PF05103.18	PF05103.18
PF00778.23	PF00778.23
PF01965.30	PF01965.30
PF09350.15	PF09350.15
PF21738.2	PF21738.2
PF08068.17	PF08068.17
PF13644.11	PF13644.11
PF21173.2	PF21173.2
PF21157.2	PF21157.2
PF15760.10	PF15760.10
PF01738.24	PF01738.24
PF05783.17	PF05783.17
PF12413.13	PF12413.13
PF18709.6	PF18709.6
PF04914.18	PF04914.18
PF12459.13	PF12459.13
PF00751.23	PF00751.23
PF06565.18	PF06565.18
PF10517.14	PF10517.14
PF07841.18	PF07841.18
PF11901.14	PF11901.14
PF03474.20	PF03474.20
PF05499.17	PF05499.17
PF17024.10	PF17024.10
PF06464.16	PF06464.16
PF17587.7	PF17587.7
PF20254.3	PF20254.3
PF22289.1	PF22289.1
PF22290.1	PF22290.1
PF07263.16	PF07263.16
PF16779.11	PF16779.11
PF14300.12	PF14300.12
PF07836.16	PF07836.16
PF08826.15	PF08826.15
PF00885.24	PF00885.24
PF15791.10	PF15791.10
PF12374.13	PF12374.13
PF20624.3	PF20624.3
PF04976.17	PF04976.17
PF16867.11	PF16867.11
PF24277.2	PF24277.2
PF20588.3	PF20588.3
PF04342.18	PF04342.18
PF04657.19	PF04657.19
PF22134.1	PF22134.1
PF20500.4	PF20500.4
PF08696.17	PF08696.17
PF21123.3	PF21123.3
PF11638.13	PF11638.13
PF23007.1	PF23007.1
PF00772.26	PF00772.26
PF07261.16	PF07261.16
PF10410.14	PF10410.14
PF03796.21	PF03796.21
PF21984.2	PF21984.2
PF16730.10	PF16730.10
PF21650.2	PF21650.2
PF08278.16	PF08278.16
PF22410.1	PF22410.1
PF08275.17	PF08275.17
PF07319.16	PF07319.16
PF00226.36	PF00226.36
PF11875.14	PF11875.14
PF14308.11	PF14308.11
PF22774.2	PF22774.2
PF01556.23	PF01556.23
PF00684.25	PF00684.25
PF12339.13	PF12339.13
PF20502.4	PF20502.4
PF08163.18	PF08163.18
PF19704.5	PF19704.5
PF09115.15	PF09115.15
PF22587.1	PF22587.1
PF21474.3	PF21474.3
PF11590.13	PF11590.13
PF18136.6	PF18136.6
PF08452.15	PF08452.15
PF03265.21	PF03265.21
PF14040.12	PF14040.12
PF17948.6	PF17948.6
PF20557.3	PF20557.3
PF22608.2	PF22608.2
PF20964.2	PF20964.2
PF08713.17	PF08713.17
PF01035.26	PF01035.26
PF13724.11	PF13724.11
PF10857.13	PF10857.13
PF10865.14	PF10865.14
PF10866.13	PF10866.13
PF10920.14	PF10920.14
PF10913.13	PF10913.13
PF10915.13	PF10915.13
PF10921.13	PF10921.13
PF10924.13	PF10924.13
PF10916.13	PF10916.13
PF10897.14	PF10897.14
PF10896.13	PF10896.13
PF10895.14	PF10895.14
PF10898.13	PF10898.13
PF10918.13	PF10918.13
PF10891.13	PF10891.13
PF03312.20	PF03312.20
PF11026.13	PF11026.13
PF10846.13	PF10846.13
PF10881.14	PF10881.14
PF10870.13	PF10870.13
PF03314.20	PF03314.20
PF10805.13	PF10805.13
PF10809.13	PF10809.13
PF10931.13	PF10931.13
PF10930.13	PF10930.13
PF10927.13	PF10927.13
PF10872.13	PF10872.13
PF10888.13	PF10888.13
PF10874.13	PF10874.13
PF10871.13	PF10871.13
PF10907.13	PF10907.13
PF11042.13	PF11042.13
PF10825.13	PF10825.13
PF10952.14	PF10952.14
PF10953.13	PF10953.13
PF10954.13	PF10954.13
PF10956.13	PF10956.13
PF10958.13	PF10958.13
PF03434.18	PF03434.18
PF10816.13	PF10816.13
PF10959.13	PF10959.13
PF10962.13	PF10962.13
PF10964.13	PF10964.13
PF10965.13	PF10965.13
PF10966.13	PF10966.13
PF10967.13	PF10967.13
PF10968.13	PF10968.13
PF10969.13	PF10969.13
PF10971.13	PF10971.13
PF11242.13	PF11242.13
PF10951.13	PF10951.13
PF10949.13	PF10949.13
PF11074.14	PF11074.14
PF11075.13	PF11075.13
PF11191.13	PF11191.13
PF10932.13	PF10932.13
PF10861.13	PF10861.13
PF10978.13	PF10978.13
PF10979.13	PF10979.13
PF10980.13	PF10980.13
PF10981.13	PF10981.13
PF10982.13	PF10982.13
PF10976.13	PF10976.13
PF10983.13	PF10983.13
PF10984.13	PF10984.13
PF11387.13	PF11387.13
PF10977.13	PF10977.13
PF11391.13	PF11391.13
PF10973.13	PF10973.13
PF10926.14	PF10926.14
PF10975.14	PF10975.14
PF10974.15	PF10974.15
PF10985.13	PF10985.13
PF10987.13	PF10987.13
PF10988.14	PF10988.14
PF10989.13	PF10989.13
PF10990.13	PF10990.13
PF03436.18	PF03436.18
PF10928.13	PF10928.13
PF10929.13	PF10929.13
PF11193.13	PF11193.13
PF11398.14	PF11398.14
PF10994.13	PF10994.13
PF10993.13	PF10993.13
PF03380.19	PF03380.19
PF11039.13	PF11039.13
PF11442.13	PF11442.13
PF10933.14	PF10933.14
PF11443.14	PF11443.14
PF11196.13	PF11196.13
PF11197.13	PF11197.13
PF10998.13	PF10998.13
PF10999.13	PF10999.13
PF11000.13	PF11000.13
PF11003.13	PF11003.13
PF11005.13	PF11005.13
PF11006.13	PF11006.13
PF11008.14	PF11008.14
PF11010.13	PF11010.13
PF11011.13	PF11011.13
PF04019.17	PF04019.17
PF12157.13	PF12157.13
PF12158.14	PF12158.14
PF12159.13	PF12159.13
PF12200.13	PF12200.13
PF12204.14	PF12204.14
PF12204.14	PF21053.3
PF12206.14	PF12206.14
PF12207.13	PF12207.13
PF12208.14	PF12208.14
PF12223.13	PF12223.13
PF12227.13	PF12227.13
PF12228.14	PF12228.14
PF12239.13	PF12239.13
PF12244.13	PF12244.13
PF12263.13	PF12263.13
PF12268.13	PF12268.13
PF12266.13	PF12266.13
PF12267.13	PF12267.13
PF12274.13	PF12274.13
PF12275.14	PF12275.14
PF12276.13	PF12276.13
PF12277.13	PF12277.13
PF12279.13	PF12279.13
PF04015.17	PF04015.17
PF12286.13	PF12286.13
PF12291.15	PF12291.15
PF12292.13	PF12292.13
PF12294.13	PF12294.13
PF12299.13	PF12299.13
PF12302.13	PF12302.13
PF12305.13	PF12305.13
PF12307.13	PF12307.13
PF12311.13	PF12311.13
PF12321.13	PF12321.13
PF12337.13	PF12337.13
PF12340.13	PF12340.13
PF04016.18	PF04016.18
PF12342.13	PF12342.13
PF12345.13	PF12345.13
PF12182.14	PF12182.14
PF12358.13	PF12358.13
PF12359.13	PF12359.13
PF12362.13	PF12362.13
PF12364.13	PF12364.13
PF12365.13	PF12365.13
PF04033.18	PF04033.18
PF12375.13	PF12375.13
PF12376.13	PF12376.13
PF12392.13	PF12392.13
PF12394.13	PF12394.13
PF12395.13	PF12395.13
PF12396.14	PF12396.14
PF04017.17	PF04017.17
PF12398.13	PF12398.13
PF12404.13	PF12404.13
PF12406.13	PF12406.13
PF12408.13	PF12408.13
PF12412.13	PF12412.13
PF12416.13	PF12416.13
PF12417.13	PF12417.13
PF12419.13	PF12419.13
PF12420.13	PF12420.13
PF12425.13	PF12425.13
PF12426.13	PF12426.13
PF12428.13	PF12428.13
PF12429.13	PF12429.13
PF12435.13	PF12435.13
PF12438.13	PF12438.13
PF12442.13	PF12442.13
PF12446.13	PF12446.13
PF12447.13	PF12447.13
PF12449.13	PF12449.13
PF12452.13	PF12452.13
PF12458.13	PF12458.13
PF12461.13	PF12461.13
PF12463.13	PF12463.13
PF12472.13	PF12472.13
PF12473.13	PF12473.13
PF12494.13	PF12494.13
PF14845.11	PF14845.11
PF06475.18	PF06475.18
PF00274.25	PF00274.25
PF01102.23	PF01102.23
PF03409.20	PF03409.20
PF00606.23	PF00606.23
PF00802.24	PF00802.24
PF17416.8	PF17416.8
PF17417.8	PF17417.8
PF00534.26	PF00534.26
PF00535.33	PF00535.33
PF00591.27	PF00591.27
PF00953.26	PF00953.26
PF04413.22	PF04413.22
PF02885.22	PF02885.22
PF20737.2	PF20737.2
PF20736.2	PF20736.2
PF17677.7	PF17677.7
PF17652.7	PF17652.7
PF00232.24	PF00232.24
PF00331.26	PF00331.26
PF12899.13	PF12899.13
PF12905.13	PF12905.13
PF17132.9	PF17132.9
PF05838.17	PF05838.17
PF21252.2	PF21252.2
PF00457.24	PF00457.24
PF03537.19	PF03537.19
PF15979.11	PF15979.11
PF01670.23	PF01670.23
PF21258.2	PF21258.2
PF22680.2	PF22680.2
PF06824.17	PF06824.17
PF11308.14	PF11308.14
PF04041.19	PF04041.19
PF21087.2	PF21087.2
PF01373.23	PF01373.23
PF00723.27	PF00723.27
PF00722.28	PF00722.28
PF00332.24	PF00332.24
PF00704.34	PF00704.34
PF05622.17	PF05622.17
PF19047.5	PF19047.5
PF21670.2	PF21670.2
PF17914.6	PF17914.6
PF22079.1	PF22079.1
PF08888.16	PF08888.16
PF15457.11	PF15457.11
PF02301.23	PF02301.23
PF00103.25	PF00103.25
PF00123.25	PF00123.25
PF00159.23	PF00159.23
PF00220.22	PF00220.22
PF00184.22	PF00184.22
PF00236.23	PF00236.23
PF00104.35	PF00104.35
PF10116.14	PF10116.14
PF10116.14	PF18856.6
PF04617.18	PF04617.18
PF12284.13	PF12284.13
PF21970.1	PF21970.1
PF18618.6	PF18618.6
PF18472.7	PF18472.7
PF22017.1	PF22017.1
PF22018.1	PF22018.1
PF03241.18	PF03241.18
PF11794.13	PF11794.13
PF09483.15	PF09483.15
PF23452.1	PF23452.1
PF03328.21	PF03328.21
PF05044.18	PF05044.18
PF10228.14	PF10228.14
PF20646.2	PF20646.2
PF13694.11	PF13694.11
PF22829.2	PF22829.2
PF22828.1	PF22828.1
PF20933.2	PF20933.2
PF14925.11	PF14925.11
PF22825.2	PF22825.2
PF13323.11	PF13323.11
PF15226.11	PF15226.11
PF18524.6	PF18524.6
PF01288.25	PF01288.25
PF07456.16	PF07456.16
PF07475.17	PF07475.17
PF02603.21	PF02603.21
PF14763.12	PF14763.12
PF14761.12	PF14761.12
PF15702.11	PF15702.11
PF20468.4	PF20468.4
PF01627.28	PF01627.28
PF10090.15	PF10090.15
PF16960.11	PF16960.11
PF01856.23	PF01856.23
PF02521.20	PF02521.20
PF02185.21	PF02185.21
PF01628.27	PF01628.27
PF03444.21	PF03444.21
PF15758.10	PF15758.10
PF00570.28	PF00570.28
PF25128.1	PF25128.1
PF16954.10	PF16954.10
PF16815.10	PF16815.10
PF22949.1	PF22949.1
PF02793.27	PF02793.27
PF15072.12	PF15072.12
PF09589.15	PF09589.15
PF09613.16	PF09613.16
PF09487.15	PF09487.15
PF09502.15	PF09502.15
PF09486.15	PF09486.15
PF08482.15	PF08482.15
PF06188.17	PF06188.17
PF06266.17	PF06266.17
PF07201.16	PF07201.16
PF12210.13	PF12210.13
PF13933.12	PF13933.12
PF05514.17	PF05514.17
PF07014.17	PF07014.17
PF07231.17	PF07231.17
PF02218.20	PF02218.20
PF07529.18	PF07529.18
PF12456.14	PF12456.14
PF12296.13	PF12296.13
PF06825.17	PF06825.17
PF18256.6	PF18256.6
PF07743.18	PF07743.18
PF15244.11	PF15244.11
PF12161.14	PF12161.14
PF04313.20	PF04313.20
PF13588.12	PF13588.12
PF22101.1	PF22101.1
PF00447.23	PF00447.23
PF14603.12	PF14603.12
PF06350.17	PF06350.17
PF18794.7	PF18794.7
PF18795.7	PF18795.7
PF12062.14	PF12062.14
PF25119.1	PF25119.1
PF00011.27	PF00011.27
PF01430.24	PF01430.24
PF00012.26	PF00012.26
PF03393.22	PF03393.22
PF07291.16	PF07291.16
PF17419.7	PF17419.7
PF24754.1	PF24754.1
PF16062.10	PF16062.10
PF23364.1	PF23364.1
PF11455.13	PF11455.13
PF04014.23	PF04014.23
PF03819.22	PF03819.22
PF12643.12	PF12643.12
PF18722.6	PF18722.6
PF07961.18	PF07961.18
PF23508.1	PF23508.1
PF01429.25	PF01429.25
PF16564.11	PF16564.11
PF14048.11	PF14048.11
PF04837.17	PF04837.17
PF04899.17	PF04899.17
PF11187.14	PF11187.14
PF08523.15	PF08523.15
PF15868.10	PF15868.10
PF17883.6	PF17883.6
PF18676.6	PF18676.6
PF18887.5	PF18887.5
PF13244.11	PF13244.11
PF20501.3	PF20501.3
PF25281.1	PF25281.1
PF05114.20	PF05114.20
PF20243.3	PF20243.3
PF03062.24	PF03062.24
PF13813.11	PF13813.11
PF17058.10	PF17058.10
PF02820.24	PF02820.24
PF03621.18	PF03621.18
PF23001.1	PF23001.1
PF23094.2	PF23094.2
PF23090.1	PF23090.1
PF05854.16	PF05854.16
PF20288.3	PF20288.3
PF20131.4	PF20131.4
PF20290.3	PF20290.3
PF20291.3	PF20291.3
PF20293.4	PF20293.4
PF20292.4	PF20292.4
PF20295.4	PF20295.4
PF19584.4	PF19584.4
PF19331.4	PF19331.4
PF15707.10	PF15707.10
PF17508.7	PF17508.7
PF05292.17	PF05292.17
PF17408.7	PF17408.7
PF11887.13	PF11887.13
PF21004.2	PF21004.2
PF21005.3	PF21005.3
PF10640.14	PF10640.14
PF02289.21	PF02289.21
PF13072.11	PF13072.11
PF12341.14	PF12341.14
PF05934.16	PF05934.16
PF21381.2	PF21381.2
PF00493.29	PF00493.29
PF22517.1	PF22517.1
PF09332.17	PF09332.17
PF22379.2	PF22379.2
PF22471.2	PF22471.2
PF12619.13	PF12619.13
PF16769.10	PF16769.10
PF22207.2	PF22207.2
PF21128.4	PF21128.4
PF21933.2	PF21933.2
PF18263.7	PF18263.7
PF09739.14	PF09739.14
PF21100.3	PF21100.3
PF17855.7	PF17855.7
PF14551.11	PF14551.11
PF17207.9	PF17207.9
PF21120.3	PF21120.3
PF20289.3	PF20289.3
PF22673.2	PF22673.2
PF07950.16	PF07950.16
PF21563.3	PF21563.3
PF12814.13	PF12814.13
PF22097.1	PF22097.1
PF21927.1	PF21927.1
PF18182.6	PF18182.6
PF00015.26	PF00015.26
PF02993.19	PF02993.19
PF21660.2	PF21660.2
PF22031.1	PF22031.1
PF18509.6	PF18509.6
PF06100.17	PF06100.17
PF10117.15	PF10117.15
PF13325.12	PF13325.12
PF02249.22	PF02249.22
PF02745.20	PF02745.20
PF02241.23	PF02241.23
PF02783.20	PF02783.20
PF04609.17	PF04609.17
PF02505.19	PF02505.19
PF02240.21	PF02240.21
PF05053.19	PF05053.19
PF10223.15	PF10223.15
PF25161.1	PF25161.1
PF10457.14	PF10457.14
PF08877.16	PF08877.16
PF09074.15	PF09074.15
PF03243.20	PF03243.20
PF03203.19	PF03203.19
PF05052.17	PF05052.17
PF07133.16	PF07133.16
PF00376.29	PF00376.29
PF09278.17	PF09278.17
PF13411.12	PF13411.12
PF13591.12	PF13591.12
PF16934.11	PF16934.11
PF02411.20	PF02411.20
PF10185.14	PF10185.14
PF06060.18	PF06060.18
PF08908.16	PF08908.16
PF03724.22	PF03724.22
PF01676.23	PF01676.23
PF12044.14	PF12044.14
PF00149.33	PF00149.33
PF16370.11	PF16370.11
PF16371.11	PF16371.11
PF12850.12	PF12850.12
PF14582.11	PF14582.11
PF14008.11	PF14008.11
PF00131.25	PF00131.25
PF02066.20	PF02066.20
PF01439.23	PF01439.23
PF02067.21	PF02067.21
PF05522.16	PF05522.16
PF07846.17	PF07846.17
PF12749.12	PF12749.12
PF02068.22	PF02068.22
PF02069.22	PF02069.22
PF11403.13	PF11403.13
PF12809.12	PF12809.12
PF14455.11	PF14455.11
PF10118.14	PF10118.14
PF13801.11	PF13801.11
PF09595.15	PF09595.15
PF06652.17	PF06652.17
PF01420.25	PF01420.25
PF13636.12	PF13636.12
PF02086.21	PF02086.21
PF05971.18	PF05971.18
PF08242.18	PF08242.18
PF08242.18	PF13649.12
PF08242.18	PF08241.18
PF08421.16	PF08421.16
PF08484.17	PF08484.17
PF09445.16	PF09445.16
PF10294.15	PF10294.15
PF12692.13	PF12692.13
PF12847.13	PF12847.13
PF04672.18	PF04672.18
PF02870.21	PF02870.21
PF00891.24	PF00891.24
PF12147.14	PF12147.14
PF05050.19	PF05050.19
PF13383.12	PF13383.12
PF13489.12	PF13489.12
PF13578.12	PF13578.12
PF02636.23	PF02636.23
PF03141.22	PF03141.22
PF01596.23	PF01596.23
PF05430.17	PF05430.17
PF13847.12	PF13847.12
PF13679.12	PF13679.12
PF10017.15	PF10017.15
PF11312.14	PF11312.14
PF20553.4	PF20553.4
PF23525.1	PF23525.1
PF02390.23	PF02390.23
PF01795.25	PF01795.25
PF03492.21	PF03492.21
PF05148.21	PF05148.21
PF08003.17	PF08003.17
PF12248.16	PF12248.16
PF05891.18	PF05891.18
PF21080.2	PF21080.2
PF14314.12	PF14314.12
PF21081.2	PF21081.2
PF04452.19	PF04452.19
PF10672.15	PF10672.15
PF04013.17	PF04013.17
PF02598.22	PF02598.22
PF09936.14	PF09936.14
PF01189.24	PF01189.24
PF17125.10	PF17125.10
PF10119.14	PF10119.14
PF08267.18	PF08267.18
PF01717.24	PF01717.24
PF01340.26	PF01340.26
PF18546.6	PF18546.6
PF18548.6	PF18548.6
PF09635.15	PF09635.15
PF07021.18	PF07021.18
PF16206.10	PF16206.10
PF09200.16	PF09200.16
PF24664.1	PF24664.1
PF15626.11	PF15626.11
PF14318.11	PF14318.11
PF00946.24	PF00946.24
PF04744.17	PF04744.17
PF13826.12	PF13826.12
PF08765.17	PF08765.17
PF14225.11	PF14225.11
PF14228.11	PF14228.11
PF14222.11	PF14222.11
PF17942.8	PF17942.8
PF21864.1	PF21864.1
PF06451.17	PF06451.17
PF02493.26	PF02493.26
PF07661.19	PF07661.19
PF24667.1	PF24667.1
PF03473.23	PF03473.23
PF03476.21	PF03476.21
PF02722.21	PF02722.21
PF02707.21	PF02707.21
PF09114.16	PF09114.16
PF01618.21	PF01618.21
PF20560.3	PF20560.3
PF17613.7	PF17613.7
PF13677.11	PF13677.11
PF09158.15	PF09158.15
PF00635.32	PF00635.32
PF04643.17	PF04643.17
PF04644.17	PF04644.17
PF18393.6	PF18393.6
PF04870.21	PF04870.21
PF21634.3	PF21634.3
PF21635.2	PF21635.2
PF21633.3	PF21633.3
PF21632.3	PF21632.3
PF12554.13	PF12554.13
PF12926.12	PF12926.12
PF01853.24	PF01853.24
PF01107.23	PF01107.23
PF22001.1	PF22001.1
PF09995.15	PF09995.15
PF22136.2	PF22136.2
PF03650.18	PF03650.18
PF16667.10	PF16667.10
PF20675.2	PF20675.2
PF21621.3	PF21621.3
PF25466.1	PF25466.1
PF15502.11	PF15502.11
PF17234.7	PF17234.7
PF21125.3	PF21125.3
PF06127.16	PF06127.16
PF04006.17	PF04006.17
PF10175.14	PF10175.14
PF07668.16	PF07668.16
PF07666.16	PF07666.16
PF17523.7	PF17523.7
PF17060.10	PF17060.10
PF10057.14	PF10057.14
PF18818.7	PF18818.7
PF01973.23	PF01973.23
PF09176.16	PF09176.16
PF04117.17	PF04117.17
PF06716.16	PF06716.16
PF06039.21	PF06039.21
PF15731.11	PF15731.11
PF15723.11	PF15723.11
PF15183.11	PF15183.11
PF10555.14	PF10555.14
PF02381.23	PF02381.23
PF21117.3	PF21117.3
PF09444.15	PF09444.15
PF12102.13	PF12102.13
PF22411.1	PF22411.1
PF22155.1	PF22155.1
PF22226.1	PF22226.1
PF22161.1	PF22161.1
PF04152.19	PF04152.19
PF21522.3	PF21522.3
PF06723.19	PF06723.19
PF04085.20	PF04085.20
PF04093.17	PF04093.17
PF15812.10	PF15812.10
PF15155.11	PF15155.11
PF13888.11	PF13888.11
PF05712.18	PF05712.18
PF23087.1	PF23087.1
PF15325.11	PF15325.11
PF03022.22	PF03022.22
PF22003.2	PF22003.2
PF22363.1	PF22363.1
PF22435.1	PF22435.1
PF22435.1	PF22655.1
PF03919.21	PF03919.21
PF01331.24	PF01331.24
PF16741.10	PF16741.10
PF03291.22	PF03291.22
PF13929.11	PF13929.11
PF02940.20	PF02940.20
PF15749.10	PF15749.10
PF21618.2	PF21618.2
PF18235.6	PF18235.6
PF17062.10	PF17062.10
PF00185.30	PF00185.30
PF02729.26	PF02729.26
PF03189.18	PF03189.18
PF15182.11	PF15182.11
PF14441.12	PF14441.12
PF02338.25	PF02338.25
PF21403.4	PF21403.4
PF04844.18	PF04844.18
PF24423.1	PF24423.1
PF09791.14	PF09791.14
PF16490.10	PF16490.10
PF00724.26	PF00724.26
PF00174.25	PF00174.25
PF00148.24	PF00148.24
PF00420.29	PF00420.29
PF00499.25	PF00499.25
PF00507.24	PF00507.24
PF01059.23	PF01059.23
PF01058.29	PF01058.29
PF12573.13	PF12573.13
PF16870.10	PF16870.10
PF19858.4	PF19858.4
PF09859.15	PF09859.15
PF01237.23	PF01237.23
PF08635.15	PF08635.15
PF22620.2	PF22620.2
PF01901.21	PF01901.21
PF17531.7	PF17531.7
PF00543.27	PF00543.27
PF21090.3	PF21090.3
PF19044.6	PF19044.6
PF04275.20	PF04275.20
PF20837.2	PF20837.2
PF23707.1	PF23707.1
PF23983.2	PF23983.2
PF12233.13	PF12233.13
PF04699.19	PF04699.19
PF07392.17	PF07392.17
PF12378.14	PF12378.14
PF07194.16	PF07194.16
PF04062.19	PF04062.19
PF10548.14	PF10548.14
PF10547.14	PF10547.14
PF11651.14	PF11651.14
PF14549.12	PF14549.12
PF16510.11	PF16510.11
PF11650.14	PF11650.14
PF20760.2	PF20760.2
PF21919.2	PF21919.2
PF05517.18	PF05517.18
PF21161.3	PF21161.3
PF20478.3	PF20478.3
PF00864.24	PF00864.24
PF18628.7	PF18628.7
PF06891.17	PF06891.17
PF07390.16	PF07390.16
PF06581.17	PF06581.17
PF15302.11	PF15302.11
PF04045.19	PF04045.19
PF02331.20	PF02331.20
PF08727.16	PF08727.16
PF00067.27	PF00067.27
PF08944.16	PF08944.16
PF08336.16	PF08336.16
PF12409.13	PF12409.13
PF00870.23	PF00870.23
PF14936.11	PF14936.11
PF11619.13	PF11619.13
PF08563.16	PF08563.16
PF07710.16	PF07710.16
PF21705.3	PF21705.3
PF14748.11	PF14748.11
PF17548.7	PF17548.7
PF10546.14	PF10546.14
PF16563.10	PF16563.10
PF08061.16	PF08061.16
PF22371.1	PF22371.1
PF24305.1	PF24305.1
PF19065.6	PF19065.6
PF19066.5	PF19066.5
PF02225.27	PF02225.27
PF07472.16	PF07472.16
PF07828.18	PF07828.18
PF07691.17	PF07691.17
PF20734.2	PF20734.2
PF04636.18	PF04636.18
PF22432.2	PF22432.2
PF02252.23	PF02252.23
PF02251.23	PF02251.23
PF24876.1	PF24876.1
PF21475.2	PF21475.2
PF21217.3	PF21217.3
PF05138.18	PF05138.18
PF06243.16	PF06243.16
PF05488.18	PF05488.18
PF14958.11	PF14958.11
PF07848.18	PF07848.18
PF21266.3	PF21266.3
PF12923.12	PF12923.12
PF04939.17	PF04939.17
PF17075.10	PF17075.10
PF14239.11	PF14239.11
PF06459.17	PF06459.17
PF08071.17	PF08071.17
PF14615.11	PF14615.11
PF19198.5	PF19198.5
PF14361.12	PF14361.12
PF08678.16	PF08678.16
PF08673.15	PF08673.15
PF16294.10	PF16294.10
PF08586.15	PF08586.15
PF22994.1	PF22994.1
PF07547.18	PF07547.18
PF16751.10	PF16751.10
PF04353.18	PF04353.18
PF03873.18	PF03873.18
PF03872.18	PF03872.18
PF04246.17	PF04246.17
PF14876.11	PF14876.11
PF02410.21	PF02410.21
PF03193.22	PF03193.22
PF16745.11	PF16745.11
PF23750.1	PF23750.1
PF12791.13	PF12791.13
PF22802.1	PF22802.1
PF10099.14	PF10099.14
PF22618.1	PF22618.1
PF09243.16	PF09243.16
PF22458.1	PF22458.1
PF17126.11	PF17126.11
PF23016.2	PF23016.2
PF04378.19	PF04378.19
PF02714.20	PF02714.20
PF13967.11	PF13967.11
PF17069.10	PF17069.10
PF11757.13	PF11757.13
PF12174.13	PF12174.13
PF03113.19	PF03113.19
PF22660.2	PF22660.2
PF04479.18	PF04479.18
PF06361.16	PF06361.16
PF06216.16	PF06216.16
PF01137.26	PF01137.26
PF14474.11	PF14474.11
PF01139.22	PF01139.22
PF06956.16	PF06956.16
PF05189.18	PF05189.18
PF05608.18	PF05608.18
PF09357.15	PF09357.15
PF04641.18	PF04641.18
PF23566.1	PF23566.1
PF02334.22	PF02334.22
PF10363.15	PF10363.15
PF10304.15	PF10304.15
PF07809.16	PF07809.16
PF09510.15	PF09510.15
PF18215.6	PF18215.6
PF16770.11	PF16770.11
PF16771.11	PF16771.11
PF14726.11	PF14726.11
PF08512.18	PF08512.18
PF02382.20	PF02382.20
PF07634.16	PF07634.16
PF21735.3	PF21735.3
PF08339.15	PF08339.15
PF17917.7	PF17917.7
PF17919.7	PF17919.7
PF14616.11	PF14616.11
PF21054.2	PF21054.2
PF05750.17	PF05750.17
PF05748.17	PF05748.17
PF05749.17	PF05749.17
PF09273.16	PF09273.16
PF21228.3	PF21228.3
PF18087.6	PF18087.6
PF00016.26	PF00016.26
PF02788.21	PF02788.21
PF00101.25	PF00101.25
PF12601.13	PF12601.13
PF00301.25	PF00301.25
PF18267.7	PF18267.7
PF02915.23	PF02915.23
PF21349.2	PF21349.2
PF25366.1	PF25366.1
PF02759.24	PF02759.24
PF00853.24	PF00853.24
PF08504.16	PF08504.16
PF24162.1	PF24162.1
PF05866.16	PF05866.16
PF07499.19	PF07499.19
PF01330.27	PF01330.27
PF05491.19	PF05491.19
PF05496.18	PF05496.18
PF02075.23	PF02075.23
PF18516.7	PF18516.7
PF18541.7	PF18541.7
PF03652.20	PF03652.20
PF18343.7	PF18343.7
PF18346.7	PF18346.7
PF18348.7	PF18348.7
PF18350.7	PF18350.7
PF18354.7	PF18354.7
PF18597.7	PF18597.7
PF08239.17	PF08239.17
PF06347.19	PF06347.19
PF08460.16	PF08460.16
PF12913.13	PF12913.13
PF12914.13	PF12914.13
PF23214.1	PF23214.1
PF24680.1	PF24680.1
PF25446.1	PF25446.1
PF23587.1	PF23587.1
PF25092.1	PF25092.1
PF24556.1	PF24556.1
PF24551.1	PF24551.1
PF24626.1	PF24626.1
PF24912.1	PF24912.1
PF25369.1	PF25369.1
PF23795.1	PF23795.1
PF14999.11	PF14999.11
PF11601.13	PF11601.13
PF16764.11	PF16764.11
PF23328.1	PF23328.1
PF23762.1	PF23762.1
PF03983.18	PF03983.18
PF11435.13	PF11435.13
PF17078.10	PF17078.10
PF05546.16	PF05546.16
PF06128.16	PF06128.16
PF01488.26	PF01488.26
PF08501.16	PF08501.16
PF07004.17	PF07004.17
PF18655.7	PF18655.7
PF13908.11	PF13908.11
PF01549.29	PF01549.29
PF03865.19	PF03865.19
PF15021.11	PF15021.11
PF15793.11	PF15793.11
PF21669.3	PF21669.3
PF23661.1	PF23661.1
PF00464.25	PF00464.25
PF10516.15	PF10516.15
PF09851.14	PF09851.14
PF22746.1	PF22746.1
PF20612.3	PF20612.3
PF03579.19	PF03579.19
PF21325.3	PF21325.3
PF21324.2	PF21324.2
PF04925.20	PF04925.20
PF21413.3	PF21413.3
PF07550.17	PF07550.17
PF08229.16	PF08229.16
PF02491.25	PF02491.25
PF03876.22	PF03876.22
PF04917.17	PF04917.17
PF07557.16	PF07557.16
PF07558.16	PF07558.16
PF17512.7	PF17512.7
PF09345.15	PF09345.15
PF09032.16	PF09032.16
PF09264.17	PF09264.17
PF02973.23	PF02973.23
PF22585.3	PF22585.3
PF24907.1	PF24907.1
PF03482.18	PF03482.18
PF12887.12	PF12887.12
PF12878.12	PF12878.12
PF12879.12	PF12879.12
PF09119.15	PF09119.15
PF11778.13	PF11778.13
PF13965.12	PF13965.12
PF17204.8	PF17204.8
PF20875.2	PF20875.2
PF20892.2	PF20892.2
PF18219.6	PF18219.6
PF21513.2	PF21513.2
PF21511.2	PF21511.2
PF24895.1	PF24895.1
PF19049.6	PF19049.6
PF19048.6	PF19048.6
PF12252.14	PF12252.14
PF20988.2	PF20988.2
PF20879.2	PF20879.2
PF20851.2	PF20851.2
PF14163.11	PF14163.11
PF06767.16	PF06767.16
PF14532.12	PF14532.12
PF14532.12	PF00158.32
PF00309.25	PF00309.25
PF04963.19	PF04963.19
PF04552.19	PF04552.19
PF07638.17	PF07638.17
PF04546.19	PF04546.19
PF03979.19	PF03979.19
PF00140.25	PF00140.25
PF15073.11	PF15073.11
PF14909.12	PF14909.12
PF15824.10	PF15824.10
PF14649.11	PF14649.11
PF15256.11	PF15256.11
PF07139.16	PF07139.16
PF07780.17	PF07780.17
PF18520.6	PF18520.6
PF06645.18	PF06645.18
PF04573.17	PF04573.17
PF08286.16	PF08286.16
PF06703.16	PF06703.16
PF17082.10	PF17082.10
PF11544.13	PF11544.13
PF08317.16	PF08317.16
PF05122.18	PF05122.18
PF03771.21	PF03771.21
PF15795.10	PF15795.10
PF10136.14	PF10136.14
PF18680.6	PF18680.6
PF00435.27	PF00435.27
PF23160.2	PF23160.2
PF23160.2	PF21020.4
PF18373.7	PF18373.7
PF21019.4	PF21019.4
PF23289.1	PF23289.1
PF23323.1	PF23323.1
PF25101.1	PF25101.1
PF24611.2	PF24611.2
PF24615.2	PF24615.2
PF23729.2	PF23729.2
PF24915.1	PF24915.1
PF25034.1	PF25034.1
PF24082.1	PF24082.1
PF22946.1	PF22946.1
PF10940.13	PF10940.13
PF16650.10	PF16650.10
PF15670.10	PF15670.10
PF15059.11	PF15059.11
PF15058.11	PF15058.11
PF01564.23	PF01564.23
PF17284.7	PF17284.7
PF08250.16	PF08250.16
PF05324.18	PF05324.18
PF15754.10	PF15754.10
PF15171.11	PF15171.11
PF17325.7	PF17325.7
PF14764.12	PF14764.12
PF20909.2	PF20909.2
PF05541.17	PF05541.17
PF12138.14	PF12138.14
PF15678.10	PF15678.10
PF12485.14	PF12485.14
PF11260.13	PF11260.13
PF16763.10	PF16763.10
PF22464.2	PF22464.2
PF22465.2	PF22465.2
PF17072.10	PF17072.10
PF02513.24	PF02513.24
PF09431.15	PF09431.15
PF08234.17	PF08234.17
PF05215.18	PF05215.18
PF04435.23	PF04435.23
PF20903.3	PF20903.3
PF11132.13	PF11132.13
PF15075.11	PF15075.11
PF22589.2	PF22589.2
PF14983.11	PF14983.11
PF22593.2	PF22593.2
PF15093.11	PF15093.11
PF22573.2	PF22573.2
PF22574.1	PF22574.1
PF17950.7	PF17950.7
PF21974.1	PF21974.1
PF22953.2	PF22953.2
PF08769.17	PF08769.17
PF07070.16	PF07070.16
PF03533.19	PF03533.19
PF05032.17	PF05032.17
PF21698.3	PF21698.3
PF19225.6	PF19225.6
PF08631.16	PF08631.16
PF22044.1	PF22044.1
PF03907.18	PF03907.18
PF15407.12	PF15407.12
PF14689.11	PF14689.11
PF14682.11	PF14682.11
PF07744.19	PF07744.19
PF20918.2	PF20918.2
PF23121.1	PF23121.1
PF11964.13	PF11964.13
PF08486.15	PF08486.15
PF07228.17	PF07228.17
PF19732.4	PF19732.4
PF06686.16	PF06686.16
PF12685.13	PF12685.13
PF12116.14	PF12116.14
PF01944.22	PF01944.22
PF07454.18	PF07454.18
PF14171.11	PF14171.11
PF03645.18	PF03645.18
PF07773.16	PF07773.16
PF00838.24	PF00838.24
PF17084.10	PF17084.10
PF16135.10	PF16135.10
PF03347.19	PF03347.19
PF21229.3	PF21229.3
PF20910.2	PF20910.2
PF18694.6	PF18694.6
PF15683.10	PF15683.10
PF01285.24	PF01285.24
PF15238.11	PF15238.11
PF22884.1	PF22884.1
PF24236.1	PF24236.1
PF22889.1	PF22889.1
PF07404.17	PF07404.17
PF22236.2	PF22236.2
PF21696.3	PF21696.3
PF09300.15	PF09300.15
PF19193.6	PF19193.6
PF08341.16	PF08341.16
PF14970.11	PF14970.11
PF20610.3	PF20610.3
PF07678.20	PF07678.20
PF12818.12	PF12818.12
PF03848.20	PF03848.20
PF03148.19	PF03148.19
PF05816.16	PF05816.16
PF09470.15	PF09470.15
PF20849.2	PF20849.2
PF22853.1	PF22853.1
PF20818.2	PF20818.2
PF25320.1	PF25320.1
PF12009.13	PF12009.13
PF10193.14	PF10193.14
PF24784.1	PF24784.1
PF12658.13	PF12658.13
PF15490.12	PF15490.12
PF03070.21	PF03070.21
PF23538.1	PF23538.1
PF05733.16	PF05733.16
PF04876.17	PF04876.17
PF05310.17	PF05310.17
PF03300.19	PF03300.19
PF06656.16	PF06656.16
PF06484.17	PF06484.17
PF25021.1	PF25021.1
PF11474.14	PF11474.14
PF25023.1	PF25023.1
PF21412.3	PF21412.3
PF05386.16	PF05386.16
PF05472.16	PF05472.16
PF05099.18	PF05099.18
PF15101.11	PF15101.11
PF15615.11	PF15615.11
PF13208.11	PF13208.11
PF03741.22	PF03741.22
PF02342.23	PF02342.23
PF16772.10	PF16772.10
PF03354.21	PF03354.21
PF20441.4	PF20441.4
PF22530.2	PF22530.2
PF03592.21	PF03592.21
PF04466.19	PF04466.19
PF17288.8	PF17288.8
PF05119.17	PF05119.17
PF06056.18	PF06056.18
PF23931.1	PF23931.1
PF17289.8	PF17289.8
PF03237.21	PF03237.21
PF01397.27	PF01397.27
PF19086.5	PF19086.5
PF19086.5	PF03936.21
PF22412.1	PF22412.1
PF21434.3	PF21434.3
PF21201.2	PF21201.2
PF21399.2	PF21399.2
PF17984.6	PF17984.6
PF15616.11	PF15616.11
PF08034.16	PF08034.16
PF08076.16	PF08076.16
PF13972.11	PF13972.11
PF21626.2	PF21626.2
PF11401.13	PF11401.13
PF08187.16	PF08187.16
PF00335.26	PF00335.26
PF02909.22	PF02909.22
PF16295.10	PF16295.10
PF16914.10	PF16914.10
PF21993.1	PF21993.1
PF21993.1	PF16925.10
PF17754.6	PF17754.6
PF17918.6	PF17918.6
PF17920.6	PF17920.6
PF17922.6	PF17922.6
PF17923.6	PF17923.6
PF17924.6	PF17924.6
PF08361.16	PF08361.16
PF17925.6	PF17925.6
PF04956.18	PF04956.18
PF09673.15	PF09673.15
PF11100.13	PF11100.13
PF07283.16	PF07283.16
PF03743.19	PF03743.19
PF09677.15	PF09677.15
PF20084.4	PF20084.4
PF04610.19	PF04610.19
PF19478.4	PF19478.4
PF19590.4	PF19590.4
PF19597.4	PF19597.4
PF19511.4	PF19511.4
PF07424.16	PF07424.16
PF13705.11	PF13705.11
PF03461.20	PF03461.20
PF06242.16	PF06242.16
PF03546.19	PF03546.19
PF00088.24	PF00088.24
PF01204.24	PF01204.24
PF07492.16	PF07492.16
PF02358.22	PF02358.22
PF06151.18	PF06151.18
PF19291.4	PF19291.4
PF09710.15	PF09710.15
PF09605.15	PF09605.15
PF15292.12	PF15292.12
PF21854.2	PF21854.2
PF21855.1	PF21855.1
PF24691.1	PF24691.1
PF21269.3	PF21269.3
PF08558.16	PF08558.16
PF07042.17	PF07042.17
PF05438.17	PF05438.17
PF24465.1	PF24465.1
PF24533.1	PF24533.1
PF22664.1	PF22664.1
PF06609.19	PF06609.19
PF07428.16	PF07428.16
PF23135.2	PF23135.2
PF06330.16	PF06330.16
PF08195.16	PF08195.16
PF03973.19	PF03973.19
PF05197.18	PF05197.18
PF05892.16	PF05892.16
PF14684.11	PF14684.11
PF17798.6	PF17798.6
PF05698.19	PF05698.19
PF05697.18	PF05697.18
PF08954.16	PF08954.16
PF23563.1	PF23563.1
PF23134.2	PF23134.2
PF15168.11	PF15168.11
PF24689.1	PF24689.1
PF02080.26	PF02080.26
PF02254.24	PF02254.24
PF18613.6	PF18613.6
PF02386.22	PF02386.22
PF13146.11	PF13146.11
PF02005.22	PF02005.22
PF03966.22	PF03966.22
PF05206.20	PF05206.20
PF02475.23	PF02475.23
PF01994.21	PF01994.21
PF18093.7	PF18093.7
PF01978.25	PF01978.25
PF10396.14	PF10396.14
PF14801.12	PF14801.12
PF04816.18	PF04816.18
PF18638.7	PF18638.7
PF17850.7	PF17850.7
PF10414.14	PF10414.14
PF24562.1	PF24562.1
PF23493.1	PF23493.1
PF00031.27	PF00031.27
PF12734.12	PF12734.12
PF17869.6	PF17869.6
PF00007.27	PF00007.27
PF17486.7	PF17486.7
PF01053.26	PF01053.26
PF14206.11	PF14206.11
PF14255.11	PF14255.11
PF14375.11	PF14375.11
PF00839.22	PF00839.22
PF14205.11	PF14205.11
PF14194.11	PF14194.11
PF00173.33	PF00173.33
PF07271.16	PF07271.16
PF01928.26	PF01928.26
PF02224.24	PF02224.24
PF13189.12	PF13189.12
PF15153.11	PF15153.11
PF09786.14	PF09786.14
PF10643.14	PF10643.14
PF00033.24	PF00033.24
PF13435.11	PF13435.11
PF14522.11	PF14522.11
PF11783.13	PF11783.13
PF13442.11	PF13442.11
PF13442.11	PF00034.26
PF09863.15	PF09863.15
PF09865.15	PF09865.15
PF09866.14	PF09866.14
PF09868.14	PF09868.14
PF23100.1	PF23100.1
PF09870.14	PF09870.14
PF09871.14	PF09871.14
PF09872.14	PF09872.14
PF09873.14	PF09873.14
PF09874.14	PF09874.14
PF09875.14	PF09875.14
PF09876.14	PF09876.14
PF09878.14	PF09878.14
PF09879.14	PF09879.14
PF09880.14	PF09880.14
PF09881.14	PF09881.14
PF09882.14	PF09882.14
PF02680.19	PF02680.19
PF09883.16	PF09883.16
PF24873.1	PF24873.1
PF24872.1	PF24872.1
PF09884.15	PF09884.15
PF09885.14	PF09885.14
PF09886.14	PF09886.14
PF09887.15	PF09887.15
PF09888.14	PF09888.14
PF09889.16	PF09889.16
PF09890.14	PF09890.14
PF09891.15	PF09891.15
PF09892.16	PF09892.16
PF02681.20	PF02681.20
PF09893.14	PF09893.14
PF09895.14	PF09895.14
PF09897.14	PF09897.14
PF09898.14	PF09898.14
PF09899.14	PF09899.14
PF09900.14	PF09900.14
PF09902.14	PF09902.14
PF09903.14	PF09903.14
PF09906.14	PF09906.14
PF09909.14	PF09909.14
PF09910.14	PF09910.14
PF09911.14	PF09911.14
PF09912.14	PF09912.14
PF09913.15	PF09913.15
PF09916.15	PF09916.15
PF09917.15	PF09917.15
PF09918.14	PF09918.14
PF09919.14	PF09919.14
PF09920.14	PF09920.14
PF10222.14	PF10222.14
PF09921.14	PF09921.14
PF09923.14	PF09923.14
PF09925.14	PF09925.14
PF09926.15	PF09926.15
PF09928.14	PF09928.14
PF09929.15	PF09929.15
PF09930.14	PF09930.14
PF09932.14	PF09932.14
PF09933.14	PF09933.14
PF09935.14	PF09935.14
PF09937.14	PF09937.14
PF09938.14	PF09938.14
PF09939.14	PF09939.14
PF09940.16	PF09940.16
PF09941.14	PF09941.14
PF09943.14	PF09943.14
PF09945.14	PF09945.14
PF09946.14	PF09946.14
PF10035.14	PF10035.14
PF02698.23	PF02698.23
PF09947.15	PF09947.15
PF09948.14	PF09948.14
PF09953.15	PF09953.15
PF09954.14	PF09954.14
PF09955.14	PF09955.14
PF09958.14	PF09958.14
PF09959.14	PF09959.14
PF09960.14	PF09960.14
PF09961.14	PF09961.14
PF09962.14	PF09962.14
PF09963.14	PF09963.14
PF09964.14	PF09964.14
PF09965.14	PF09965.14
PF01629.22	PF01629.22
PF02713.20	PF02713.20
PF09966.14	PF09966.14
PF09967.15	PF09967.15
PF13203.12	PF13203.12
PF09968.15	PF09968.15
PF09969.14	PF09969.14
PF09970.15	PF09970.15
PF10224.14	PF10224.14
PF09971.14	PF09971.14
PF09972.14	PF09972.14
PF20990.2	PF20990.2
PF09973.14	PF09973.14
PF09974.14	PF09974.14
PF09979.14	PF09979.14
PF09980.14	PF09980.14
PF11691.13	PF11691.13
PF11692.13	PF11692.13
PF11694.13	PF11694.13
PF11695.14	PF11695.14
PF11696.13	PF11696.13
PF11697.13	PF11697.13
PF07957.16	PF07957.16
PF11702.13	PF11702.13
PF11730.13	PF11730.13
PF11738.13	PF11738.13
PF11736.14	PF11736.14
PF11737.13	PF11737.13
PF11743.13	PF11743.13
PF11742.13	PF11742.13
PF11746.14	PF11746.14
PF11745.13	PF11745.13
PF11749.13	PF11749.13
PF11748.13	PF11748.13
PF11750.13	PF11750.13
PF11752.14	PF11752.14
PF11753.13	PF11753.13
PF11755.13	PF11755.13
PF11769.13	PF11769.13
PF11771.13	PF11771.13
PF11777.13	PF11777.13
PF11780.13	PF11780.13
PF11782.13	PF11782.13
PF11784.13	PF11784.13
PF11795.13	PF11795.13
PF11796.13	PF11796.13
PF11804.13	PF11804.13
PF11805.13	PF11805.13
PF03891.20	PF03891.20
PF11809.13	PF11809.13
PF11811.13	PF11811.13
PF11810.13	PF11810.13
PF11812.13	PF11812.13
PF11813.13	PF11813.13
PF11814.14	PF11814.14
PF11815.13	PF11815.13
PF11816.13	PF11816.13
PF11820.13	PF11820.13
PF03904.18	PF03904.18
PF11818.13	PF11818.13
PF11824.13	PF11824.13
PF11827.13	PF11827.13
PF11828.13	PF11828.13
PF11829.13	PF11829.13
PF11830.13	PF11830.13
PF11832.13	PF11832.13
PF11840.14	PF11840.14
PF11842.13	PF11842.13
PF11843.13	PF11843.13
PF11844.13	PF11844.13
PF11848.13	PF11848.13
PF11849.14	PF11849.14
PF11850.13	PF11850.13
PF11851.13	PF11851.13
PF11853.14	PF11853.14
PF11855.13	PF11855.13
PF11856.13	PF11856.13
PF11857.13	PF11857.13
PF11858.14	PF11858.14
PF11859.13	PF11859.13
PF11861.13	PF11861.13
PF11862.13	PF11862.13
PF11863.13	PF11863.13
PF11864.13	PF11864.13
PF11866.13	PF11866.13
PF11868.13	PF11868.13
PF11869.14	PF11869.14
PF11871.13	PF11871.13
PF11872.13	PF11872.13
PF11874.13	PF11874.13
PF11877.13	PF11877.13
PF11879.13	PF11879.13
PF11880.13	PF11880.13
PF11882.13	PF11882.13
PF11883.13	PF11883.13
PF11884.13	PF11884.13
PF11885.13	PF11885.13
PF11888.13	PF11888.13
PF11890.14	PF11890.14
PF11893.13	PF11893.13
PF11897.13	PF11897.13
PF11898.13	PF11898.13
PF11899.13	PF11899.13
PF11900.14	PF11900.14
PF11902.13	PF11902.13
PF11905.13	PF11905.13
PF11906.13	PF11906.13
PF11907.13	PF11907.13
PF11911.13	PF11911.13
PF11913.13	PF11913.13
PF11914.13	PF11914.13
PF11915.13	PF11915.13
PF11917.13	PF11917.13
PF11920.14	PF11920.14
PF11921.14	PF11921.14
PF11922.13	PF11922.13
PF17163.9	PF17163.9
PF17166.9	PF17166.9
PF17168.10	PF17168.10
PF17170.10	PF17170.10
PF17173.10	PF17173.10
PF17174.10	PF17174.10
PF07505.17	PF07505.17
PF17195.9	PF17195.9
PF17196.9	PF17196.9
PF17197.9	PF17197.9
PF17220.8	PF17220.8
PF04415.17	PF04415.17
PF04461.18	PF04461.18
PF04379.20	PF04379.20
PF04409.17	PF04409.17
PF17224.9	PF17224.9
PF17225.8	PF17225.8
PF17227.7	PF17227.7
PF17230.7	PF17230.7
PF17231.7	PF17231.7
PF17233.7	PF17233.7
PF04407.17	PF04407.17
PF17239.7	PF17239.7
PF17240.7	PF17240.7
PF17242.7	PF17242.7
PF17247.7	PF17247.7
PF17248.7	PF17248.7
PF17249.8	PF17249.8
PF17252.7	PF17252.7
PF17253.7	PF17253.7
PF17254.7	PF17254.7
PF17257.7	PF17257.7
PF17258.7	PF17258.7
PF17259.7	PF17259.7
PF17260.7	PF17260.7
PF17261.7	PF17261.7
PF17263.7	PF17263.7
PF04391.17	PF04391.17
PF17264.7	PF17264.7
PF17265.7	PF17265.7
PF17266.7	PF17266.7
PF17267.7	PF17267.7
PF17268.7	PF17268.7
PF17269.7	PF17269.7
PF17270.7	PF17270.7
PF17272.7	PF17272.7
PF17273.7	PF17273.7
PF17274.7	PF17274.7
PF17275.7	PF17275.7
PF17276.7	PF17276.7
PF17277.7	PF17277.7
PF17278.7	PF17278.7
PF17279.8	PF17279.8
PF17280.7	PF17280.7
PF17281.7	PF17281.7
PF17282.7	PF17282.7
PF17295.7	PF17295.7
PF17298.7	PF17298.7
PF04393.18	PF04393.18
PF17299.7	PF17299.7
PF17302.8	PF17302.8
PF17303.7	PF17303.7
PF17305.7	PF17305.7
PF17306.7	PF17306.7
PF17309.7	PF17309.7
PF17310.7	PF17310.7
PF17311.7	PF17311.7
PF17313.7	PF17313.7
PF04394.19	PF04394.19
PF17314.7	PF17314.7
PF17318.7	PF17318.7
PF17319.7	PF17319.7
PF17320.7	PF17320.7
PF17322.7	PF17322.7
PF17326.7	PF17326.7
PF17328.7	PF17328.7
PF17329.7	PF17329.7
PF17336.7	PF17336.7
PF17340.7	PF17340.7
PF17341.8	PF17341.8
PF17342.7	PF17342.7
PF17343.7	PF17343.7
PF17344.7	PF17344.7
PF17345.7	PF17345.7
PF17346.7	PF17346.7
PF17347.7	PF17347.7
PF17349.7	PF17349.7
PF04398.17	PF04398.17
PF17351.7	PF17351.7
PF17353.8	PF17353.8
PF17354.8	PF17354.8
PF20839.3	PF20839.3
PF20840.3	PF20840.3
PF17358.7	PF17358.7
PF17359.7	PF17359.7
PF17360.7	PF17360.7
PF17361.7	PF17361.7
PF17363.7	PF17363.7
PF17364.7	PF17364.7
PF17365.7	PF17365.7
PF24129.1	PF24129.1
PF24130.1	PF24130.1
PF24131.1	PF24131.1
PF24132.1	PF24132.1
PF05340.17	PF05340.17
PF24133.1	PF24133.1
PF24134.1	PF24134.1
PF24135.1	PF24135.1
PF24136.1	PF24136.1
PF24152.1	PF24152.1
PF24155.1	PF24155.1
PF24156.1	PF24156.1
PF24157.1	PF24157.1
PF24158.1	PF24158.1
PF24166.1	PF24166.1
PF24167.1	PF24167.1
PF24183.1	PF24183.1
PF24185.1	PF24185.1
PF24186.1	PF24186.1
PF24187.1	PF24187.1
PF24188.1	PF24188.1
PF24192.1	PF24192.1
PF24193.1	PF24193.1
PF24194.1	PF24194.1
PF05331.17	PF05331.17
PF24195.1	PF24195.1
PF24196.1	PF24196.1
PF24197.1	PF24197.1
PF24198.1	PF24198.1
PF24199.1	PF24199.1
PF24200.1	PF24200.1
PF24201.1	PF24201.1
PF24202.1	PF24202.1
PF24204.1	PF24204.1
PF24206.1	PF24206.1
PF24207.1	PF24207.1
PF24209.2	PF24209.2
PF24211.1	PF24211.1
PF24212.1	PF24212.1
PF24213.1	PF24213.1
PF24216.1	PF24216.1
PF24217.1	PF24217.1
PF24218.1	PF24218.1
PF24219.1	PF24219.1
PF24220.1	PF24220.1
PF24224.1	PF24224.1
PF24225.1	PF24225.1
PF24226.1	PF24226.1
PF24227.1	PF24227.1
PF24231.1	PF24231.1
PF24232.1	PF24232.1
PF24233.1	PF24233.1
PF24239.1	PF24239.1
PF24240.1	PF24240.1
PF24242.1	PF24242.1
PF05335.18	PF05335.18
PF24247.1	PF24247.1
PF24248.1	PF24248.1
PF24249.1	PF24249.1
PF24251.1	PF24251.1
PF24253.1	PF24253.1
PF24254.1	PF24254.1
PF24255.1	PF24255.1
PF24256.1	PF24256.1
PF24257.1	PF24257.1
PF24258.1	PF24258.1
PF05344.16	PF05344.16
PF24259.1	PF24259.1
PF24260.1	PF24260.1
PF24261.1	PF24261.1
PF24262.1	PF24262.1
PF24263.1	PF24263.1
PF24264.1	PF24264.1
PF24265.1	PF24265.1
PF24269.1	PF24269.1
PF24272.1	PF24272.1
PF24276.1	PF24276.1
PF05346.16	PF05346.16
PF24282.1	PF24282.1
PF24283.1	PF24283.1
PF24284.1	PF24284.1
PF24285.1	PF24285.1
PF24286.1	PF24286.1
PF24287.1	PF24287.1
PF24288.1	PF24288.1
PF24289.1	PF24289.1
PF24290.1	PF24290.1
PF24292.1	PF24292.1
PF05359.17	PF05359.17
PF24295.1	PF24295.1
PF24297.1	PF24297.1
PF24298.1	PF24298.1
PF24299.1	PF24299.1
PF24302.1	PF24302.1
PF24303.1	PF24303.1
PF24307.1	PF24307.1
PF24308.1	PF24308.1
PF24314.1	PF24314.1
PF24315.1	PF24315.1
PF05370.16	PF05370.16
PF24494.1	PF24494.1
PF24496.1	PF24496.1
PF24500.1	PF24500.1
PF05537.16	PF05537.16
PF24503.1	PF24503.1
PF24511.1	PF24511.1
PF24512.1	PF24512.1
PF24513.1	PF24513.1
PF24523.1	PF24523.1
PF24524.1	PF24524.1
PF24530.1	PF24530.1
PF24535.1	PF24535.1
PF24538.1	PF24538.1
PF05542.16	PF05542.16
PF24539.1	PF24539.1
PF24549.1	PF24549.1
PF24554.1	PF24554.1
PF24558.1	PF24558.1
PF24564.1	PF24564.1
PF24580.1	PF24580.1
PF24581.1	PF24581.1
PF24582.1	PF24582.1
PF05553.16	PF05553.16
PF24583.1	PF24583.1
PF24586.1	PF24586.1
PF24587.1	PF24587.1
PF24588.1	PF24588.1
PF24589.1	PF24589.1
PF24590.1	PF24590.1
PF24592.1	PF24592.1
PF24593.1	PF24593.1
PF24594.1	PF24594.1
PF24595.1	PF24595.1
PF05555.16	PF05555.16
PF24596.1	PF24596.1
PF24599.1	PF24599.1
PF24602.1	PF24602.1
PF24610.1	PF24610.1
PF24616.1	PF24616.1
PF24620.1	PF24620.1
PF24625.1	PF24625.1
PF24628.1	PF24628.1
PF24631.1	PF24631.1
PF24632.1	PF24632.1
PF05559.16	PF05559.16
PF24633.1	PF24633.1
PF24634.1	PF24634.1
PF24635.1	PF24635.1
PF24636.1	PF24636.1
PF24639.1	PF24639.1
PF24640.1	PF24640.1
PF24642.1	PF24642.1
PF24643.1	PF24643.1
PF24644.1	PF24644.1
PF24645.1	PF24645.1
PF05561.16	PF05561.16
PF24646.2	PF24646.2
PF24648.1	PF24648.1
PF24649.1	PF24649.1
PF24651.1	PF24651.1
PF24655.1	PF24655.1
PF24657.1	PF24657.1
PF24658.1	PF24658.1
PF24659.1	PF24659.1
PF24661.1	PF24661.1
PF05570.16	PF05570.16
PF24662.1	PF24662.1
PF24663.1	PF24663.1
PF24665.1	PF24665.1
PF24670.1	PF24670.1
PF24672.1	PF24672.1
PF24676.1	PF24676.1
PF24677.1	PF24677.1
PF24678.1	PF24678.1
PF24692.1	PF24692.1
PF24693.1	PF24693.1
PF24697.1	PF24697.1
PF24698.1	PF24698.1
PF24699.1	PF24699.1
PF24701.1	PF24701.1
PF24702.1	PF24702.1
PF24703.2	PF24703.2
PF24704.1	PF24704.1
PF24705.1	PF24705.1
PF24706.1	PF24706.1
PF24709.1	PF24709.1
PF24710.1	PF24710.1
PF24717.1	PF24717.1
PF24720.1	PF24720.1
PF24722.1	PF24722.1
PF24723.1	PF24723.1
PF24724.1	PF24724.1
PF24725.1	PF24725.1
PF24726.1	PF24726.1
PF24727.1	PF24727.1
PF05589.17	PF05589.17
PF24728.1	PF24728.1
PF24730.1	PF24730.1
PF24731.1	PF24731.1
PF15070.11	PF15070.11
PF09787.14	PF09787.14
PF02188.22	PF02188.22
PF25275.1	PF25275.1
PF08685.16	PF08685.16
PF08738.15	PF08738.15
PF17109.10	PF17109.10
PF06814.19	PF06814.19
PF04178.18	PF04178.18
PF05823.17	PF05823.17
PF21628.3	PF21628.3
PF21703.3	PF21703.3
PF21939.1	PF21939.1
PF22670.1	PF22670.1
PF08677.15	PF08677.15
PF09089.16	PF09089.16
PF00516.24	PF00516.24
PF20036.5	PF20036.5
PF21930.2	PF21930.2
PF18352.7	PF18352.7
PF17420.7	PF17420.7
PF21870.1	PF21870.1
PF22671.1	PF22671.1
PF22639.1	PF22639.1
PF21567.2	PF21567.2
PF07068.17	PF07068.17
PF17388.7	PF17388.7
PF03076.19	PF03076.19
PF18897.5	PF18897.5
PF08804.16	PF08804.16
PF21560.2	PF21560.2
PF21446.3	PF21446.3
PF12604.14	PF12604.14
PF20744.3	PF20744.3
PF05268.17	PF05268.17
PF22760.1	PF22760.1
PF21721.2	PF21721.2
PF16677.11	PF16677.11
PF03010.19	PF03010.19
PF11025.13	PF11025.13
PF00517.22	PF00517.22
PF23746.1	PF23746.1
PF17510.7	PF17510.7
PF22255.2	PF22255.2
PF21429.2	PF21429.2
PF21328.3	PF21328.3
PF09116.15	PF09116.15
PF17470.7	PF17470.7
PF07409.17	PF07409.17
PF05973.20	PF05973.20
PF22442.2	PF22442.2
PF17468.7	PF17468.7
PF21882.2	PF21882.2
PF25180.1	PF25180.1
PF17594.7	PF17594.7
PF07902.16	PF07902.16
PF06715.18	PF06715.18
PF06714.17	PF06714.17
PF22178.3	PF22178.3
PF21379.2	PF21379.2
PF17471.7	PF17471.7
PF21562.3	PF21562.3
PF17634.7	PF17634.7
PF17469.8	PF17469.8
PF21515.2	PF21515.2
PF21472.2	PF21472.2
PF21387.2	PF21387.2
PF21871.1	PF21871.1
PF20911.3	PF20911.3
PF17429.7	PF17429.7
PF23148.1	PF23148.1
PF17463.7	PF17463.7
PF21427.2	PF21427.2
PF21456.2	PF21456.2
PF21428.2	PF21428.2
PF23140.1	PF23140.1
PF17338.8	PF17338.8
PF19277.4	PF19277.4
PF14829.11	PF14829.11
PF05876.18	PF05876.18
PF20454.4	PF20454.4
PF02925.21	PF02925.21
PF10110.14	PF10110.14
PF20618.3	PF20618.3
PF16905.10	PF16905.10
PF12537.13	PF12537.13
PF06560.17	PF06560.17
PF05024.20	PF05024.20
PF04113.19	PF04113.19
PF06432.16	PF06432.16
PF22939.2	PF22939.2
PF25088.1	PF25088.1
PF21683.3	PF21683.3
PF05719.16	PF05719.16
PF21929.2	PF21929.2
PF22259.2	PF22259.2
PF22261.2	PF22261.2
PF22257.1	PF22257.1
PF22572.2	PF22572.2
PF11480.13	PF11480.13
PF14373.11	PF14373.11
PF10688.14	PF10688.14
PF18591.6	PF18591.6
PF18590.6	PF18590.6
PF18642.6	PF18642.6
PF06812.17	PF06812.17
PF18650.6	PF18650.6
PF00478.31	PF00478.31
PF07024.18	PF07024.18
PF18773.7	PF18773.7
PF18786.7	PF18786.7
PF18806.7	PF18806.7
PF18808.7	PF18808.7
PF18816.7	PF18816.7
PF18829.7	PF18829.7
PF07826.16	PF07826.16
PF00817.25	PF00817.25
PF11799.13	PF11799.13
PF11798.14	PF11798.14
PF21999.2	PF21999.2
PF21999.2	PF21704.3
PF15761.10	PF15761.10
PF15018.11	PF15018.11
PF15142.11	PF15142.11
PF17628.7	PF17628.7
PF17627.7	PF17627.7
PF03941.20	PF03941.20
PF12178.13	PF12178.13
PF17626.7	PF17626.7
PF02387.20	PF02387.20
PF04227.17	PF04227.17
PF12998.12	PF12998.12
PF02974.19	PF02974.19
PF20773.4	PF20773.4
PF20774.2	PF20774.2
PF11417.13	PF11417.13
PF12559.13	PF12559.13
PF10465.14	PF10465.14
PF08246.17	PF08246.17
PF10466.14	PF10466.14
PF03995.18	PF03995.18
PF09394.16	PF09394.16
PF10467.15	PF10467.15
PF11714.13	PF11714.13
PF16850.11	PF16850.11
PF11405.13	PF11405.13
PF10468.14	PF10468.14
PF13734.11	PF13734.11
PF12628.13	PF12628.13
PF11720.13	PF11720.13
PF05922.21	PF05922.21
PF11555.13	PF11555.13
PF21459.3	PF21459.3
PF04179.17	PF04179.17
PF16928.10	PF16928.10
PF22508.2	PF22508.2
PF22122.2	PF22122.2
PF18981.6	PF18981.6
PF00876.23	PF00876.23
PF24237.1	PF24237.1
PF24245.1	PF24245.1
PF14612.12	PF14612.12
PF08193.16	PF08193.16
PF01658.22	PF01658.22
PF00459.30	PF00459.30
PF17091.10	PF17091.10
PF19978.4	PF19978.4
PF12634.13	PF12634.13
PF18823.6	PF18823.6
PF16776.11	PF16776.11
PF05770.16	PF05770.16
PF17927.7	PF17927.7
PF08709.17	PF08709.17
PF19427.5	PF19427.5
PF16748.10	PF16748.10
PF07281.17	PF07281.17
PF00049.23	PF00049.23
PF17870.6	PF17870.6
PF06757.18	PF06757.18
PF03488.19	PF03488.19
PF06090.18	PF06090.18
PF21045.3	PF21045.3
PF22927.2	PF22927.2
PF16617.10	PF16617.10
PF12835.12	PF12835.12
PF13009.11	PF13009.11
PF02920.21	PF02920.21
PF17921.7	PF17921.7
PF22938.2	PF22938.2
PF02022.25	PF02022.25
PF00357.25	PF00357.25
PF08441.18	PF08441.18
PF20805.3	PF20805.3
PF20806.3	PF20806.3
PF00362.24	PF00362.24
PF08725.16	PF08725.16
PF07965.17	PF07965.17
PF14890.11	PF14890.11
PF09294.16	PF09294.16
PF00143.24	PF00143.24
PF00058.23	PF00058.23
PF12617.14	PF12617.14
PF25160.1	PF25160.1
PF13940.11	PF13940.11
PF17969.6	PF17969.6
PF18163.6	PF18163.6
PF18180.6	PF18180.6
PF23894.2	PF23894.2
PF08252.16	PF08252.16
PF08253.16	PF08253.16
PF08254.16	PF08254.16
PF08255.16	PF08255.16
PF07359.16	PF07359.16
PF03760.20	PF03760.20
PF03168.19	PF03168.19
PF03242.18	PF03242.18
PF22272.1	PF22272.1
PF02987.21	PF02987.21
PF00477.22	PF00477.22
PF10714.14	PF10714.14
PF15619.11	PF15619.11
PF00059.27	PF00059.27
PF18483.9	PF18483.9
PF03388.20	PF03388.20
PF00139.26	PF00139.26
PF18560.7	PF18560.7
PF03954.19	PF03954.19
PF11467.13	PF11467.13
PF20854.2	PF20854.2
PF05098.17	PF05098.17
PF04941.17	PF04941.17
PF05094.17	PF05094.17
PF05612.17	PF05612.17
PF18654.6	PF18654.6
PF05150.18	PF05150.18
PF20985.2	PF20985.2
PF07858.18	PF07858.18
PF15042.11	PF15042.11
PF03020.21	PF03020.21
PF22945.2	PF22945.2
PF04011.17	PF04011.17
PF08262.16	PF08262.16
PF02998.19	PF02998.19
PF05851.16	PF05851.16
PF07401.17	PF07401.17
PF04004.18	PF04004.18
PF15221.11	PF15221.11
PF06421.17	PF06421.17
PF18227.6	PF18227.6
PF18172.6	PF18172.6
PF18640.6	PF18640.6
PF02024.20	PF02024.20
PF06328.17	PF06328.17
PF07766.19	PF07766.19
PF19324.4	PF19324.4
PF08502.15	PF08502.15
PF14795.11	PF14795.11
PF09127.17	PF09127.17
PF07968.17	PF07968.17
PF08054.16	PF08054.16
PF03588.20	PF03588.20
PF15294.11	PF15294.11
PF01819.22	PF01819.22
PF01726.22	PF01726.22
PF22684.2	PF22684.2
PF11488.14	PF11488.14
PF08310.17	PF08310.17
PF08596.16	PF08596.16
PF01790.23	PF01790.23
PF22375.1	PF22375.1
PF00556.25	PF00556.25
PF23190.1	PF23190.1
PF14411.12	PF14411.12
PF09922.15	PF09922.15
PF22570.1	PF22570.1
PF18917.5	PF18917.5
PF22571.1	PF22571.1
PF16881.10	PF16881.10
PF04991.19	PF04991.19
PF22146.1	PF22146.1
PF17916.6	PF17916.6
PF18641.6	PF18641.6
PF10230.15	PF10230.15
PF21177.3	PF21177.3
PF17971.7	PF17971.7
PF18207.7	PF18207.7
PF01291.22	PF01291.22
PF16759.12	PF16759.12
PF07746.16	PF07746.16
PF00549.24	PF00549.24
PF19045.5	PF19045.5
PF02900.23	PF02900.23
PF13298.11	PF13298.11
PF21686.3	PF21686.3
PF02834.22	PF02834.22
PF19301.5	PF19301.5
PF18330.7	PF18330.7
PF00060.32	PF00060.32
PF10613.14	PF10613.14
PF00412.28	PF00412.28
PF15332.11	PF15332.11
PF01803.21	PF01803.21
PF25076.1	PF25076.1
PF25375.1	PF25375.1
PF21890.1	PF21890.1
PF03353.20	PF03353.20
PF09585.15	PF09585.15
PF14297.12	PF14297.12
PF15306.11	PF15306.11
PF10044.14	PF10044.14
PF19438.4	PF19438.4
PF21418.3	PF21418.3
PF21971.1	PF21971.1
PF14695.11	PF14695.11
PF14694.11	PF14694.11
PF00538.25	PF00538.25
PF04454.18	PF04454.18
PF03583.20	PF03583.20
PF15904.10	PF15904.10
PF00151.25	PF00151.25
PF03893.22	PF03893.22
PF01674.24	PF01674.24
PF01764.32	PF01764.32
PF12262.14	PF12262.14
PF18067.7	PF18067.7
PF03280.19	PF03280.19
PF13472.12	PF13472.12
PF13472.12	PF00657.28
PF14606.12	PF14606.12
PF16255.11	PF16255.11
PF12888.12	PF12888.12
PF08557.15	PF08557.15
PF10520.15	PF10520.15
PF16876.10	PF16876.10
PF04571.19	PF04571.19
PF12103.14	PF12103.14
PF00061.29	PF00061.29
PF24976.1	PF24976.1
PF08212.18	PF08212.18
PF12702.13	PF12702.13
PF13648.12	PF13648.12
PF13924.12	PF13924.12
PF14651.12	PF14651.12
PF16585.11	PF16585.11
PF17186.10	PF17186.10
PF00820.24	PF00820.24
PF03202.18	PF03202.18
PF03260.19	PF03260.19
PF03640.20	PF03640.20
PF03923.18	PF03923.18
PF04200.17	PF04200.17
PF06804.17	PF06804.17
PF13617.11	PF13617.11
PF00921.22	PF00921.22
PF13942.11	PF13942.11
PF14041.11	PF14041.11
PF17294.7	PF17294.7
PF18966.5	PF18966.5
PF00938.23	PF00938.23
PF01441.24	PF01441.24
PF01540.21	PF01540.21
PF02030.20	PF02030.20
PF03180.19	PF03180.19
PF07553.16	PF07553.16
PF03305.18	PF03305.18
PF00305.24	PF00305.24
PF25228.1	PF25228.1
PF03279.18	PF03279.18
PF24708.1	PF24708.1
PF10437.14	PF10437.14
PF07207.16	PF07207.16
PF08513.17	PF08513.17
PF16045.11	PF16045.11
PF24951.2	PF24951.2
PF17814.7	PF17814.7
PF23627.1	PF23627.1
PF24550.1	PF24550.1
PF07314.17	PF07314.17
PF14954.12	PF14954.12
PF15478.11	PF15478.11
PF06261.16	PF06261.16
PF14945.12	PF14945.12
PF15838.10	PF15838.10
PF22692.1	PF22692.1
PF08366.18	PF08366.18
PF10169.15	PF10169.15
PF04791.21	PF04791.21
PF11209.13	PF11209.13
PF06762.20	PF06762.20
PF25179.1	PF25179.1
PF14421.12	PF14421.12
PF22681.2	PF22681.2
PF04778.17	PF04778.17
PF07988.17	PF07988.17
PF01451.26	PF01451.26
PF12211.13	PF12211.13
PF13387.12	PF13387.12
PF18238.7	PF18238.7
PF09387.16	PF09387.16
PF14978.11	PF14978.11
PF12824.13	PF12824.13
PF09809.14	PF09809.14
PF09812.14	PF09812.14
PF11788.14	PF11788.14
PF06984.18	PF06984.18
PF10244.14	PF10244.14
PF10245.14	PF10245.14
PF10484.15	PF10484.15
PF14955.12	PF14955.12
PF13741.12	PF13741.12
PF14943.11	PF14943.11
PF10037.15	PF10037.15
PF10213.14	PF10213.14
PF15433.11	PF15433.11
PF10210.14	PF10210.14
PF08293.16	PF08293.16
PF16053.10	PF16053.10
PF10246.15	PF10246.15
PF04066.18	PF04066.18
PF24223.1	PF24223.1
PF24222.1	PF24222.1
PF18699.6	PF18699.6
PF18502.6	PF18502.6
PF22823.1	PF22823.1
PF22822.1	PF22822.1
PF10780.14	PF10780.14
PF04471.18	PF04471.18
PF13156.12	PF13156.12
PF14338.12	PF14338.12
PF22099.1	PF22099.1
PF05781.17	PF05781.17
PF10906.13	PF10906.13
PF13378.12	PF13378.12
PF02746.21	PF02746.21
PF17077.10	PF17077.10
PF00985.22	PF00985.22
PF08101.16	PF08101.16
PF09402.16	PF09402.16
PF01741.23	PF01741.23
PF12795.12	PF12795.12
PF12794.12	PF12794.12
PF24174.1	PF24174.1
PF02349.20	PF02349.20
PF12373.13	PF12373.13
PF20658.2	PF20658.2
PF05157.20	PF05157.20
PF16801.10	PF16801.10
PF24956.1	PF24956.1
PF16682.11	PF16682.11
PF25237.1	PF25237.1
PF22732.2	PF22732.2
PF22565.1	PF22565.1
PF23509.1	PF23509.1
PF14477.11	PF14477.11
PF14475.11	PF14475.11
PF01716.24	PF01716.24
PF11670.13	PF11670.13
PF03429.18	PF03429.18
PF21454.2	PF21454.2
PF07462.16	PF07462.16
PF12948.12	PF12948.12
PF09203.16	PF09203.16
PF20939.2	PF20939.2
PF04421.21	PF04421.21
PF20179.3	PF20179.3
PF03940.18	PF03940.18
PF03940.18	PF22857.1
PF20297.4	PF20297.4
PF11629.13	PF11629.13
PF10553.14	PF10553.14
PF13984.11	PF13984.11
PF20659.2	PF20659.2
PF21088.3	PF21088.3
PF05552.17	PF05552.17
PF08367.16	PF08367.16
PF21648.2	PF21648.2
PF07687.19	PF07687.19
PF21932.3	PF21932.3
PF09213.15	PF09213.15
PF21433.2	PF21433.2
PF17291.7	PF17291.7
PF16217.10	PF16217.10
PF09245.15	PF09245.15
PF02847.23	PF02847.23
PF16951.10	PF16951.10
PF07476.17	PF07476.17
PF05034.18	PF05034.18
PF03281.20	PF03281.20
PF20266.3	PF20266.3
PF12464.13	PF12464.13
PF09028.16	PF09028.16
PF12704.14	PF12704.14
PF14865.12	PF14865.12
PF09726.14	PF09726.14
PF01823.24	PF01823.24
PF22693.1	PF22693.1
PF22356.1	PF22356.1
PF20779.2	PF20779.2
PF20785.2	PF20785.2
PF24674.1	PF24674.1
PF01661.27	PF01661.27
PF14519.12	PF14519.12
PF03523.18	PF03523.18
PF16628.10	PF16628.10
PF05557.18	PF05557.18
PF08311.18	PF08311.18
PF08171.16	PF08171.16
PF17014.10	PF17014.10
PF10545.15	PF10545.15
PF03817.18	PF03817.18
PF03818.18	PF03818.18
PF13017.12	PF13017.12
PF02545.19	PF02545.19
PF09174.15	PF09174.15
PF06255.18	PF06255.18
PF14437.12	PF14437.12
PF12750.12	PF12750.12
PF20156.4	PF20156.4
PF20157.4	PF20157.4
PF08383.16	PF08383.16
PF01454.25	PF01454.25
PF12440.13	PF12440.13
PF16663.10	PF16663.10
PF16666.10	PF16666.10
PF09282.15	PF09282.15
PF02792.19	PF02792.19
PF05507.16	PF05507.16
PF03082.19	PF03082.19
PF10608.14	PF10608.14
PF15815.10	PF15815.10
PF21980.2	PF21980.2
PF12246.13	PF12246.13
PF12247.13	PF12247.13
PF04333.18	PF04333.18
PF05494.18	PF05494.18
PF02470.25	PF02470.25
PF02405.21	PF02405.21
PF14991.11	PF14991.11
PF11647.13	PF11647.13
PF10248.14	PF10248.14
PF16413.10	PF16413.10
PF09864.15	PF09864.15
PF15274.11	PF15274.11
PF22215.1	PF22215.1
PF00658.24	PF00658.24
PF23950.1	PF23950.1
PF03094.20	PF03094.20
PF03304.18	PF03304.18
PF22393.2	PF22393.2
PF22267.1	PF22267.1
PF22270.1	PF22270.1
PF07171.17	PF07171.17
PF03562.22	PF03562.22
PF11873.13	PF11873.13
PF17765.7	PF17765.7
PF18697.7	PF18697.7
PF16690.10	PF16690.10
PF10229.14	PF10229.14
PF23868.1	PF23868.1
PF23867.1	PF23867.1
PF06319.18	PF06319.18
PF20467.3	PF20467.3
PF20465.4	PF20465.4
PF20473.4	PF20473.4
PF20464.3	PF20464.3
PF20466.3	PF20466.3
PF19305.4	PF19305.4
PF03972.19	PF03972.19
PF10270.14	PF10270.14
PF09448.16	PF09448.16
PF10296.15	PF10296.15
PF02406.22	PF02406.22
PF03176.21	PF03176.21
PF08505.15	PF08505.15
PF01926.29	PF01926.29
PF16897.10	PF16897.10
PF12460.14	PF12460.14
PF14500.11	PF14500.11
PF22326.1	PF22326.1
PF14911.11	PF14911.11
PF14910.11	PF14910.11
PF10159.14	PF10159.14
PF01054.23	PF01054.23
PF17119.10	PF17119.10
PF01642.28	PF01642.28
PF03962.21	PF03962.21
PF13762.11	PF13762.11
PF04039.18	PF04039.18
PF01899.21	PF01899.21
PF12631.12	PF12631.12
PF07657.19	PF07657.19
PF15718.10	PF15718.10
PF06692.16	PF06692.16
PF02659.21	PF02659.21
PF05067.18	PF05067.18
PF03404.22	PF03404.22
PF06967.16	PF06967.16
PF08569.17	PF08569.17
PF01967.26	PF01967.26
PF02391.22	PF02391.22
PF10703.15	PF10703.15
PF17409.8	PF17409.8
PF22036.2	PF22036.2
PF03637.22	PF03637.22
PF03389.21	PF03389.21
PF03205.20	PF03205.20
PF05713.17	PF05713.17
PF19514.5	PF19514.5
PF19456.4	PF19456.4
PF17511.7	PF17511.7
PF18555.7	PF18555.7
PF01076.25	PF01076.25
PF06463.18	PF06463.18
PF00994.29	PF00994.29
PF02738.23	PF02738.23
PF20256.3	PF20256.3
PF07200.18	PF07200.18
PF03454.20	PF03454.20
PF03453.22	PF03453.22
PF16005.11	PF16005.11
PF05161.18	PF05161.18
PF04603.18	PF04603.18
PF12181.14	PF12181.14
PF17175.10	PF17175.10
PF00384.28	PF00384.28
PF18364.6	PF18364.6
PF04879.21	PF04879.21
PF01568.27	PF01568.27
PF25029.1	PF25029.1
PF11113.13	PF11113.13
PF11133.13	PF11133.13
PF23874.1	PF23874.1
PF06120.16	PF06120.16
PF04531.18	PF04531.18
PF23987.1	PF23987.1
PF23778.1	PF23778.1
PF04971.17	PF04971.17
PF10746.14	PF10746.14
PF16080.10	PF16080.10
PF16082.10	PF16082.10
PF05106.17	PF05106.17
PF04550.17	PF04550.17
PF16083.10	PF16083.10
PF16085.10	PF16085.10
PF07332.16	PF07332.16
PF05449.16	PF05449.16
PF05105.17	PF05105.17
PF04020.18	PF04020.18
PF06946.16	PF06946.16
PF16079.10	PF16079.10
PF09682.15	PF09682.15
PF16081.10	PF16081.10
PF16931.10	PF16931.10
PF23809.1	PF23809.1
PF16938.10	PF16938.10
PF11031.13	PF11031.13
PF10772.14	PF10772.14
PF11110.13	PF11110.13
PF05521.17	PF05521.17
PF24214.1	PF24214.1
PF25138.1	PF25138.1
PF00589.27	PF00589.27
PF16795.10	PF16795.10
PF22022.2	PF22022.2
PF02899.23	PF02899.23
PF12834.13	PF12834.13
PF14659.12	PF14659.12
PF13495.12	PF13495.12
PF13102.12	PF13102.12
PF18644.7	PF18644.7
PF06992.16	PF06992.16
PF24052.1	PF24052.1
PF03245.18	PF03245.18
PF00959.24	PF00959.24
PF18013.6	PF18013.6
PF03863.18	PF03863.18
PF06152.16	PF06152.16
PF05939.18	PF05939.18
PF11125.13	PF11125.13
PF04233.19	PF04233.19
PF07352.17	PF07352.17
PF11985.13	PF11985.13
PF07030.17	PF07030.17
PF08873.17	PF08873.17
PF06890.18	PF06890.18
PF10076.14	PF10076.14
PF06322.17	PF06322.17
PF07471.18	PF07471.18
PF24653.1	PF24653.1
PF20577.3	PF20577.3
PF06194.16	PF06194.16
PF10765.14	PF10765.14
PF06528.17	PF06528.17
PF06995.16	PF06995.16
PF20962.2	PF20962.2
PF21393.2	PF21393.2
PF09931.15	PF09931.15
PF04860.17	PF04860.17
PF05136.18	PF05136.18
PF06381.16	PF06381.16
PF09669.15	PF09669.15
PF24203.1	PF24203.1
PF16945.10	PF16945.10
PF21311.3	PF21311.3
PF04492.19	PF04492.19
PF09681.16	PF09681.16
PF10789.14	PF10789.14
PF06810.17	PF06810.17
PF04984.19	PF04984.19
PF17482.7	PF17482.7
PF17481.7	PF17481.7
PF18715.7	PF18715.7
PF18781.7	PF18781.7
PF22188.2	PF22188.2
PF16773.11	PF16773.11
PF24083.1	PF24083.1
PF11134.13	PF11134.13
PF06841.18	PF06841.18
PF06919.17	PF06919.17
PF03903.18	PF03903.18
PF06591.16	PF06591.16
PF11247.13	PF11247.13
PF05396.16	PF05396.16
PF11090.14	PF11090.14
PF03906.20	PF03906.20
PF06222.17	PF06222.17
PF10963.14	PF10963.14
PF11836.14	PF11836.14
PF12363.14	PF12363.14
PF16966.11	PF16966.11
PF09381.16	PF09381.16
PF16946.11	PF16946.11
PF11389.14	PF11389.14
PF07396.17	PF07396.17
PF01379.25	PF01379.25
PF03900.20	PF03900.20
PF18206.8	PF18206.8
PF09697.16	PF09697.16
PF11751.14	PF11751.14
PF11955.13	PF11955.13
PF06074.18	PF06074.18
PF07230.16	PF07230.16
PF19572.5	PF19572.5
PF21544.3	PF21544.3
PF01855.24	PF01855.24
PF18962.6	PF18962.6
PF13797.11	PF13797.11
PF02765.23	PF02765.23
PF16686.11	PF16686.11
PF21375.2	PF21375.2
PF09604.15	PF09604.15
PF00280.23	PF00280.23
PF06184.17	PF06184.17
PF07244.20	PF07244.20
PF25282.1	PF25282.1
PF25280.1	PF25280.1
PF08478.15	PF08478.15
PF08479.16	PF08479.16
PF17287.7	PF17287.7
PF17243.7	PF17243.7
PF13608.11	PF13608.11
PF00767.23	PF00767.23
PF08440.15	PF08440.15
PF00157.23	PF00157.23
PF17721.6	PF17721.6
PF19536.4	PF19536.4
PF07526.16	PF07526.16
PF04395.17	PF04395.17
PF13168.11	PF13168.11
PF13169.11	PF13169.11
PF06227.17	PF06227.17
PF05061.18	PF05061.18
PF04651.18	PF04651.18
PF05767.17	PF05767.17
PF05323.17	PF05323.17
PF04848.19	PF04848.19
PF04584.19	PF04584.19
PF06086.17	PF06086.17
PF05771.16	PF05771.16
PF04665.18	PF04665.18
PF05288.16	PF05288.16
PF04948.18	PF04948.18
PF04924.17	PF04924.17
PF04745.17	PF04745.17
PF04835.17	PF04835.17
PF03286.19	PF03286.19
PF04508.17	PF04508.17
PF07389.17	PF07389.17
PF03336.19	PF03336.19
PF03287.19	PF03287.19
PF04701.18	PF04701.18
PF04580.18	PF04580.18
PF03288.22	PF03288.22
PF04805.17	PF04805.17
PF04497.17	PF04497.17
PF04656.17	PF04656.17
PF03394.18	PF03394.18
PF12575.13	PF12575.13
PF04943.17	PF04943.17
PF03337.18	PF03337.18
PF04596.17	PF04596.17
PF04708.17	PF04708.17
PF04767.17	PF04767.17
PF04599.17	PF04599.17
PF05503.17	PF05503.17
PF03003.21	PF03003.21
PF04787.17	PF04787.17
PF03289.18	PF03289.18
PF04661.18	PF04661.18
PF04713.17	PF04713.17
PF04595.18	PF04595.18
PF12562.13	PF12562.13
PF05718.17	PF05718.17
PF03338.20	PF03338.20
PF03339.19	PF03339.19
PF04872.18	PF04872.18
PF03356.20	PF03356.20
PF04887.17	PF04887.17
PF03341.19	PF03341.19
PF05313.17	PF05313.17
PF03213.20	PF03213.20
PF03395.19	PF03395.19
PF03292.19	PF03292.19
PF03296.19	PF03296.19
PF12629.12	PF12629.12
PF12630.12	PF12630.12
PF03294.19	PF03294.19
PF03340.19	PF03340.19
PF03293.19	PF03293.19
PF01781.23	PF01781.23
PF00832.25	PF00832.25
PF00573.27	PF00573.27
PF01020.24	PF01020.24
PF05162.18	PF05162.18
PF00935.25	PF00935.25
PF00281.24	PF00281.24
PF10501.15	PF10501.15
PF17144.9	PF17144.9
PF00673.26	PF00673.26
PF00347.28	PF00347.28
PF01159.24	PF01159.24
PF03868.20	PF03868.20
PF01248.31	PF01248.31
PF03948.19	PF03948.19
PF01281.25	PF01281.25
PF00338.27	PF00338.27
PF00411.24	PF00411.24
PF17487.7	PF17487.7
PF00416.27	PF00416.27
PF08069.17	PF08069.17
PF00253.27	PF00253.27
PF00312.27	PF00312.27
PF00886.24	PF00886.24
PF00366.26	PF00366.26
PF00833.23	PF00833.23
PF16205.10	PF16205.10
PF01084.26	PF01084.26
PF00203.26	PF00203.26
PF01090.25	PF01090.25
PF00318.25	PF00318.25
PF01649.23	PF01649.23
PF01165.25	PF01165.25
PF01249.23	PF01249.23
PF01282.24	PF01282.24
PF03297.21	PF03297.21
PF01283.25	PF01283.25
PF01599.25	PF01599.25
PF01667.23	PF01667.23
PF01200.24	PF01200.24
PF04758.19	PF04758.19
PF02482.25	PF02482.25
PF01015.23	PF01015.23
PF00189.25	PF00189.25
PF00163.24	PF00163.24
PF00900.26	PF00900.26
PF00333.26	PF00333.26
PF03719.21	PF03719.21
PF01250.22	PF01250.22
PF01092.24	PF01092.24
PF00177.27	PF00177.27
PF01251.23	PF01251.23
PF00410.24	PF00410.24
PF01201.27	PF01201.27
PF00380.25	PF00380.25
PF14693.11	PF14693.11
PF22682.2	PF22682.2
PF21251.2	PF21251.2
PF00164.32	PF00164.32
PF16321.10	PF16321.10
PF14374.11	PF14374.11
PF04034.18	PF04034.18
PF00834.25	PF00834.25
PF06026.20	PF06026.20
PF02267.23	PF02267.23
PF22330.2	PF22330.2
PF05104.17	PF05104.17
PF07064.19	PF07064.19
PF15361.11	PF15361.11
PF10165.14	PF10165.14
PF05062.17	PF05062.17
PF14200.12	PF14200.12
PF00652.28	PF00652.28
PF22179.2	PF22179.2
PF22189.2	PF22189.2
PF05433.20	PF05433.20
PF14666.11	PF14666.11
PF14664.11	PF14664.11
PF14665.11	PF14665.11
PF14668.11	PF14668.11
PF00355.32	PF00355.32
PF00355.32	PF13806.12
PF18465.7	PF18465.7
PF22543.2	PF22543.2
PF12231.13	PF12231.13
PF21449.3	PF21449.3
PF21450.3	PF21450.3
PF18187.6	PF18187.6
PF18189.6	PF18189.6
PF02009.21	PF02009.21
PF18119.6	PF18119.6
PF11648.15	PF11648.15
PF08454.17	PF08454.17
PF02197.22	PF02197.22
PF10522.14	PF10522.14
PF11461.13	PF11461.13
PF22601.2	PF22601.2
PF17716.6	PF17716.6
PF08443.16	PF08443.16
PF18030.7	PF18030.7
PF01172.24	PF01172.24
PF07005.16	PF07005.16
PF17076.12	PF17076.12
PF22874.1	PF22874.1
PF22876.1	PF22876.1
PF01758.21	PF01758.21
PF12335.14	PF12335.14
PF13593.11	PF13593.11
PF11621.13	PF11621.13
PF05992.17	PF05992.17
PF25373.1	PF25373.1
PF03110.19	PF03110.19
PF05694.17	PF05694.17
PF01547.30	PF01547.30
PF01547.30	PF13531.11
PF07596.16	PF07596.16
PF00497.25	PF00497.25
PF00497.25	PF12974.12
PF00496.27	PF00496.27
PF13343.11	PF13343.11
PF13416.11	PF13416.11
PF18058.6	PF18058.6
PF22360.1	PF22360.1
PF21009.2	PF21009.2
PF25031.1	PF25031.1
PF05982.17	PF05982.17
PF22203.1	PF22203.1
PF08313.17	PF08313.17
PF16711.10	PF16711.10
PF16709.11	PF16709.11
PF17684.7	PF17684.7
PF22596.2	PF22596.2
PF16712.10	PF16712.10
PF17200.10	PF17200.10
PF17203.10	PF17203.10
PF17202.10	PF17202.10
PF09984.15	PF09984.15
PF16736.11	PF16736.11
PF23030.1	PF23030.1
PF20142.4	PF20142.4
PF11418.13	PF11418.13
PF12070.13	PF12070.13
PF04144.18	PF04144.18
PF02023.22	PF02023.22
PF16501.10	PF16501.10
PF24006.2	PF24006.2
PF21767.3	PF21767.3
PF21581.3	PF21581.3
PF04405.19	PF04405.19
PF02404.20	PF02404.20
PF02667.20	PF02667.20
PF09856.14	PF09856.14
PF20490.3	PF20490.3
PF10148.15	PF10148.15
PF13165.11	PF13165.11
PF15050.11	PF15050.11
PF05463.16	PF05463.16
PF10384.14	PF10384.14
PF15805.10	PF15805.10
PF02630.20	PF02630.20
PF14026.12	PF14026.12
PF14866.13	PF14866.13
PF05483.17	PF05483.17
PF02036.22	PF02036.22
PF13530.11	PF13530.11
PF25451.1	PF25451.1
PF22143.2	PF22143.2
PF05229.21	PF05229.21
PF17844.6	PF17844.6
PF03803.21	PF03803.21
PF15162.11	PF15162.11
PF15224.11	PF15224.11
PF06876.18	PF06876.18
PF18312.6	PF18312.6
PF05802.16	PF05802.16
PF17619.7	PF17619.7
PF02982.20	PF02982.20
PF08970.15	PF08970.15
PF21638.2	PF21638.2
PF05285.17	PF05285.17
PF08158.18	PF08158.18
PF20856.2	PF20856.2
PF21027.3	PF21027.3
PF07632.16	PF07632.16
PF22782.1	PF22782.1
PF13297.11	PF13297.11
PF22781.2	PF22781.2
PF13019.12	PF13019.12
PF00375.23	PF00375.23
PF19633.4	PF19633.4
PF03937.21	PF03937.21
PF14290.11	PF14290.11
PF03313.21	PF03313.21
PF03315.21	PF03315.21
PF18317.6	PF18317.6
PF01127.27	PF01127.27
PF01972.22	PF01972.22
PF06977.17	PF06977.17
PF17418.7	PF17418.7
PF13630.11	PF13630.11
PF12278.13	PF12278.13
PF23441.1	PF23441.1
PF21777.3	PF21777.3
PF17210.9	PF17210.9
PF10425.15	PF10425.15
PF08598.16	PF08598.16
PF14082.12	PF14082.12
PF21407.2	PF21407.2
PF08491.16	PF08491.16
PF12390.13	PF12390.13
PF01390.26	PF01390.26
PF07322.17	PF07322.17
PF07407.17	PF07407.17
PF07387.17	PF07387.17
PF25307.1	PF25307.1
PF15432.12	PF15432.12
PF02810.21	PF02810.21
PF00995.28	PF00995.28
PF07393.17	PF07393.17
PF20667.3	PF20667.3
PF04091.18	PF04091.18
PF12932.12	PF12932.12
PF12935.12	PF12935.12
PF03908.18	PF03908.18
PF08033.17	PF08033.17
PF04815.20	PF04815.20
PF04811.21	PF04811.21
PF06428.16	PF06428.16
PF15277.12	PF15277.12
PF11549.13	PF11549.13
PF08314.17	PF08314.17
PF20654.3	PF20654.3
PF09763.15	PF09763.15
PF15278.12	PF15278.12
PF15469.12	PF15469.12
PF06046.19	PF06046.19
PF03911.21	PF03911.21
PF03839.21	PF03839.21
PF02889.21	PF02889.21
PF09802.14	PF09802.14
PF01369.25	PF01369.25
PF09324.15	PF09324.15
PF12783.13	PF12783.13
PF20652.3	PF20652.3
PF04048.20	PF04048.20
PF17521.7	PF17521.7
PF07517.20	PF07517.20
PF01043.26	PF01043.26
PF07516.18	PF07516.18
PF02556.19	PF02556.19
PF13721.11	PF13721.11
PF22599.2	PF22599.2
PF21760.3	PF21760.3
PF02355.23	PF02355.23
PF00584.25	PF00584.25
PF03840.19	PF03840.19
PF05364.19	PF05364.19
PF06558.17	PF06558.17
PF10818.13	PF10818.13
PF00263.26	PF00263.26
PF03958.22	PF03958.22
PF07655.18	PF07655.18
PF05281.16	PF05281.16
PF04856.18	PF04856.18
PF00344.25	PF00344.25
PF07549.19	PF07549.19
PF04628.19	PF04628.19
PF14797.11	PF14797.11
PF15357.11	PF15357.11
PF06443.16	PF06443.16
PF08357.16	PF08357.16
PF19835.5	PF19835.5
PF21978.1	PF21978.1
PF06775.19	PF06775.19
PF08238.18	PF08238.18
PF03841.19	PF03841.19
PF09105.16	PF09105.16
PF21458.3	PF21458.3
PF09106.17	PF09106.17
PF09107.17	PF09107.17
PF22153.2	PF22153.2
PF22154.2	PF22154.2
PF21580.3	PF21580.3
PF21214.3	PF21214.3
PF11524.14	PF11524.14
PF06936.16	PF06936.16
PF05938.17	PF05938.17
PF10961.13	PF10961.13
PF02696.19	PF02696.19
PF04593.19	PF04593.19
PF04592.20	PF04592.20
PF01641.26	PF01641.26
PF04328.18	PF04328.18
PF01403.25	PF01403.25
PF19428.4	PF19428.4
PF05474.16	PF05474.16
PF01118.30	PF01118.30
PF02774.23	PF02774.23
PF22698.1	PF22698.1
PF09631.16	PF09631.16
PF04542.20	PF04542.20
PF04539.22	PF04539.22
PF04545.22	PF04545.22
PF04545.22	PF08281.18
PF02454.21	PF02454.21
PF03084.19	PF03084.19
PF17453.7	PF17453.7
PF13791.11	PF13791.11
PF13800.11	PF13800.11
PF05769.16	PF05769.16
PF16782.11	PF16782.11
PF03842.18	PF03842.18
PF04402.19	PF04402.19
PF06621.17	PF06621.17
PF05422.17	PF05422.17
PF16979.11	PF16979.11
PF16879.10	PF16879.10
PF08295.17	PF08295.17
PF21362.3	PF21362.3
PF03145.22	PF03145.22
PF21361.3	PF21361.3
PF08671.16	PF08671.16
PF04954.18	PF04954.18
PF04938.17	PF04938.17
PF09052.15	PF09052.15
PF22163.1	PF22163.1
PF17985.6	PF17985.6
PF05565.16	PF05565.16
PF14594.12	PF14594.12
PF05709.17	PF05709.17
PF12673.12	PF12673.12
PF11603.13	PF11603.13
PF02146.23	PF02146.23
PF13289.12	PF13289.12
PF22344.2	PF22344.2
PF16991.10	PF16991.10
PF10747.14	PF10747.14
PF04247.17	PF04247.17
PF22440.1	PF22440.1
PF14823.11	PF14823.11
PF14824.11	PF14824.11
PF01380.27	PF01380.27
PF13580.11	PF13580.11
PF15330.11	PF15330.11
PF05458.17	PF05458.17
PF16878.10	PF16878.10
PF07160.18	PF07160.18
PF16740.10	PF16740.10
PF08693.15	PF08693.15
PF01202.28	PF01202.28
PF21409.3	PF21409.3
PF17911.6	PF17911.6
PF21921.2	PF21921.2
PF21920.2	PF21920.2
PF17751.7	PF17751.7
PF02731.20	PF02731.20
PF02437.24	PF02437.24
PF03935.22	PF03935.22
PF01466.24	PF01466.24
PF03931.21	PF03931.21
PF03530.19	PF03530.19
PF17618.7	PF17618.7
PF03595.22	PF03595.22
PF15301.11	PF15301.11
PF06214.17	PF06214.17
PF18181.6	PF18181.6
PF18183.6	PF18183.6
PF18184.6	PF18184.6
PF18186.6	PF18186.6
PF18160.6	PF18160.6
PF18169.6	PF18169.6
PF18142.6	PF18142.6
PF10531.15	PF10531.15
PF22461.2	PF22461.2
PF15247.11	PF15247.11
PF03522.20	PF03522.20
PF18405.6	PF18405.6
PF06027.18	PF06027.18
PF16028.10	PF16028.10
PF06237.18	PF06237.18
PF18523.7	PF18523.7
PF08639.15	PF08639.15
PF05916.17	PF05916.17
PF16922.11	PF16922.11
PF18596.6	PF18596.6
PF18636.7	PF18636.7
PF12140.13	PF12140.13
PF09848.15	PF09848.15
PF04326.19	PF04326.19
PF21026.2	PF21026.2
PF00395.25	PF00395.25
PF09111.16	PF09111.16
PF04575.19	PF04575.19
PF16818.11	PF16818.11
PF22276.1	PF22276.1
PF22614.2	PF22614.2
PF21014.2	PF21014.2
PF03843.18	PF03843.18
PF03217.20	PF03217.20
PF21620.4	PF21620.4
PF12928.12	PF12928.12
PF22355.1	PF22355.1
PF08302.16	PF08302.16
PF08303.17	PF08303.17
PF01746.26	PF01746.26
PF03054.22	PF03054.22
PF20258.4	PF20258.4
PF20259.3	PF20259.3
PF13735.12	PF13735.12
PF09249.16	PF09249.16
PF07973.19	PF07973.19
PF17759.6	PF17759.6
PF04558.20	PF04558.20
PF04557.20	PF04557.20
PF02092.22	PF02092.22
PF05958.17	PF05958.17
PF02583.22	PF02583.22
PF03250.19	PF03250.19
PF00261.25	PF00261.25
PF00992.25	PF00992.25
PF11636.13	PF11636.13
PF05731.17	PF05731.17
PF06011.17	PF06011.17
PF02081.20	PF02081.20
PF25508.1	PF25508.1
PF16519.10	PF16519.10
PF17099.10	PF17099.10
PF08344.16	PF08344.16
PF03301.18	PF03301.18
PF11991.13	PF11991.13
PF04820.20	PF04820.20
PF08055.16	PF08055.16
PF08056.16	PF08056.16
PF14558.11	PF14558.11
PF09534.15	PF09534.15
PF01371.25	PF01371.25
PF18669.6	PF18669.6
PF00290.26	PF00290.26
PF03222.19	PF03222.19
PF24965.1	PF24965.1
PF12500.13	PF12500.13
PF09157.17	PF09157.17
PF09142.17	PF09142.17
PF16198.10	PF16198.10
PF01509.24	PF01509.24
PF01142.23	PF01142.23
PF10412.15	PF10412.15
PF08751.17	PF08751.17
PF00913.24	PF00913.24
PF10659.14	PF10659.14
PF05887.16	PF05887.16
PF19493.4	PF19493.4
PF19631.4	PF19631.4
PF00089.32	PF00089.32
PF13365.12	PF13365.12
PF00234.27	PF00234.27
PF08248.16	PF08248.16
PF17983.6	PF17983.6
PF12319.13	PF12319.13
PF03249.20	PF03249.20
PF00814.31	PF00814.31
PF02367.23	PF02367.23
PF15217.11	PF15217.11
PF01166.23	PF01166.23
PF15079.11	PF15079.11
PF12637.13	PF12637.13
PF17881.8	PF17881.8
PF25218.1	PF25218.1
PF04668.17	PF04668.17
PF14994.11	PF14994.11
PF07771.16	PF07771.16
PF23782.1	PF23782.1
PF23046.1	PF23046.1
PF21565.2	PF21565.2
PF22211.2	PF22211.2
PF18660.6	PF18660.6
PF11876.13	PF11876.13
PF20889.2	PF20889.2
PF15358.11	PF15358.11
PF15216.11	PF15216.11
PF22012.2	PF22012.2
PF15739.10	PF15739.10
PF04705.17	PF04705.17
PF23260.1	PF23260.1
PF22195.2	PF22195.2
PF19028.6	PF19028.6
PF19028.6	PF19035.6
PF19028.6	PF00090.25
PF19028.6	PF19030.6
PF23308.1	PF23308.1
PF20894.2	PF20894.2
PF18884.5	PF18884.5
PF06300.18	PF06300.18
PF11493.13	PF11493.13
PF03073.20	PF03073.20
PF02412.23	PF02412.23
PF05735.19	PF05735.19
PF20745.2	PF20745.2
PF17804.6	PF17804.6
PF18487.6	PF18487.6
PF17090.10	PF17090.10
PF09695.16	PF09695.16
PF04146.21	PF04146.21
PF23516.1	PF23516.1
PF23685.1	PF23685.1
PF13115.11	PF13115.11
PF10355.14	PF10355.14
PF14007.11	PF14007.11
PF07639.16	PF07639.16
PF08812.16	PF08812.16
PF12732.12	PF12732.12
PF21106.3	PF21106.3
PF14165.11	PF14165.11
PF20788.2	PF20788.2
PF14166.11	PF14166.11
PF08868.15	PF08868.15
PF14068.11	PF14068.11
PF10140.15	PF10140.15
PF08817.16	PF08817.16
PF24585.1	PF24585.1
PF15934.10	PF15934.10
PF14039.11	PF14039.11
PF06265.16	PF06265.16
PF14115.11	PF14115.11
PF11724.13	PF11724.13
PF23317.1	PF23317.1
PF09628.15	PF09628.15
PF12841.12	PF12841.12
PF17368.7	PF17368.7
PF14293.11	PF14293.11
PF08741.15	PF08741.15
PF14256.11	PF14256.11
PF14183.11	PF14183.11
PF16888.10	PF16888.10
PF14431.12	PF14431.12
PF24715.1	PF24715.1
PF24711.1	PF24711.1
PF24712.1	PF24712.1
PF14176.11	PF14176.11
PF25184.1	PF25184.1
PF14174.11	PF14174.11
PF22659.2	PF22659.2
PF22658.2	PF22658.2
PF07435.16	PF07435.16
PF09648.15	PF09648.15
PF14116.11	PF14116.11
PF00102.32	PF00102.32
PF03162.18	PF03162.18
PF13350.11	PF13350.11
PF07495.19	PF07495.19
PF02295.23	PF02295.23
PF10593.14	PF10593.14
PF21816.3	PF21816.3
PF18217.7	PF18217.7
PF05164.18	PF05164.18
PF06005.17	PF06005.17
PF07126.18	PF07126.18
PF21083.2	PF21083.2
PF07072.16	PF07072.16
PF06295.17	PF06295.17
PF23490.1	PF23490.1
PF08632.15	PF08632.15
PF05928.16	PF05928.16
PF01559.21	PF01559.21
PF04576.20	PF04576.20
PF17646.6	PF17646.6
PF22964.2	PF22964.2
PF06414.18	PF06414.18
PF10497.14	PF10497.14
PF01754.22	PF01754.22
PF07776.21	PF07776.21
PF01428.23	PF01428.23
PF25112.1	PF25112.1
PF02892.21	PF02892.21
PF00643.29	PF00643.29
PF25287.1	PF25287.1
PF25431.1	PF25431.1
PF00096.32	PF00096.32
PF16588.11	PF16588.11
PF16622.11	PF16622.11
PF18658.7	PF18658.7
PF23230.1	PF23230.1
PF23330.1	PF23330.1
PF23561.1	PF23561.1
PF23611.1	PF23611.1
PF12756.13	PF12756.13
PF23224.1	PF23224.1
PF13878.12	PF13878.12
PF18868.7	PF18868.7
PF13894.12	PF13894.12
PF21225.3	PF21225.3
PF13912.12	PF13912.12
PF15269.12	PF15269.12
PF23225.1	PF23225.1
PF15909.11	PF15909.11
PF16293.11	PF16293.11
PF17017.11	PF17017.11
PF16606.10	PF16606.10
PF16624.10	PF16624.10
PF24531.2	PF24531.2
PF22586.1	PF22586.1
PF02166.21	PF02166.21
PF22068.2	PF22068.2
PF22069.2	PF22069.2
PF22070.2	PF22070.2
PF06369.18	PF06369.18
PF03139.20	PF03139.20
PF09582.15	PF09582.15
PF01094.35	PF01094.35
PF25443.1	PF25443.1
PF19339.4	PF19339.4
PF12240.13	PF12240.13
PF08174.17	PF08174.17
PF16018.10	PF16018.10
PF02520.22	PF02520.22
PF00023.36	PF00023.36
PF00023.36	PF13606.12
PF07260.16	PF07260.16
PF24567.1	PF24567.1
PF11904.13	PF11904.13
PF18418.7	PF18418.7
PF22170.1	PF22170.1
PF12796.13	PF12796.13
PF13637.12	PF13637.12
PF13857.12	PF13857.12
PF24521.3	PF24521.3
PF23745.1	PF23745.1
PF21137.3	PF21137.3
PF21336.3	PF21336.3
PF03702.20	PF03702.20
PF00191.25	PF00191.25
PF18411.6	PF18411.6
PF21397.2	PF21397.2
PF04547.17	PF04547.17
PF20877.2	PF20877.2
PF16178.10	PF16178.10
PF10731.14	PF10731.14
PF00212.23	PF00212.23
PF03452.20	PF03452.20
PF03374.19	PF03374.19
PF18280.6	PF18280.6
PF08346.17	PF08346.17
PF03861.19	PF03861.19
PF07651.22	PF07651.22
PF09156.16	PF09156.16
PF03497.21	PF03497.21
PF08592.16	PF08592.16
PF05587.19	PF05587.19
PF04715.19	PF04715.19
PF10796.14	PF10796.14
PF11630.13	PF11630.13
PF23023.1	PF23023.1
PF11043.13	PF11043.13
PF13515.12	PF13515.12
PF15993.10	PF15993.10
PF13044.11	PF13044.11
PF00523.23	PF00523.23
PF01621.22	PF01621.22
PF19745.5	PF19745.5
PF19036.6	PF19036.6
PF19037.6	PF19037.6
PF19038.6	PF19038.6
PF09259.16	PF09259.16
PF20011.4	PF20011.4
PF20007.4	PF20007.4
PF19998.4	PF19998.4
PF20000.4	PF20000.4
PF19999.4	PF19999.4
PF20002.4	PF20002.4
PF20003.4	PF20003.4
PF20004.4	PF20004.4
PF20005.5	PF20005.5
PF20006.4	PF20006.4
PF14922.11	PF14922.11
PF14670.12	PF14670.12
PF14670.12	PF12947.13
PF14670.12	PF07645.21
PF14670.12	PF24468.1
PF12235.13	PF12235.13
PF16098.10	PF16098.10
PF16096.10	PF16096.10
PF16097.10	PF16097.10
PF04186.18	PF04186.18
PF10154.14	PF10154.14
PF09538.15	PF09538.15
PF05965.19	PF05965.19
PF05964.19	PF05964.19
PF07078.16	PF07078.16
PF01363.27	PF01363.27
PF02318.22	PF02318.22
PF21272.3	PF21272.3
PF01392.28	PF01392.28
PF04799.18	PF04799.18
PF23298.1	PF23298.1
PF08919.15	PF08919.15
PF18060.6	PF18060.6
PF01115.22	PF01115.22
PF01116.26	PF01116.26
PF06986.16	PF06986.16
PF00503.26	PF00503.26
PF00631.27	PF00631.27
PF01585.28	PF01585.28
PF12656.12	PF12656.12
PF15103.11	PF15103.11
PF24182.1	PF24182.1
PF20881.2	PF20881.2
PF20880.2	PF20880.2
PF18442.6	PF18442.6
PF07474.17	PF07474.17
PF05155.20	PF05155.20
PF02660.20	PF02660.20
PF04309.18	PF04309.18
PF21443.2	PF21443.2
PF07501.17	PF07501.17
PF15096.12	PF15096.12
PF02781.21	PF02781.21
PF00479.28	PF00479.28
PF22245.3	PF22245.3
PF21988.2	PF21988.2
PF10162.14	PF10162.14
PF01468.23	PF01468.23
PF17573.8	PF17573.8
PF04114.19	PF04114.19
PF19976.4	PF19976.4
PF11620.14	PF11620.14
PF02938.19	PF02938.19
PF08887.16	PF08887.16
PF23304.1	PF23304.1
PF13492.12	PF13492.12
PF13492.12	PF01590.32
PF13492.12	PF13185.12
PF22922.2	PF22922.2
PF12282.15	PF12282.15
PF09237.17	PF09237.17
PF06217.17	PF06217.17
PF16828.10	PF16828.10
PF05831.16	PF05831.16
PF20672.3	PF20672.3
PF01140.25	PF01140.25
PF02337.22	PF02337.22
PF01141.23	PF01141.23
PF08723.15	PF08723.15
PF00540.23	PF00540.23
PF02228.21	PF02228.21
PF00607.25	PF00607.25
PF19317.4	PF19317.4
PF02093.21	PF02093.21
PF08705.16	PF08705.16
PF13976.11	PF13976.11
PF20673.2	PF20673.2
PF03276.19	PF03276.19
PF16489.11	PF16489.11
PF18619.6	PF18619.6
PF06990.17	PF06990.17
PF00337.29	PF00337.29
PF18535.6	PF18535.6
PF03902.18	PF03902.18
PF22685.1	PF22685.1
PF01762.27	PF01762.27
PF01296.23	PF01296.23
PF24748.1	PF24748.1
PF22676.1	PF22676.1
PF17974.7	PF17974.7
PF10509.15	PF10509.15
PF02052.20	PF02052.20
PF01087.27	PF01087.27
PF02744.22	PF02744.22
PF17337.7	PF17337.7
PF13802.12	PF13802.12
PF18080.7	PF18080.7
PF06064.16	PF06064.16
PF00304.26	PF00304.26
PF05908.16	PF05908.16
PF20052.5	PF20052.5
PF20014.4	PF20014.4
PF20012.4	PF20012.4
PF20013.4	PF20013.4
PF17155.10	PF17155.10
PF17156.9	PF17156.9
PF17154.10	PF17154.10
PF17157.10	PF17157.10
PF10073.14	PF10073.14
PF11770.13	PF11770.13
PF04410.20	PF04410.20
PF12480.13	PF12480.13
PF16731.10	PF16731.10
PF02843.22	PF02843.22
PF02844.21	PF02844.21
PF13851.11	PF13851.11
PF02187.23	PF02187.23
PF02704.19	PF02704.19
PF04598.17	PF04598.17
PF17708.6	PF17708.6
PF19994.4	PF19994.4
PF00918.22	PF00918.22
PF00741.23	PF00741.23
PF01304.22	PF01304.22
PF03127.19	PF03127.19
PF00320.33	PF00320.33
PF05349.17	PF05349.17
PF00117.34	PF00117.34
PF07090.17	PF07090.17
PF00310.26	PF00310.26
PF07685.20	PF07685.20
PF13230.11	PF13230.11
PF13507.12	PF13507.12
PF13537.11	PF13537.11
PF13537.11	PF13522.11
PF08550.15	PF08550.15
PF02934.20	PF02934.20
PF02637.23	PF02637.23
PF02686.20	PF02686.20
PF18195.6	PF18195.6
PF07670.19	PF07670.19
PF20977.2	PF20977.2
PF08013.17	PF08013.17
PF22775.2	PF22775.2
PF04572.17	PF04572.17
PF06155.17	PF06155.17
PF24972.1	PF24972.1
PF23031.1	PF23031.1
PF23032.1	PF23032.1
PF23560.1	PF23560.1
PF23623.1	PF23623.1
PF23759.1	PF23759.1
PF23093.1	PF23093.1
PF22803.1	PF22803.1
PF02263.25	PF02263.25
PF18416.6	PF18416.6
PF21868.2	PF21868.2
PF08363.15	PF08363.15
PF02841.20	PF02841.20
PF02425.20	PF02425.20
PF02526.19	PF02526.19
PF18455.6	PF18455.6
PF17580.7	PF17580.7
PF04369.19	PF04369.19
PF09683.15	PF09683.15
PF10282.15	PF10282.15
PF09508.16	PF09508.16
PF01306.25	PF01306.25
PF16353.11	PF16353.11
PF06543.17	PF06543.17
PF22446.2	PF22446.2
PF09271.16	PF09271.16
PF00961.24	PF00961.24
PF03161.18	PF03161.18
PF14528.11	PF14528.11
PF14527.11	PF14527.11
PF19256.4	PF19256.4
PF18603.7	PF18603.7
PF21260.3	PF21260.3
PF02264.21	PF02264.21
PF23219.2	PF23219.2
PF24999.1	PF24999.1
PF22033.1	PF22033.1
PF06291.16	PF06291.16
PF02061.21	PF02061.21
PF20735.2	PF20735.2
PF06301.17	PF06301.17
PF06805.18	PF06805.18
PF03746.21	PF03746.21
PF00052.24	PF00052.24
PF02210.31	PF02210.31
PF02210.31	PF00054.30
PF13385.13	PF13385.13
PF06008.19	PF06008.19
PF06009.19	PF06009.19
PF21199.3	PF21199.3
PF00055.23	PF00055.23
PF01299.22	PF01299.22
PF21222.2	PF21222.2
PF06403.16	PF06403.16
PF15454.11	PF15454.11
PF16672.11	PF16672.11
PF12544.13	PF12544.13
PF21501.2	PF21501.2
PF05147.19	PF05147.19
PF14867.11	PF14867.11
PF14028.11	PF14028.11
PF04738.18	PF04738.18
PF05609.18	PF05609.18
PF20443.3	PF20443.3
PF11560.13	PF11560.13
PF20579.4	PF20579.4
PF06305.16	PF06305.16
PF16448.10	PF16448.10
PF21113.2	PF21113.2
PF20265.3	PF20265.3
PF21071.3	PF21071.3
PF09861.14	PF09861.14
PF14354.12	PF14354.12
PF04031.18	PF04031.18
PF15792.10	PF15792.10
PF15234.11	PF15234.11
PF15703.10	PF15703.10
PF10279.14	PF10279.14
PF17861.6	PF17861.6
PF00500.24	PF00500.24
PF00513.23	PF00513.23
PF02354.21	PF02354.21
PF15658.11	PF15658.11
PF15681.10	PF15681.10
PF18177.6	PF18177.6
PF24061.1	PF24061.1
PF15317.11	PF15317.11
PF25084.1	PF25084.1
PF25247.1	PF25247.1
PF01273.31	PF01273.31
PF02886.23	PF02886.23
PF17386.8	PF17386.8
PF17385.8	PF17385.8
PF21300.2	PF21300.2
PF09465.16	PF09465.16
PF02450.21	PF02450.21
PF03815.24	PF03815.24
PF09798.14	PF09798.14
PF14672.11	PF14672.11
PF15858.10	PF15858.10
PF12197.13	PF12197.13
PF18599.6	PF18599.6
PF07603.17	PF07603.17
PF04072.20	PF04072.20
PF11632.14	PF11632.14
PF07216.17	PF07216.17
PF09621.15	PF09621.15
PF04792.17	PF04792.17
PF13002.12	PF13002.12
PF18306.6	PF18306.6
PF02866.23	PF02866.23
PF00056.29	PF00056.29
PF02615.19	PF02615.19
PF18566.7	PF18566.7
PF21691.2	PF21691.2
PF25241.1	PF25241.1
PF00057.23	PF00057.23
PF15419.11	PF15419.11
PF08235.19	PF08235.19
PF24694.1	PF24694.1
PF22390.1	PF22390.1
PF20154.4	PF20154.4
PF21658.2	PF21658.2
PF03195.19	PF03195.19
PF21013.2	PF21013.2
PF22991.1	PF22991.1
PF18417.6	PF18417.6
PF17990.7	PF17990.7
PF10158.14	PF10158.14
PF03548.22	PF03548.22
PF16584.11	PF16584.11
PF19574.5	PF19574.5
PF17131.11	PF17131.11
PF03550.21	PF03550.21
PF20436.4	PF20436.4
PF20437.3	PF20437.3
PF13774.12	PF13774.12
PF18639.7	PF18639.7
PF05362.19	PF05362.19
PF22667.2	PF22667.2
PF02190.22	PF02190.22
PF04525.18	PF04525.18
PF15847.10	PF15847.10
PF08139.17	PF08139.17
PF06474.18	PF06474.18
PF18796.6	PF18796.6
PF18824.6	PF18824.6
PF18825.6	PF18825.6
PF18827.6	PF18827.6
PF18828.6	PF18828.6
PF18830.6	PF18830.6
PF18832.6	PF18832.6
PF18834.6	PF18834.6
PF18838.6	PF18838.6
PF18839.6	PF18839.6
PF18840.6	PF18840.6
PF18842.6	PF18842.6
PF18843.6	PF18843.6
PF18847.6	PF18847.6
PF18798.6	PF18798.6
PF18850.6	PF18850.6
PF18852.6	PF18852.6
PF18853.6	PF18853.6
PF18857.6	PF18857.6
PF18858.6	PF18858.6
PF18799.6	PF18799.6
PF18821.6	PF18821.6
PF22035.1	PF22035.1
PF20980.2	PF20980.2
PF09924.15	PF09924.15
PF03706.18	PF03706.18
PF21948.1	PF21948.1
PF03067.21	PF03067.21
PF22810.2	PF22810.2
PF13036.11	PF13036.11
PF04728.18	PF04728.18
PF10738.15	PF10738.15
PF02169.21	PF02169.21
PF16708.10	PF16708.10
PF04348.19	PF04348.19
PF21946.1	PF21946.1
PF07161.20	PF07161.20
PF17301.7	PF17301.7
PF07007.17	PF07007.17
PF06835.18	PF06835.18
PF04453.20	PF04453.20
PF19838.5	PF19838.5
PF03968.19	PF03968.19
PF04390.17	PF04390.17
PF03739.19	PF03739.19
PF13627.12	PF13627.12
PF02684.21	PF02684.21
PF03331.19	PF03331.19
PF04613.19	PF04613.19
PF06230.17	PF06230.17
PF17930.7	PF17930.7
PF02606.20	PF02606.20
PF09982.15	PF09982.15
PF04970.19	PF04970.19
PF22125.1	PF22125.1
PF03788.19	PF03788.19
PF04172.21	PF04172.21
PF15741.10	PF15741.10
PF20733.2	PF20733.2
PF15176.11	PF15176.11
PF15779.10	PF15779.10
PF14914.11	PF14914.11
PF01463.29	PF01463.29
PF16920.10	PF16920.10
PF09738.14	PF09738.14
PF01462.23	PF01462.23
PF08263.17	PF08263.17
PF00560.39	PF00560.39
PF18805.7	PF18805.7
PF18831.7	PF18831.7
PF18837.7	PF18837.7
PF23286.1	PF23286.1
PF06368.17	PF06368.17
PF06838.17	PF06838.17
PF02965.22	PF02965.22
PF17445.7	PF17445.7
PF17317.7	PF17317.7
PF08842.16	PF08842.16
PF22358.2	PF22358.2
PF06991.16	PF06991.16
PF13149.12	PF13149.12
PF15415.12	PF15415.12
PF21132.2	PF21132.2
PF22622.2	PF22622.2
PF07777.16	PF07777.16
PF16596.10	PF16596.10
PF04202.18	PF04202.18
PF12150.14	PF12150.14
PF17352.7	PF17352.7
PF07690.21	PF07690.21
PF07690.21	PF12832.13
PF07690.21	PF06779.20
PF13347.12	PF13347.12
PF05977.19	PF05977.19
PF05631.20	PF05631.20
PF16983.11	PF16983.11
PF07672.19	PF07672.19
PF23709.1	PF23709.1
PF04648.17	PF04648.17
PF05436.16	PF05436.16
PF07109.17	PF07109.17
PF17790.7	PF17790.7
PF01835.25	PF01835.25
PF23067.1	PF23067.1
PF09644.15	PF09644.15
PF17791.7	PF17791.7
PF17789.7	PF17789.7
PF22373.2	PF22373.2
PF05043.19	PF05043.19
PF05060.20	PF05060.20
PF23524.2	PF23524.2
PF04666.19	PF04666.19
PF16059.10	PF16059.10
PF05283.16	PF05283.16
PF06925.17	PF06925.17
PF22422.2	PF22422.2
PF22420.1	PF22420.1
PF06420.17	PF06420.17
PF09153.16	PF09153.16
PF19342.4	PF19342.4
PF05220.18	PF05220.18
PF08602.15	PF08602.15
PF13998.11	PF13998.11
PF02142.27	PF02142.27
PF12002.13	PF12002.13
PF21967.1	PF21967.1
PF21969.2	PF21969.2
PF15027.12	PF15027.12
PF09178.16	PF09178.16
PF02308.21	PF02308.21
PF21770.3	PF21770.3
PF01769.21	PF01769.21
PF03448.22	PF03448.22
PF17059.10	PF17059.10
PF22865.1	PF22865.1
PF23498.1	PF23498.1
PF01078.27	PF01078.27
PF13335.12	PF13335.12
PF05653.20	PF05653.20
PF03165.22	PF03165.22
PF03166.19	PF03166.19
PF16525.10	PF16525.10
PF09307.15	PF09307.15
PF08831.15	PF08831.15
PF00129.23	PF00129.23
PF00993.25	PF00993.25
PF00969.24	PF00969.24
PF14586.11	PF14586.11
PF16497.10	PF16497.10
PF06623.16	PF06623.16
PF12829.12	PF12829.12
PF22104.1	PF22104.1
PF03707.21	PF03707.21
PF23701.1	PF23701.1
PF06175.17	PF06175.17
PF13794.12	PF13794.12
PF09117.15	PF09117.15
PF02426.22	PF02426.22
PF06701.19	PF06701.19
PF05300.16	PF05300.16
PF21496.2	PF21496.2
PF12258.13	PF12258.13
PF03526.18	PF03526.18
PF23479.1	PF23479.1
PF23519.1	PF23519.1
PF23520.1	PF23520.1
PF23522.1	PF23522.1
PF23523.1	PF23523.1
PF23527.1	PF23527.1
PF23528.1	PF23528.1
PF23529.1	PF23529.1
PF23531.1	PF23531.1
PF16517.10	PF16517.10
PF05048.19	PF05048.19
PF05573.18	PF05573.18
PF18764.7	PF18764.7
PF18793.7	PF18793.7
PF04054.21	PF04054.21
PF04153.24	PF04153.24
PF04065.20	PF04065.20
PF00066.22	PF00066.22
PF12183.14	PF12183.14
PF05554.16	PF05554.16
PF13020.12	PF13020.12
PF08744.15	PF08744.15
PF02898.20	PF02898.20
PF11733.13	PF11733.13
PF16469.10	PF16469.10
PF11707.13	PF11707.13
PF15712.10	PF15712.10
PF20885.2	PF20885.2
PF15180.11	PF15180.11
PF22314.2	PF22314.2
PF16414.11	PF16414.11
PF08305.17	PF08305.17
PF10633.15	PF10633.15
PF08058.16	PF08058.16
PF06809.16	PF06809.16
PF16601.10	PF16601.10
PF15085.11	PF15085.11
PF12011.13	PF12011.13
PF03000.19	PF03000.19
PF08469.15	PF08469.15
PF25022.1	PF25022.1
PF24884.1	PF24884.1
PF24883.2	PF24883.2
PF06409.17	PF06409.17
PF17800.7	PF17800.7
PF05021.20	PF05021.20
PF16276.10	PF16276.10
PF24675.1	PF24675.1
PF08384.15	PF08384.15
PF23386.1	PF23386.1
PF05630.16	PF05630.16
PF07391.16	PF07391.16
PF15699.10	PF15699.10
PF12313.13	PF12313.13
PF06218.16	PF06218.16
PF03666.18	PF03666.18
PF18068.6	PF18068.6
PF05531.17	PF05531.17
PF12622.12	PF12622.12
PF21422.2	PF21422.2
PF03116.20	PF03116.20
PF24836.1	PF24836.1
PF05896.17	PF05896.17
PF11973.14	PF11973.14
PF04400.18	PF04400.18
PF01566.24	PF01566.24
PF03813.20	PF03813.20
PF17403.7	PF17403.7
PF17404.7	PF17404.7
PF17405.8	PF17405.8
PF17406.7	PF17406.7
PF17407.7	PF17407.7
PF08961.15	PF08961.15
PF17169.10	PF17169.10
PF21380.2	PF21380.2
PF01995.21	PF01995.21
PF13597.11	PF13597.11
PF08424.15	PF08424.15
PF04895.17	PF04895.17
PF04894.17	PF04894.17
PF20146.4	PF20146.4
PF10492.14	PF10492.14
PF10491.14	PF10491.14
PF14589.11	PF14589.11
PF14589.11	PF03916.19
PF16733.10	PF16733.10
PF15687.10	PF15687.10
PF15688.10	PF15688.10
PF15689.10	PF15689.10
PF15690.10	PF15690.10
PF15056.11	PF15056.11
PF12753.13	PF12753.13
PF22329.2	PF22329.2
PF20427.3	PF20427.3
PF22763.1	PF22763.1
PF22761.1	PF22761.1
PF22762.1	PF22762.1
PF06532.16	PF06532.16
PF21906.2	PF21906.2
PF14046.11	PF14046.11
PF12117.13	PF12117.13
PF17530.7	PF17530.7
PF22027.1	PF22027.1
PF15412.11	PF15412.11
PF08743.15	PF08743.15
PF08691.15	PF08691.15
PF02071.26	PF02071.26
PF21964.2	PF21964.2
PF22511.2	PF22511.2
PF22384.1	PF22384.1
PF07943.18	PF07943.18
PF03717.20	PF03717.20
PF21922.1	PF21922.1
PF01395.27	PF01395.27
PF12727.12	PF12727.12
PF12849.12	PF12849.12
PF17093.10	PF17093.10
PF07222.17	PF07222.17
PF17356.7	PF17356.7
PF00427.26	PF00427.26
PF20816.2	PF20816.2
PF13839.12	PF13839.12
PF02229.22	PF02229.22
PF06466.16	PF06466.16
PF17092.11	PF17092.11
PF03479.20	PF03479.20
PF09341.15	PF09341.15
PF22297.1	PF22297.1
PF18140.6	PF18140.6
PF23206.1	PF23206.1
PF12391.13	PF12391.13
PF07418.16	PF07418.16
PF09461.15	PF09461.15
PF21936.2	PF21936.2
PF20827.2	PF20827.2
PF20845.2	PF20845.2
PF20844.2	PF20844.2
PF14284.11	PF14284.11
PF14058.11	PF14058.11
PF22107.2	PF22107.2
PF01399.33	PF01399.33
PF12237.13	PF12237.13
PF15717.10	PF15717.10
PF13201.12	PF13201.12
PF01135.25	PF01135.25
PF02747.20	PF02747.20
PF00705.23	PF00705.23
PF15473.11	PF15473.11
PF07847.18	PF07847.18
PF02429.20	PF02429.20
PF08369.16	PF08369.16
PF21196.3	PF21196.3
PF01884.23	PF01884.23
PF03462.23	PF03462.23
PF19501.5	PF19501.5
PF21345.3	PF21345.3
PF21346.3	PF21346.3
PF18459.6	PF18459.6
PF18464.6	PF18464.6
PF18463.6	PF18463.6
PF04314.18	PF04314.18
PF13798.11	PF13798.11
PF01851.28	PF01851.28
PF09310.15	PF09310.15
PF07676.18	PF07676.18
PF13739.11	PF13739.11
PF14756.11	PF14756.11
PF18295.7	PF18295.7
PF06840.17	PF06840.17
PF22063.2	PF22063.2
PF20929.2	PF20929.2
PF04194.18	PF04194.18
PF16021.10	PF16021.10
PF07147.18	PF07147.18
PF12705.13	PF12705.13
PF07788.17	PF07788.17
PF20472.4	PF20472.4
PF20516.4	PF20516.4
PF24579.1	PF24579.1
PF24608.2	PF24608.2
PF12784.13	PF12784.13
PF13366.12	PF13366.12
PF14281.12	PF14281.12
PF11645.14	PF11645.14
PF04720.17	PF04720.17
PF04411.18	PF04411.18
PF08011.17	PF08011.17
PF21171.3	PF21171.3
PF18100.6	PF18100.6
PF04868.17	PF04868.17
PF08629.15	PF08629.15
PF23198.1	PF23198.1
PF00233.25	PF00233.25
PF02112.21	PF02112.21
PF08499.17	PF08499.17
PF00341.22	PF00341.22
PF04692.18	PF04692.18
PF13190.11	PF13190.11
PF20463.3	PF20463.3
PF17831.6	PF17831.6
PF02153.23	PF02153.23
PF08370.16	PF08370.16
PF06422.18	PF06422.18
PF20168.4	PF20168.4
PF00800.23	PF00800.23
PF10662.15	PF10662.15
PF15953.10	PF15953.10
PF17949.7	PF17949.7
PF06436.16	PF06436.16
PF05539.16	PF05539.16
PF07380.17	PF07380.17
PF03246.18	PF03246.18
PF03438.19	PF03438.19
PF02478.21	PF02478.21
PF12222.14	PF12222.14
PF25156.2	PF25156.2
PF22252.2	PF22252.2
PF15996.10	PF15996.10
PF08645.17	PF08645.17
PF16542.10	PF16542.10
PF20847.2	PF20847.2
PF14893.12	PF14893.12
PF20846.3	PF20846.3
PF03726.19	PF03726.19
PF12111.13	PF12111.13
PF18191.6	PF18191.6
PF01243.27	PF01243.27
PF10590.14	PF10590.14
PF01048.26	PF01048.26
PF15365.12	PF15365.12
PF17464.7	PF17464.7
PF02233.22	PF02233.22
PF12769.12	PF12769.12
PF20301.3	PF20301.3
PF17292.8	PF17292.8
PF10450.15	PF10450.15
PF10448.14	PF10448.14
PF10114.15	PF10114.15
PF05808.16	PF05808.16
PF05894.18	PF05894.18
PF24617.1	PF24617.1
PF22634.1	PF22634.1
PF24055.2	PF24055.2
PF22317.1	PF22317.1
PF24846.1	PF24846.1
PF24844.1	PF24844.1
PF03833.19	PF03833.19
PF01620.22	PF01620.22
PF01190.23	PF01190.23
PF00659.24	PF00659.24
PF18531.7	PF18531.7
PF18544.7	PF18544.7
PF22834.3	PF22834.3
PF21099.2	PF21099.2
PF22536.2	PF22536.2
PF01743.26	PF01743.26
PF12626.12	PF12626.12
PF12627.12	PF12627.12
PF20519.4	PF20519.4
PF01518.21	PF01518.21
PF00738.24	PF00738.24
PF03364.25	PF03364.25
PF03364.25	PF06240.19
PF01736.22	PF01736.22
PF00718.27	PF00718.27
PF00761.25	PF00761.25
PF06431.17	PF06431.17
PF00348.22	PF00348.22
PF01522.26	PF01522.26
PF04748.18	PF04748.18
PF15421.11	PF15421.11
PF14099.13	PF14099.13
PF21340.4	PF21340.4
PF21294.4	PF21294.4
PF01943.22	PF01943.22
PF01943.22	PF13440.11
PF02719.21	PF02719.21
PF14667.12	PF14667.12
PF08485.16	PF08485.16
PF19244.4	PF19244.4
PF02563.21	PF02563.21
PF08418.15	PF08418.15
PF22936.1	PF22936.1
PF17251.8	PF17251.8
PF15229.11	PF15229.11
PF09437.15	PF09437.15
PF07442.16	PF07442.16
PF08929.15	PF08929.15
PF08928.15	PF08928.15
PF22770.2	PF22770.2
PF06978.16	PF06978.16
PF20976.2	PF20976.2
PF04831.18	PF04831.18
PF08170.17	PF08170.17
PF01558.24	PF01558.24
PF11271.13	PF11271.13
PF11565.13	PF11565.13
PF00267.27	PF00267.27
PF14121.12	PF14121.12
PF02530.20	PF02530.20
PF01459.28	PF01459.28
PF13609.12	PF13609.12
PF16930.11	PF16930.11
PF16939.11	PF16939.11
PF16956.11	PF16956.11
PF05617.16	PF05617.16
PF16015.10	PF16015.10
PF05478.16	PF05478.16
PF03759.18	PF03759.18
PF08127.18	PF08127.18
PF08126.16	PF08126.16
PF02244.21	PF02244.21
PF06605.17	PF06605.17
PF18994.6	PF18994.6
PF21032.3	PF21032.3
PF04352.18	PF04352.18
PF17516.8	PF17516.8
PF16953.11	PF16953.11
PF09180.16	PF09180.16
PF09181.15	PF09181.15
PF07259.17	PF07259.17
PF07376.16	PF07376.16
PF08188.16	PF08188.16
PF06382.17	PF06382.17
PF00260.25	PF00260.25
PF00841.24	PF00841.24
PF00227.31	PF00227.31
PF10584.14	PF10584.14
PF10508.15	PF10508.15
PF12283.13	PF12283.13
PF04776.17	PF04776.17
PF03247.19	PF03247.19
PF08374.16	PF08374.16
PF11563.14	PF11563.14
PF01010.25	PF01010.25
PF00361.26	PF00361.26
PF00662.26	PF00662.26
PF16450.11	PF16450.11
PF17758.7	PF17758.7
PF02428.20	PF02428.20
PF05373.16	PF05373.16
PF02983.19	PF02983.19
PF00484.24	PF00484.24
PF20393.3	PF20393.3
PF01619.24	PF01619.24
PF14850.11	PF14850.11
PF00160.26	PF00160.26
PF05544.16	PF05544.16
PF18513.6	PF18513.6
PF02840.20	PF02840.20
PF08606.16	PF08606.16
PF06424.17	PF06424.17
PF12230.13	PF12230.13
PF08572.15	PF08572.15
PF09785.14	PF09785.14
PF03371.20	PF03371.20
PF12871.12	PF12871.12
PF06544.18	PF06544.18
PF08799.17	PF08799.17
PF12134.13	PF12134.13
PF16958.10	PF16958.10
PF04303.18	PF04303.18
PF06506.16	PF06506.16
PF15671.10	PF15671.10
PF15708.10	PF15708.10
PF15776.10	PF15776.10
PF22049.1	PF22049.1
PF07069.16	PF07069.16
PF02340.21	PF02340.21
PF23900.1	PF23900.1
PF21236.3	PF21236.3
PF13367.11	PF13367.11
PF18995.5	PF18995.5
PF24390.1	PF24390.1
PF15609.12	PF15609.12
PF15610.12	PF15610.12
PF01366.23	PF01366.23
PF19556.4	PF19556.4
PF08372.16	PF08372.16
PF13765.14	PF13765.14
PF12465.13	PF12465.13
PF14765.12	PF14765.12
PF00223.24	PF00223.24
PF02531.21	PF02531.21
PF17550.7	PF17550.7
PF02605.20	PF02605.20
PF07465.18	PF07465.18
PF05479.16	PF05479.16
PF22832.1	PF22832.1
PF21462.3	PF21462.3
PF08078.17	PF08078.17
PF18341.7	PF18341.7
PF03912.19	PF03912.19
PF00737.25	PF00737.25
PF02532.19	PF02532.19
PF01788.22	PF01788.22
PF02533.20	PF02533.20
PF02419.22	PF02419.22
PF05151.17	PF05151.17
PF02468.20	PF02468.20
PF01789.22	PF01789.22
PF18933.6	PF18933.6
PF05757.16	PF05757.16
PF04725.17	PF04725.17
PF01405.22	PF01405.22
PF10806.13	PF10806.13
PF16568.10	PF16568.10
PF24971.1	PF24971.1
PF21524.3	PF21524.3
PF05924.16	PF05924.16
PF21965.2	PF21965.2
PF00536.37	PF00536.37
PF00536.37	PF07647.24
PF18016.8	PF18016.8
PF18017.8	PF18017.8
PF21872.3	PF21872.3
PF23395.1	PF23395.1
PF02961.22	PF02961.22
PF21907.4	PF21907.4
PF01536.21	PF01536.21
PF18255.9	PF18255.9
PF22993.4	PF22993.4
PF18609.8	PF18609.8
PF13932.14	PF13932.14
PF20257.3	PF20257.3
PF01887.21	PF01887.21
PF23307.1	PF23307.1
PF13543.13	PF13543.13
PF20406.3	PF20406.3
PF01698.23	PF01698.23
PF04445.19	PF04445.19
PF04904.21	PF04904.21
PF02198.23	PF02198.23
PF09597.18	PF09597.18
PF25317.1	PF25317.1
PF09235.17	PF09235.17
PF22931.4	PF22931.4
PF01342.26	PF01342.26
PF23292.1	PF23292.1
PF09133.15	PF09133.15
PF16282.11	PF16282.11
PF02037.33	PF02037.33
PF16014.10	PF16014.10
PF06487.18	PF06487.18
PF21438.3	PF21438.3
PF15476.11	PF15476.11
PF13867.11	PF13867.11
PF02199.20	PF02199.20
PF05184.20	PF05184.20
PF03489.22	PF03489.22
PF07277.16	PF07277.16
PF16560.10	PF16560.10
PF16722.10	PF16722.10
PF20825.2	PF20825.2
PF04499.20	PF04499.20
PF18953.6	PF18953.6
PF23632.1	PF23632.1
PF03058.19	PF03058.19
PF11409.13	PF11409.13
PF06682.17	PF06682.17
PF11979.13	PF11979.13
PF04790.18	PF04790.18
PF05510.18	PF05510.18
PF20989.3	PF20989.3
PF21898.1	PF21898.1
PF05366.16	PF05366.16
PF15385.11	PF15385.11
PF12383.13	PF12383.13
PF03343.18	PF03343.18
PF21518.3	PF21518.3
PF22331.1	PF22331.1
PF22216.1	PF22216.1
PF22218.1	PF22218.1
PF21503.2	PF21503.2
PF16531.10	PF16531.10
PF09368.15	PF09368.15
PF04000.20	PF04000.20
PF15460.11	PF15460.11
PF18594.6	PF18594.6
PF03629.24	PF03629.24
PF17041.10	PF17041.10
PF00269.25	PF00269.25
PF04259.19	PF04259.19
PF15160.11	PF15160.11
PF16073.10	PF16073.10
PF06426.19	PF06426.19
PF16264.11	PF16264.11
PF17485.7	PF17485.7
PF06106.16	PF06106.16
PF11256.13	PF11256.13
PF18145.6	PF18145.6
PF11561.13	PF11561.13
PF16719.11	PF16719.11
PF05217.17	PF05217.17
PF15373.11	PF15373.11
PF10340.15	PF10340.15
PF10260.14	PF10260.14
PF18167.6	PF18167.6
PF06739.17	PF06739.17
PF21265.3	PF21265.3
PF13558.12	PF13558.12
PF12320.13	PF12320.13
PF17882.6	PF17882.6
PF20268.4	PF20268.4
PF09377.16	PF09377.16
PF23445.2	PF23445.2
PF08648.17	PF08648.17
PF19097.5	PF19097.5
PF24826.1	PF24826.1
PF24825.1	PF24825.1
PF07192.16	PF07192.16
PF11538.13	PF11538.13
PF21273.3	PF21273.3
PF21271.2	PF21271.2
PF18116.7	PF18116.7
PF19566.4	PF19566.4
PF22237.3	PF22237.3
PF16533.10	PF16533.10
PF15279.11	PF15279.11
PF16855.10	PF16855.10
PF13274.11	PF13274.11
PF12610.13	PF12610.13
PF07525.21	PF07525.21
PF16848.10	PF16848.10
PF00080.25	PF00080.25
PF02777.23	PF02777.23
PF00081.27	PF00081.27
PF09055.16	PF09055.16
PF04158.19	PF04158.19
PF21248.3	PF21248.3
PF10428.14	PF10428.14
PF11365.13	PF11365.13
PF14818.11	PF14818.11
PF21250.3	PF21250.3
PF21270.2	PF21270.2
PF21958.2	PF21958.2
PF06136.19	PF06136.19
PF03619.22	PF03619.22
PF22750.1	PF22750.1
PF13460.12	PF13460.12
PF14833.11	PF14833.11
PF03446.21	PF03446.21
PF03447.22	PF03447.22
PF07993.18	PF07993.18
PF07994.18	PF07994.18
PF08030.17	PF08030.17
PF13241.12	PF13241.12
PF13450.12	PF13450.12
PF13454.12	PF13454.12
PF07479.19	PF07479.19
PF01210.29	PF01210.29
PF01513.26	PF01513.26
PF20143.4	PF20143.4
PF02540.23	PF02540.23
PF09126.16	PF09126.16
PF03822.20	PF03822.20
PF21566.2	PF21566.2
PF22643.2	PF22643.2
PF07555.19	PF07555.19
PF21774.3	PF21774.3
PF05089.18	PF05089.18
PF12972.12	PF12972.12
PF12971.12	PF12971.12
PF09992.14	PF09992.14
PF20726.3	PF20726.3
PF07948.16	PF07948.16
PF20727.2	PF20727.2
PF20728.2	PF20728.2
PF02477.20	PF02477.20
PF21230.3	PF21230.3
PF02365.20	PF02365.20
PF14303.12	PF14303.12
PF18127.6	PF18127.6
PF20732.2	PF20732.2
PF07075.17	PF07075.17
PF04131.20	PF04131.20
PF24996.1	PF24996.1
PF05629.16	PF05629.16
PF04660.18	PF04660.18
PF00956.23	PF00956.23
PF03892.19	PF03892.19
PF03927.19	PF03927.19
PF06796.16	PF06796.16
PF04095.22	PF04095.22
PF17956.6	PF17956.6
PF17767.7	PF17767.7
PF16974.11	PF16974.11
PF21641.3	PF21641.3
PF20299.4	PF20299.4
PF10505.14	PF10505.14
PF03059.22	PF03059.22
PF18265.6	PF18265.6
PF04768.19	PF04768.19
PF05127.21	PF05127.21
PF12569.14	PF12569.14
PF09797.15	PF09797.15
PF18082.7	PF18082.7
PF01235.23	PF01235.23
PF01699.29	PF01699.29
PF16494.10	PF16494.10
PF03553.21	PF03553.21
PF06965.17	PF06965.17
PF13726.12	PF13726.12
PF07399.17	PF07399.17
PF00999.27	PF00999.27
PF00287.24	PF00287.24
PF02690.20	PF02690.20
PF00939.25	PF00939.25
PF06512.18	PF06512.18
PF11933.13	PF11933.13
PF04159.19	PF04159.19
PF00931.28	PF00931.28
PF12061.13	PF12061.13
PF22913.1	PF22913.1
PF15492.12	PF15492.12
PF20426.4	PF20426.4
PF01364.23	PF01364.23
PF03785.20	PF03785.20
PF07722.19	PF07722.19
PF05407.19	PF05407.19
PF05408.17	PF05408.17
PF00548.26	PF00548.26
PF05409.19	PF05409.19
PF05410.19	PF05410.19
PF05411.18	PF05411.18
PF05412.18	PF05412.18
PF05413.17	PF05413.17
PF05415.18	PF05415.18
PF05416.18	PF05416.18
PF03412.21	PF03412.21
PF13529.12	PF13529.12
PF12381.14	PF12381.14
PF00863.25	PF00863.25
PF05417.16	PF05417.16
PF05533.18	PF05533.18
PF05543.19	PF05543.19
PF02902.25	PF02902.25
PF00770.24	PF00770.24
PF03568.22	PF03568.22
PF05550.16	PF05550.16
PF03416.26	PF03416.26
PF03290.18	PF03290.18
PF03543.20	PF03543.20
PF00851.24	PF00851.24
PF12380.14	PF12380.14
PF10275.15	PF10275.15
PF03577.20	PF03577.20
PF01830.25	PF01830.25
PF12385.14	PF12385.14
PF12386.14	PF12386.14
PF12387.13	PF12387.13
PF07910.19	PF07910.19
PF03569.20	PF03569.20
PF11713.13	PF11713.13
PF01707.22	PF01707.22
PF05708.18	PF05708.18
PF06035.17	PF06035.17
PF05903.20	PF05903.20
PF15499.12	PF15499.12
PF11962.13	PF11962.13
PF01433.26	PF01433.26
PF00413.30	PF00413.30
PF08548.17	PF08548.17
PF05548.17	PF05548.17
PF01431.27	PF01431.27
PF05649.18	PF05649.18
PF00246.29	PF00246.29
PF01427.22	PF01427.22
PF05951.18	PF05951.18
PF08291.16	PF08291.16
PF13539.11	PF13539.11
PF00675.25	PF00675.25
PF05193.26	PF05193.26
PF16187.10	PF16187.10
PF00883.26	PF00883.26
PF02789.23	PF02789.23
PF21337.3	PF21337.3
PF02127.20	PF02127.20
PF01244.27	PF01244.27
PF17900.6	PF17900.6
PF01401.24	PF01401.24
PF01546.33	PF01546.33
PF01551.29	PF01551.29
PF18421.7	PF18421.7
PF00557.29	PF00557.29
PF16188.10	PF16188.10
PF07580.19	PF07580.19
PF05342.19	PF05342.19
PF01742.23	PF01742.23
PF04389.22	PF04389.22
PF02073.20	PF02073.20
PF01432.26	PF01432.26
PF10460.15	PF10460.15
PF02074.21	PF02074.21
PF02102.21	PF02102.21
PF02128.21	PF02128.21
PF08439.15	PF08439.15
PF01447.24	PF01447.24
PF01434.24	PF01434.24
PF05343.19	PF05343.19
PF05572.19	PF05572.19
PF03410.18	PF03410.18
PF01435.24	PF01435.24
PF16491.10	PF16491.10
PF03571.21	PF03571.21
PF02868.21	PF02868.21
PF02163.28	PF02163.28
PF13398.12	PF13398.12
PF07998.17	PF07998.17
PF04951.18	PF04951.18
PF05569.17	PF05569.17
PF12388.14	PF12388.14
PF05547.17	PF05547.17
PF13402.12	PF13402.12
PF18630.7	PF18630.7
PF05299.18	PF05299.18
PF04055.27	PF04055.27
PF19238.5	PF19238.5
PF16199.10	PF16199.10
PF08497.15	PF08497.15
PF19864.5	PF19864.5
PF17659.7	PF17659.7
PF22603.2	PF22603.2
PF18579.7	PF18579.7
PF18578.6	PF18578.6
PF05691.18	PF05691.18
PF15250.11	PF15250.11
PF12940.12	PF12940.12
PF12560.13	PF12560.13
PF03089.20	PF03089.20
PF13341.12	PF13341.12
PF03913.18	PF03913.18
PF08652.17	PF08652.17
PF10257.15	PF10257.15
PF11058.13	PF11058.13
PF05498.16	PF05498.16
PF18248.6	PF18248.6
PF20412.3	PF20412.3
PF15320.11	PF15320.11
PF18755.6	PF18755.6
PF04901.18	PF04901.18
PF06624.17	PF06624.17
PF03787.20	PF03787.20
PF19402.4	PF19402.4
PF05508.16	PF05508.16
PF07834.16	PF07834.16
PF18278.7	PF18278.7
PF00638.24	PF00638.24
PF08373.16	PF08373.16
PF03085.20	PF03085.20
PF21022.2	PF21022.2
PF07218.16	PF07218.16
PF09197.16	PF09197.16
PF18602.6	PF18602.6
PF11626.13	PF11626.13
PF21411.2	PF21411.2
PF18282.7	PF18282.7
PF12137.13	PF12137.13
PF18801.6	PF18801.6
PF10579.15	PF10579.15
PF14538.11	PF14538.11
PF03668.21	PF03668.21
PF02145.21	PF02145.21
PF00071.28	PF00071.28
PF00616.24	PF00616.24
PF03836.20	PF03836.20
PF00617.24	PF00617.24
PF00618.25	PF00618.25
PF14663.11	PF14663.11
PF21712.3	PF21712.3
PF21712.3	PF21801.3
PF14847.12	PF14847.12
PF12234.13	PF12234.13
PF22469.2	PF22469.2
PF22225.1	PF22225.1
PF24600.1	PF24600.1
PF16207.11	PF16207.11
PF12768.13	PF12768.13
PF20842.4	PF20842.4
PF20843.4	PF20843.4
PF21989.2	PF21989.2
PF23010.2	PF23010.2
PF08169.17	PF08169.17
PF12338.13	PF12338.13
PF02341.20	PF02341.20
PF02196.21	PF02196.21
PF09457.15	PF09457.15
PF06593.17	PF06593.17
PF25015.1	PF25015.1
PF24475.1	PF24475.1
PF24099.1	PF24099.1
PF24810.1	PF24810.1
PF24572.1	PF24572.1
PF25322.1	PF25322.1
PF23057.1	PF23057.1
PF23058.1	PF23058.1
PF02033.23	PF02033.23
PF08081.16	PF08081.16
PF15519.11	PF15519.11
PF22021.2	PF22021.2
PF13397.12	PF13397.12
PF14752.11	PF14752.11
PF17208.8	PF17208.8
PF05025.18	PF05025.18
PF11464.13	PF11464.13
PF18113.7	PF18113.7
PF01858.22	PF01858.22
PF01857.25	PF01857.25
PF08934.15	PF08934.15
PF10657.14	PF10657.14
PF23666.2	PF23666.2
PF00415.24	PF00415.24
PF13540.12	PF13540.12
PF06405.16	PF06405.16
PF04078.19	PF04078.19
PF15725.10	PF15725.10
PF02517.21	PF02517.21
PF00319.23	PF00319.23
PF24296.1	PF24296.1
PF07520.16	PF07520.16
PF02118.27	PF02118.27
PF08236.17	PF08236.17
PF04086.19	PF04086.19
PF02290.20	PF02290.20
PF01922.23	PF01922.23
PF00660.22	PF00660.22
PF05022.17	PF05022.17
PF00448.28	PF00448.28
PF02881.24	PF02881.24
PF16969.10	PF16969.10
PF08492.17	PF08492.17
PF05486.17	PF05486.17
PF19307.5	PF19307.5
PF09439.16	PF09439.16
PF02978.25	PF02978.25
PF17004.11	PF17004.11
PF07709.16	PF07709.16
PF07985.18	PF07985.18
PF15230.11	PF15230.11
PF15872.10	PF15872.10
PF09201.16	PF09201.16
PF21097.3	PF21097.3
PF00436.31	PF00436.31
PF21473.3	PF21473.3
PF22657.2	PF22657.2
PF24120.1	PF24120.1
PF17878.8	PF17878.8
PF18361.6	PF18361.6
PF10141.14	PF10141.14
PF18333.6	PF18333.6
PF18272.6	PF18272.6
PF04503.18	PF04503.18
PF07179.17	PF07179.17
PF14581.11	PF14581.11
PF04888.17	PF04888.17
PF24688.1	PF24688.1
PF00474.23	PF00474.23
PF14723.11	PF14723.11
PF21181.3	PF21181.3
PF04686.18	PF04686.18
PF00720.22	PF00720.22
PF04056.20	PF04056.20
PF20067.5	PF20067.5
PF09199.15	PF09199.15
PF22165.2	PF22165.2
PF22445.1	PF22445.1
PF06933.16	PF06933.16
PF04386.18	PF04386.18
PF08141.18	PF08141.18
PF14098.11	PF14098.11
PF08176.17	PF08176.17
PF08177.16	PF08177.16
PF08175.17	PF08175.17
PF08179.17	PF08179.17
PF03531.20	PF03531.20
PF21092.2	PF21092.2
PF18877.6	PF18877.6
PF15836.10	PF15836.10
PF04722.18	PF04722.18
PF11966.13	PF11966.13
PF20940.2	PF20940.2
PF07935.16	PF07935.16
PF09514.15	PF09514.15
PF05030.17	PF05030.17
PF04184.18	PF04184.18
PF16664.10	PF16664.10
PF08514.17	PF08514.17
PF18185.7	PF18185.7
PF03298.18	PF03298.18
PF14731.12	PF14731.12
PF09022.15	PF09022.15
PF09023.15	PF09023.15
PF04022.17	PF04022.17
PF02821.22	PF02821.22
PF10100.14	PF10100.14
PF22381.2	PF22381.2
PF01123.25	PF01123.25
PF02876.24	PF02876.24
PF01852.25	PF01852.25
PF19569.5	PF19569.5
PF16544.10	PF16544.10
PF01740.26	PF01740.26
PF13466.11	PF13466.11
PF12162.13	PF12162.13
PF12188.13	PF12188.13
PF14596.11	PF14596.11
PF18214.6	PF18214.6
PF24629.1	PF24629.1
PF03875.18	PF03875.18
PF00836.24	PF00836.24
PF01017.26	PF01017.26
PF02864.20	PF02864.20
PF02865.22	PF02865.22
PF21354.3	PF21354.3
PF16482.11	PF16482.11
PF12638.12	PF12638.12
PF10330.14	PF10330.14
PF07983.18	PF07983.18
PF18608.7	PF18608.7
PF00860.26	PF00860.26
PF04921.20	PF04921.20
PF13478.12	PF13478.12
PF02625.21	PF02625.21
PF09412.15	PF09412.15
PF06955.19	PF06955.19
PF03894.20	PF03894.20
PF09363.15	PF09363.15
PF09364.15	PF09364.15
PF03254.18	PF03254.18
PF03469.19	PF03469.19
PF10779.14	PF10779.14
PF04555.19	PF04555.19
PF08043.17	PF08043.17
PF08814.16	PF08814.16
PF08869.16	PF08869.16
PF09815.14	PF09815.14
PF09636.16	PF09636.16
PF09302.16	PF09302.16
PF21928.1	PF21928.1
PF00193.23	PF00193.23
PF21041.3	PF21041.3
PF09109.15	PF09109.15
PF09108.16	PF09108.16
PF14440.12	PF14440.12
PF20817.2	PF20817.2
PF20800.2	PF20800.2
PF05181.18	PF05181.18
PF01286.23	PF01286.23
PF24482.1	PF24482.1
PF18458.6	PF18458.6
PF09280.16	PF09280.16
PF22139.1	PF22139.1
PF00867.23	PF00867.23
PF12813.12	PF12813.12
PF00752.23	PF00752.23
PF08389.18	PF08389.18
PF01834.22	PF01834.22
PF06632.17	PF06632.17
PF21925.1	PF21925.1
PF21924.1	PF21924.1
PF20432.4	PF20432.4
PF23125.1	PF23125.1
PF23124.1	PF23124.1
PF09722.15	PF09722.15
PF18332.7	PF18332.7
PF18334.7	PF18334.7
PF18245.6	PF18245.6
PF17846.6	PF17846.6
PF03159.24	PF03159.24
PF19977.5	PF19977.5
PF03468.20	PF03468.20
PF11952.13	PF11952.13
PF12529.13	PF12529.13
PF06505.16	PF06505.16
PF02162.22	PF02162.22
PF01797.21	PF01797.21
PF04986.18	PF04986.18
PF23893.1	PF23893.1
PF14175.11	PF14175.11
PF06156.18	PF06156.18
PF04690.20	PF04690.20
PF24868.1	PF24868.1
PF07873.16	PF07873.16
PF10686.14	PF10686.14
PF03884.20	PF03884.20
PF03895.21	PF03895.21
PF05658.19	PF05658.19
PF05662.19	PF05662.19
PF09811.14	PF09811.14
PF07152.18	PF07152.18
PF17219.8	PF17219.8
PF13957.12	PF13957.12
PF15738.11	PF15738.11
PF11726.14	PF11726.14
PF16362.10	PF16362.10
PF19413.5	PF19413.5
PF02699.20	PF02699.20
PF21987.2	PF21987.2
PF13308.11	PF13308.11
PF02575.21	PF02575.21
PF10757.14	PF10757.14
PF07949.17	PF07949.17
PF07102.17	PF07102.17
PF17725.7	PF17725.7
PF02130.23	PF02130.23
PF21015.2	PF21015.2
PF13982.11	PF13982.11
PF13985.11	PF13985.11
PF08173.16	PF08173.16
PF23495.1	PF23495.1
PF11076.13	PF11076.13
PF11045.13	PF11045.13
PF10722.14	PF10722.14
PF10767.14	PF10767.14
PF01906.23	PF01906.23
PF23025.1	PF23025.1
PF23028.1	PF23028.1
PF23128.1	PF23128.1
PF17104.11	PF17104.11
PF10338.15	PF10338.15
PF23484.1	PF23484.1
PF23485.1	PF23485.1
PF02624.21	PF02624.21
PF18381.7	PF18381.7
PF08664.15	PF08664.15
PF03733.18	PF03733.18
PF13993.11	PF13993.11
PF08755.16	PF08755.16
PF02620.22	PF02620.22
PF02618.21	PF02618.21
PF14266.11	PF14266.11
PF04264.18	PF04264.18
PF21378.2	PF21378.2
PF05758.17	PF05758.17
PF10705.14	PF10705.14
PF05695.17	PF05695.17
PF10718.14	PF10718.14
PF02392.22	PF02392.22
PF10674.14	PF10674.14
PF07444.16	PF07444.16
PF17382.7	PF17382.7
PF01737.22	PF01737.22
PF17088.10	PF17088.10
PF05666.17	PF05666.17
PF05166.18	PF05166.18
PF06071.19	PF06071.19
PF17775.7	PF17775.7
PF21612.3	PF21612.3
PF03795.20	PF03795.20
PF23675.1	PF23675.1
PF14317.12	PF14317.12
PF15943.11	PF15943.11
PF06254.16	PF06254.16
PF11739.14	PF11739.14
PF09159.16	PF09159.16
PF14001.12	PF14001.12
PF18657.6	PF18657.6
PF07338.18	PF07338.18
PF23502.1	PF23502.1
PF08803.17	PF08803.17
PF15930.10	PF15930.10
PF04794.17	PF04794.17
PF04307.19	PF04307.19
PF14169.11	PF14169.11
PF21652.2	PF21652.2
PF17745.6	PF17745.6
PF09207.16	PF09207.16
PF03366.22	PF03366.22
PF13995.12	PF13995.12
PF07130.17	PF07130.17
PF13974.11	PF13974.11
PF21150.2	PF21150.2
PF06185.18	PF06185.18
PF13992.11	PF13992.11
PF23680.1	PF23680.1
PF13987.11	PF13987.11
PF19279.4	PF19279.4
PF13989.11	PF13989.11
PF14150.11	PF14150.11
PF20730.2	PF20730.2
PF04634.17	PF04634.17
PF07437.17	PF07437.17
PF12034.13	PF12034.13
PF12917.13	PF12917.13
PF03887.19	PF03887.19
PF08891.16	PF08891.16
PF10938.13	PF10938.13
PF07037.17	PF07037.17
PF14151.11	PF14151.11
PF14152.11	PF14152.11
PF09586.16	PF09586.16
PF13525.12	PF13525.12
PF24911.1	PF24911.1
PF25425.1	PF25425.1
PF20494.3	PF20494.3
PF08756.15	PF08756.15
PF14167.11	PF14167.11
PF11181.13	PF11181.13
PF10787.14	PF10787.14
PF14118.11	PF14118.11
PF14182.11	PF14182.11
PF11127.14	PF11127.14
PF11756.13	PF11756.13
PF02542.21	PF02542.21
PF21130.3	PF21130.3
PF04320.19	PF04320.19
PF02325.22	PF02325.22
PF21152.3	PF21152.3
PF01863.23	PF01863.23
PF23480.1	PF23480.1
PF08438.16	PF08438.16
PF22339.1	PF22339.1
PF06250.17	PF06250.17
PF14148.11	PF14148.11
PF13116.12	PF13116.12
PF17444.7	PF17444.7
PF09154.16	PF09154.16
PF04168.17	PF04168.17
PF14456.11	PF14456.11
PF06964.18	PF06964.18
PF09261.16	PF09261.16
PF08829.15	PF08829.15
PF17480.7	PF17480.7
PF02883.26	PF02883.26
PF02296.22	PF02296.22
PF01589.21	PF01589.21
PF00943.25	PF00943.25
PF01563.21	PF01563.21
PF03229.18	PF03229.18
PF18489.6	PF18489.6
PF02816.24	PF02816.24
PF01120.23	PF01120.23
PF02232.20	PF02232.20
PF09608.15	PF09608.15
PF17989.7	PF17989.7
PF15299.11	PF15299.11
PF25384.1	PF25384.1
PF10369.15	PF10369.15
PF16541.10	PF16541.10
PF20080.4	PF20080.4
PF11092.13	PF11092.13
PF02430.21	PF02430.21
PF24112.1	PF24112.1
PF07344.16	PF07344.16
PF17645.6	PF17645.6
PF12475.13	PF12475.13
PF05111.17	PF05111.17
PF02948.20	PF02948.20
PF15757.10	PF15757.10
PF09422.15	PF09422.15
PF12190.13	PF12190.13
PF21405.3	PF21405.3
PF21404.3	PF21404.3
PF04709.17	PF04709.17
PF07313.18	PF07313.18
PF01425.27	PF01425.27
PF01510.30	PF01510.30
PF01520.23	PF01520.23
PF05382.19	PF05382.19
PF12671.13	PF12671.13
PF01979.26	PF01979.26
PF04909.20	PF04909.20
PF07969.17	PF07969.17
PF12224.13	PF12224.13
PF09663.15	PF09663.15
PF11741.13	PF11741.13
PF24837.1	PF24837.1
PF10706.15	PF10706.15
PF10023.15	PF10023.15
PF00155.27	PF00155.27
PF00202.27	PF00202.27
PF01063.24	PF01063.24
PF00266.25	PF00266.25
PF01593.30	PF01593.30
PF21332.3	PF21332.3
PF02293.20	PF02293.20
PF10997.13	PF10997.13
PF01871.22	PF01871.22
PF00909.26	PF00909.26
PF14828.11	PF14828.11
PF10423.15	PF10423.15
PF02461.21	PF02461.21
PF04896.17	PF04896.17
PF03782.22	PF03782.22
PF00501.34	PF00501.34
PF13193.12	PF13193.12
PF14535.12	PF14535.12
PF23562.2	PF23562.2
PF23024.1	PF23024.1
PF17113.10	PF17113.10
PF20068.4	PF20068.4
PF16561.11	PF16561.11
PF04739.20	PF04739.20
PF21147.3	PF21147.3
PF19326.5	PF19326.5
PF05195.22	PF05195.22
PF22907.2	PF22907.2
PF09081.16	PF09081.16
PF09094.16	PF09094.16
PF09095.17	PF09095.17
PF22423.2	PF22423.2
PF22582.2	PF22582.2
PF20922.3	PF20922.3
PF12859.13	PF12859.13
PF03256.22	PF03256.22
PF15243.11	PF15243.11
PF17256.7	PF17256.7
PF08672.17	PF08672.17
PF12895.13	PF12895.13
PF12896.12	PF12896.12
PF12894.13	PF12894.13
PF12862.13	PF12862.13
PF04049.19	PF04049.19
PF12856.12	PF12856.12
PF10471.14	PF10471.14
PF01821.23	PF01821.23
PF07548.16	PF07548.16
PF09675.16	PF09675.16
PF01308.23	PF01308.23
PF03503.18	PF03503.18
PF03504.19	PF03504.19
PF02415.23	PF02415.23
PF05475.17	PF05475.17
PF13541.12	PF13541.12
PF00504.26	PF00504.26
PF07224.18	PF07224.18
PF14476.11	PF14476.11
PF11098.13	PF11098.13
PF06598.16	PF06598.16
PF06778.18	PF06778.18
PF02962.20	PF02962.20
PF22494.2	PF22494.2
PF09193.15	PF09193.15
PF01473.26	PF01473.26
PF19085.6	PF19085.6
PF19127.6	PF19127.6
PF21540.3	PF21540.3
PF01633.27	PF01633.27
PF04428.19	PF04428.19
PF12411.13	PF12411.13
PF04515.18	PF04515.18
PF09129.16	PF09129.16
PF14592.12	PF14592.12
PF06566.16	PF06566.16
PF04968.17	PF04968.17
PF05961.16	PF05961.16
PF05846.17	PF05846.17
PF05941.18	PF05941.18
PF06015.17	PF06015.17
PF05966.18	PF05966.18
PF05989.17	PF05989.17
PF06138.17	PF06138.17
PF05796.17	PF05796.17
PF06129.17	PF06129.17
PF05803.17	PF05803.17
PF05864.17	PF05864.17
PF01723.21	PF01723.21
PF03964.20	PF03964.20
PF05387.16	PF05387.16
PF05836.17	PF05836.17
PF00425.24	PF00425.24
PF01264.26	PF01264.26
PF04345.18	PF04345.18
PF21484.3	PF21484.3
PF22380.2	PF22380.2
PF23340.1	PF23340.1
PF03777.18	PF03777.18
PF10216.14	PF10216.14
PF09828.14	PF09828.14
PF20229.3	PF20229.3
PF07452.17	PF07452.17
PF19548.4	PF19548.4
PF05535.17	PF05535.17
PF02417.20	PF02417.20
PF00385.30	PF00385.30
PF13889.11	PF13889.11
PF18704.7	PF18704.7
PF23615.1	PF23615.1
PF23327.1	PF23327.1
PF24294.1	PF24294.1
PF25386.1	PF25386.1
PF01393.25	PF01393.25
PF19223.5	PF19223.5
PF22997.1	PF22997.1
PF16892.10	PF16892.10
PF12271.14	PF12271.14
PF06573.16	PF06573.16
PF06228.19	PF06228.19
PF06228.19	PF05171.18
PF13585.12	PF13585.12
PF07538.16	PF07538.16
PF23256.1	PF23256.1
PF23259.1	PF23259.1
PF22368.2	PF22368.2
PF09649.15	PF09649.15
PF06294.16	PF06294.16
PF07347.17	PF07347.17
PF08547.18	PF08547.18
PF21862.1	PF21862.1
PF05093.18	PF05093.18
PF15673.10	PF15673.10
PF04818.19	PF04818.19
PF02017.21	PF02017.21
PF18562.6	PF18562.6
PF16766.10	PF16766.10
PF16374.11	PF16374.11
PF08134.16	PF08134.16
PF23591.1	PF23591.1
PF23708.1	PF23708.1
PF23730.1	PF23730.1
PF23599.1	PF23599.1
PF22581.1	PF22581.1
PF00878.24	PF00878.24
PF20738.2	PF20738.2
PF02464.23	PF02464.23
PF18146.6	PF18146.6
PF21044.3	PF21044.3
PF22892.2	PF22892.2
PF05160.18	PF05160.18
PF08828.15	PF08828.15
PF18102.6	PF18102.6
PF00908.23	PF00908.23
PF08070.16	PF08070.16
PF21424.3	PF21424.3
PF21425.3	PF21425.3
PF21430.3	PF21430.3
PF03942.20	PF03942.20
PF21717.2	PF21717.2
PF18357.7	PF18357.7
PF08588.16	PF08588.16
PF24794.1	PF24794.1
PF06207.16	PF06207.16
PF06210.16	PF06210.16
PF06219.17	PF06219.17
PF06226.18	PF06226.18
PF06231.16	PF06231.16
PF06245.16	PF06245.16
PF17761.7	PF17761.7
PF06260.17	PF06260.17
PF06267.17	PF06267.17
PF06269.17	PF06269.17
PF06270.16	PF06270.16
PF06275.16	PF06275.16
PF06279.16	PF06279.16
PF06282.16	PF06282.16
PF06287.16	PF06287.16
PF06288.18	PF06288.18
PF06299.18	PF06299.18
PF06304.16	PF06304.16
PF06335.17	PF06335.17
PF06341.16	PF06341.16
PF06342.18	PF06342.18
PF06348.16	PF06348.16
PF06353.17	PF06353.17
PF06356.17	PF06356.17
PF06362.16	PF06362.16
PF06364.17	PF06364.17
PF06370.16	PF06370.16
PF06378.16	PF06378.16
PF06380.16	PF06380.16
PF06388.16	PF06388.16
PF06435.16	PF06435.16
PF06448.16	PF06448.16
PF06465.18	PF06465.18
PF06469.16	PF06469.16
PF06476.17	PF06476.17
PF06477.18	PF06477.18
PF06486.16	PF06486.16
PF06493.16	PF06493.16
PF06496.16	PF06496.16
PF06503.17	PF06503.17
PF06510.16	PF06510.16
PF06513.16	PF06513.16
PF06518.16	PF06518.16
PF06523.16	PF06523.16
PF06526.17	PF06526.17
PF06531.16	PF06531.16
PF06533.17	PF06533.17
PF06547.17	PF06547.17
PF06549.17	PF06549.17
PF06551.18	PF06551.18
PF06557.17	PF06557.17
PF06563.17	PF06563.17
PF06568.16	PF06568.16
PF06569.16	PF06569.16
PF06570.16	PF06570.16
PF06572.17	PF06572.17
PF06575.17	PF06575.17
PF06576.17	PF06576.17
PF06587.16	PF06587.16
PF06592.18	PF06592.18
PF06599.16	PF06599.16
PF06600.16	PF06600.16
PF06611.17	PF06611.17
PF06612.16	PF06612.16
PF06618.16	PF06618.16
PF06619.16	PF06619.16
PF06620.16	PF06620.16
PF06625.16	PF06625.16
PF06626.17	PF06626.17
PF06627.17	PF06627.17
PF06633.16	PF06633.16
PF06634.17	PF06634.17
PF06636.16	PF06636.16
PF06643.16	PF06643.16
PF01976.22	PF01976.22
PF06649.17	PF06649.17
PF06651.16	PF06651.16
PF06658.17	PF06658.17
PF06666.16	PF06666.16
PF06671.16	PF06671.16
PF06672.17	PF06672.17
PF06674.16	PF06674.16
PF06675.16	PF06675.16
PF06676.16	PF06676.16
PF06678.16	PF06678.16
PF16066.10	PF16066.10
PF16067.10	PF16067.10
PF04338.18	PF04338.18
PF16068.10	PF16068.10
PF16069.10	PF16069.10
PF16071.10	PF16071.10
PF16072.10	PF16072.10
PF16075.10	PF16075.10
PF16086.10	PF16086.10
PF16087.11	PF16087.11
PF16089.10	PF16089.10
PF16090.11	PF16090.11
PF16091.10	PF16091.10
PF16103.11	PF16103.11
PF16105.10	PF16105.10
PF16106.10	PF16106.10
PF16107.10	PF16107.10
PF16108.10	PF16108.10
PF16109.11	PF16109.11
PF16110.10	PF16110.10
PF16111.11	PF16111.11
PF04467.17	PF04467.17
PF16112.10	PF16112.10
PF16115.10	PF16115.10
PF16116.10	PF16116.10
PF16117.10	PF16117.10
PF16118.10	PF16118.10
PF16119.10	PF16119.10
PF16120.10	PF16120.10
PF16125.10	PF16125.10
PF16126.11	PF16126.11
PF16127.10	PF16127.10
PF04340.18	PF04340.18
PF16128.11	PF16128.11
PF16129.10	PF16129.10
PF16130.10	PF16130.10
PF16132.11	PF16132.11
PF16133.10	PF16133.10
PF16137.10	PF16137.10
PF16138.10	PF16138.10
PF16139.11	PF16139.11
PF16140.10	PF16140.10
PF04341.17	PF04341.17
PF16142.10	PF16142.10
PF16143.10	PF16143.10
PF16144.10	PF16144.10
PF16145.10	PF16145.10
PF16146.10	PF16146.10
PF16147.10	PF16147.10
PF16148.10	PF16148.10
PF16149.10	PF16149.10
PF16150.10	PF16150.10
PF16151.10	PF16151.10
PF16152.10	PF16152.10
PF16153.10	PF16153.10
PF16154.11	PF16154.11
PF16156.12	PF16156.12
PF16157.10	PF16157.10
PF16160.10	PF16160.10
PF16161.11	PF16161.11
PF16163.10	PF16163.10
PF09685.15	PF09685.15
PF16167.10	PF16167.10
PF16169.10	PF16169.10
PF16170.10	PF16170.10
PF16173.10	PF16173.10
PF16175.11	PF16175.11
PF16215.11	PF16215.11
PF12870.14	PF12870.14
PF16219.11	PF16219.11
PF04343.18	PF04343.18
PF04343.18	PF22752.1
PF04343.18	PF22751.1
PF16220.10	PF16220.10
PF16222.10	PF16222.10
PF16223.10	PF16223.10
PF16224.10	PF16224.10
PF16225.10	PF16225.10
PF16226.10	PF16226.10
PF16227.11	PF16227.11
PF16228.10	PF16228.10
PF16229.10	PF16229.10
PF16230.10	PF16230.10
PF04356.17	PF04356.17
PF16231.10	PF16231.10
PF16232.10	PF16232.10
PF16234.10	PF16234.10
PF16233.10	PF16233.10
PF16235.10	PF16235.10
PF16236.10	PF16236.10
PF16237.10	PF16237.10
PF16238.11	PF16238.11
PF16239.10	PF16239.10
PF16240.10	PF16240.10
PF16241.10	PF16241.10
PF16244.11	PF16244.11
PF16245.10	PF16245.10
PF16246.10	PF16246.10
PF16247.11	PF16247.11
PF16248.10	PF16248.10
PF18474.7	PF18474.7
PF18480.7	PF18480.7
PF18481.7	PF18481.7
PF18493.6	PF18493.6
PF18498.6	PF18498.6
PF18505.6	PF18505.6
PF04763.17	PF04763.17
PF18522.7	PF18522.7
PF18532.6	PF18532.6
PF18533.6	PF18533.6
PF18536.7	PF18536.7
PF18538.6	PF18538.6
PF18539.7	PF18539.7
PF18540.6	PF18540.6
PF18620.7	PF18620.7
PF18629.7	PF18629.7
PF18632.6	PF18632.6
PF18645.6	PF18645.6
PF18646.6	PF18646.6
PF18656.6	PF18656.6
PF18681.6	PF18681.6
PF18685.7	PF18685.7
PF18686.6	PF18686.6
PF18687.6	PF18687.6
PF18688.6	PF18688.6
PF18690.6	PF18690.6
PF18692.7	PF18692.7
PF06629.18	PF06629.18
PF09140.17	PF09140.17
PF02815.25	PF02815.25
PF05859.17	PF05859.17
PF08202.16	PF08202.16
PF08641.17	PF08641.17
PF10644.15	PF10644.15
PF15822.10	PF15822.10
PF11458.13	PF11458.13
PF04212.24	PF04212.24
PF15951.10	PF15951.10
PF13012.11	PF13012.11
PF11093.13	PF11093.13
PF09776.14	PF09776.14
PF18126.6	PF18126.6
PF09731.14	PF09731.14
PF08520.15	PF08520.15
PF10660.14	PF10660.14
PF05919.16	PF05919.16
PF00153.32	PF00153.32
PF06258.17	PF06258.17
PF05308.16	PF05308.16
PF14972.11	PF14972.11
PF24497.1	PF24497.1
PF16565.11	PF16565.11
PF10173.14	PF10173.14
PF17556.7	PF17556.7
PF08039.16	PF08039.16
PF11709.13	PF11709.13
PF14724.11	PF14724.11
PF18529.7	PF18529.7
PF09774.14	PF09774.14
PF25274.1	PF25274.1
PF09894.15	PF09894.15
PF21690.3	PF21690.3
PF04457.17	PF04457.17
PF22138.2	PF22138.2
PF23712.1	PF23712.1
PF16540.10	PF16540.10
PF03823.19	PF03823.19
PF06614.16	PF06614.16
PF10580.14	PF10580.14
PF07327.16	PF07327.16
PF14993.11	PF14993.11
PF15161.11	PF15161.11
PF12533.13	PF12533.13
PF02931.28	PF02931.28
PF02932.22	PF02932.22
PF24988.1	PF24988.1
PF21827.1	PF21827.1
PF16644.10	PF16644.10
PF08628.17	PF08628.17
PF11923.13	PF11923.13
PF05670.18	PF05670.18
PF18297.6	PF18297.6
PF05833.16	PF05833.16
PF23262.1	PF23262.1
PF01957.25	PF01957.25
PF25145.1	PF25145.1
PF24961.1	PF24961.1
PF10524.14	PF10524.14
PF21888.1	PF21888.1
PF13283.12	PF13283.12
PF14465.12	PF14465.12
PF08712.16	PF08712.16
PF00243.23	PF00243.23
PF22106.1	PF22106.1
PF09015.16	PF09015.16
PF22300.2	PF22300.2
PF08153.17	PF08153.17
PF08619.15	PF08619.15
PF06450.18	PF06450.18
PF02979.21	PF02979.21
PF02211.21	PF02211.21
PF21006.2	PF21006.2
PF01436.27	PF01436.27
PF08788.16	PF08788.16
PF15273.11	PF15273.11
PF16508.11	PF16508.11
PF04097.20	PF04097.20
PF05450.20	PF05450.20
PF15845.10	PF15845.10
PF07406.16	PF07406.16
PF03824.22	PF03824.22
PF07292.18	PF07292.18
PF06119.19	PF06119.19
PF03031.24	PF03031.24
PF07862.16	PF07862.16
PF11939.13	PF11939.13
PF00374.24	PF00374.24
PF17367.7	PF17367.7
PF14720.11	PF14720.11
PF04891.17	PF04891.17
PF06988.16	PF06988.16
PF01106.22	PF01106.22
PF01592.21	PF01592.21
PF03206.19	PF03206.19
PF04319.19	PF04319.19
PF17415.7	PF17415.7
PF12667.13	PF12667.13
PF22221.2	PF22221.2
PF21983.2	PF21983.2
PF08753.17	PF08753.17
PF09383.16	PF09383.16
PF05772.17	PF05772.17
PF17466.7	PF17466.7
PF05322.16	PF05322.16
PF05810.19	PF05810.19
PF05766.18	PF05766.18
PF04923.17	PF04923.17
PF12830.13	PF12830.13
PF07978.19	PF07978.19
PF08995.15	PF08995.15
PF01077.27	PF01077.27
PF03460.22	PF03460.22
PF19271.4	PF19271.4
PF08376.15	PF08376.15
PF02613.20	PF02613.20
PF02665.19	PF02665.19
PF18549.6	PF18549.6
PF18550.6	PF18550.6
PF11537.13	PF11537.13
PF02087.21	PF02087.21
PF00881.29	PF00881.29
PF02579.22	PF02579.22
PF14710.11	PF14710.11
PF09655.15	PF09655.15
PF14711.11	PF14711.11
PF10126.14	PF10126.14
PF01292.26	PF01292.26
PF01969.22	PF01969.22
PF15053.11	PF15053.11
PF05640.19	PF05640.19
PF15692.10	PF15692.10
PF06047.16	PF06047.16
PF10364.14	PF10364.14
PF05211.17	PF05211.17
PF08154.18	PF08154.18
PF01692.24	PF01692.24
PF00973.24	PF00973.24
PF02725.20	PF02725.20
PF01806.23	PF01806.23
PF14320.11	PF14320.11
PF13825.11	PF13825.11
PF03210.18	PF03210.18
PF01279.22	PF01279.22
PF24313.1	PF24313.1
PF08775.15	PF08775.15
PF24392.1	PF24392.1
PF02195.24	PF02195.24
PF08857.17	PF08857.17
PF18064.7	PF18064.7
PF23552.1	PF23552.1
PF10274.15	PF10274.15
PF09386.16	PF09386.16
PF07425.16	PF07425.16
PF03693.20	PF03693.20
PF11903.14	PF11903.14
PF15781.11	PF15781.11
PF06344.16	PF06344.16
PF05942.16	PF05942.16
PF07903.16	PF07903.16
PF07775.16	PF07775.16
PF24732.1	PF24732.1
PF05016.21	PF05016.21
PF09274.16	PF09274.16
PF05028.20	PF05028.20
PF10021.15	PF10021.15
PF20811.2	PF20811.2
PF17061.10	PF17061.10
PF21523.3	PF21523.3
PF00644.27	PF00644.27
PF02877.19	PF02877.19
PF01358.24	PF01358.24
PF15861.10	PF15861.10
PF00740.23	PF00740.23
PF01057.23	PF01057.23
PF03793.24	PF03793.24
PF13596.12	PF13596.12
PF14598.12	PF14598.12
PF18095.7	PF18095.7
PF24990.1	PF24990.1
PF08446.17	PF08446.17
PF08448.16	PF08448.16
PF07310.19	PF07310.19
PF08348.17	PF08348.17
PF12860.13	PF12860.13
PF13188.13	PF13188.13
PF13426.13	PF13426.13
PF13426.13	PF00989.32
PF13426.13	PF08447.18
PF21370.4	PF21370.4
PF21815.4	PF21815.4
PF09016.15	PF09016.15
PF09770.15	PF09770.15
PF01734.28	PF01734.28
PF18065.6	PF18065.6
PF18047.6	PF18047.6
PF09593.15	PF09593.15
PF19224.5	PF19224.5
PF12951.13	PF12951.13
PF22306.1	PF22306.1
PF04721.23	PF04721.23
PF00292.24	PF00292.24
PF12403.13	PF12403.13
PF12360.13	PF12360.13
PF03535.18	PF03535.18
PF15364.11	PF15364.11
PF05625.17	PF05625.17
PF24799.1	PF24799.1
PF15384.11	PF15384.11
PF02170.28	PF02170.28
PF12212.14	PF12212.14
PF18309.7	PF18309.7
PF18349.7	PF18349.7
PF05870.17	PF05870.17
PF20835.2	PF20835.2
PF00564.30	PF00564.30
PF11986.13	PF11986.13
PF21442.2	PF21442.2
PF21490.2	PF21490.2
PF24168.1	PF24168.1
PF05874.16	PF05874.16
PF03792.18	PF03792.18
PF08789.15	PF08789.15
PF00786.33	PF00786.33
PF04669.18	PF04669.18
PF18809.6	PF18809.6
PF18810.6	PF18810.6
PF18812.6	PF18812.6
PF18813.6	PF18813.6
PF18814.6	PF18814.6
PF01161.25	PF01161.25
PF14889.11	PF14889.11
PF14888.12	PF14888.12
PF14812.11	PF14812.11
PF22177.2	PF22177.2
PF06514.17	PF06514.17
PF07123.17	PF07123.17
PF06596.16	PF06596.16
PF06298.16	PF06298.16
PF07635.16	PF07635.16
PF07583.16	PF07583.16
PF07627.16	PF07627.16
PF07587.16	PF07587.16
PF22037.2	PF22037.2
PF07624.16	PF07624.16
PF07626.16	PF07626.16
PF07631.16	PF07631.16
PF07637.16	PF07637.16
PF12588.13	PF12588.13
PF01416.25	PF01416.25
PF00849.27	PF00849.27
PF24997.1	PF24997.1
PF25005.1	PF25005.1
PF22466.2	PF22466.2
PF14610.12	PF14610.12
PF07276.16	PF07276.16
PF01437.31	PF01437.31
PF06952.16	PF06952.16
PF06290.16	PF06290.16
PF06146.17	PF06146.17
PF07769.19	PF07769.19
PF00421.24	PF00421.24
PF14870.12	PF14870.12
PF13326.11	PF13326.11
PF18240.7	PF18240.7
PF05969.16	PF05969.16
PF00796.23	PF00796.23
PF17205.9	PF17205.9
PF24317.1	PF24317.1
PF24479.1	PF24479.1
PF02427.23	PF02427.23
PF02507.20	PF02507.20
PF03244.19	PF03244.19
PF01701.23	PF01701.23
PF01241.23	PF01241.23
PF06404.17	PF06404.17
PF07704.17	PF07704.17
PF22160.1	PF22160.1
PF22159.1	PF22159.1
PF17063.10	PF17063.10
PF05480.16	PF05480.16
PF22241.2	PF22241.2
PF19693.4	PF19693.4
PF11919.13	PF11919.13
PF04046.21	PF04046.21
PF04468.17	PF04468.17
PF05825.17	PF05825.17
PF22743.2	PF22743.2
PF22742.2	PF22742.2
PF04012.17	PF04012.17
PF06667.17	PF06667.17
PF04024.17	PF04024.17
PF04839.18	PF04839.18
PF03034.20	PF03034.20
PF22869.1	PF22869.1
PF07455.17	PF07455.17
PF20895.2	PF20895.2
PF22408.1	PF22408.1
PF22415.1	PF22415.1
PF22376.2	PF22376.2
PF16836.11	PF16836.11
PF02666.20	PF02666.20
PF04230.19	PF04230.19
PF04886.17	PF04886.17
PF07591.16	PF07591.16
PF14449.11	PF14449.11
PF04829.18	PF04829.18
PF20984.2	PF20984.2
PF06130.18	PF06130.18
PF12703.12	PF12703.12
PF11468.13	PF11468.13
PF01515.24	PF01515.24
PF08416.19	PF08416.19
PF12738.14	PF12738.14
PF15028.12	PF15028.12
PF02126.24	PF02126.24
PF22918.2	PF22918.2
PF10409.15	PF10409.15
PF14251.12	PF14251.12
PF01329.24	PF01329.24
PF00809.28	PF00809.28
PF01981.21	PF01981.21
PF23339.1	PF23339.1
PF14728.12	PF14728.12
PF23338.1	PF23338.1
PF23337.1	PF23337.1
PF21902.1	PF21902.1
PF21743.3	PF21743.3
PF16599.10	PF16599.10
PF01091.23	PF01091.23
PF05196.18	PF05196.18
PF22741.1	PF22741.1
PF22784.1	PF22784.1
PF17022.10	PF17022.10
PF03095.20	PF03095.20
PF16615.10	PF16615.10
PF16614.10	PF16614.10
PF01694.28	PF01694.28
PF20401.3	PF20401.3
PF12122.13	PF12122.13
PF22808.1	PF22808.1
PF08912.16	PF08912.16
PF02115.23	PF02115.23
PF07498.18	PF07498.18
PF07497.18	PF07497.18
PF03527.20	PF03527.20
PF07999.17	PF07999.17
PF20445.3	PF20445.3
PF05593.20	PF05593.20
PF00073.26	PF00073.26
PF22663.2	PF22663.2
PF13901.12	PF13901.12
PF08428.16	PF08428.16
PF08428.16	PF18957.6
PF05914.17	PF05914.17
PF01872.23	PF01872.23
PF04950.18	PF04950.18
PF00545.25	PF00545.25
PF00636.31	PF00636.31
PF00825.24	PF00825.24
PF00445.23	PF00445.23
PF11469.13	PF11469.13
PF14622.11	PF14622.11
PF06479.17	PF06479.17
PF01042.26	PF01042.26
PF08584.16	PF08584.16
PF08471.15	PF08471.15
PF02867.20	PF02867.20
PF00317.26	PF00317.26
PF00268.27	PF00268.27
PF04597.19	PF04597.19
PF05817.20	PF05817.20
PF23861.1	PF23861.1
PF23860.1	PF23860.1
PF25147.1	PF25147.1
PF00428.24	PF00428.24
PF22078.1	PF22078.1
PF00687.26	PF00687.26
PF00466.25	PF00466.25
PF00298.24	PF00298.24
PF03946.19	PF03946.19
PF00542.24	PF00542.24
PF16320.10	PF16320.10
PF00572.23	PF00572.23
PF01294.23	PF01294.23
PF00238.24	PF00238.24
PF01929.23	PF01929.23
PF00827.22	PF00827.22
PF00252.24	PF00252.24
PF01196.24	PF01196.24
PF17135.9	PF17135.9
PF01775.22	PF01775.22
PF00861.27	PF00861.27
PF14204.11	PF14204.11
PF01245.26	PF01245.26
PF01280.26	PF01280.26
PF25476.1	PF25476.1
PF00181.29	PF00181.29
PF00453.23	PF00453.23
PF01157.24	PF01157.24
PF00829.26	PF00829.26
PF00237.24	PF00237.24
PF01776.22	PF01776.22
PF00276.25	PF00276.25
PF03939.18	PF03939.18
PF17136.10	PF17136.10
PF01246.26	PF01246.26
PF01386.24	PF01386.24
PF16906.11	PF16906.11
PF01016.24	PF01016.24
PF00828.25	PF00828.25
PF01777.24	PF01777.24
PF18471.6	PF18471.6
PF00830.24	PF00830.24
PF01778.22	PF01778.22
PF00831.28	PF00831.28
PF01779.22	PF01779.22
PF03947.24	PF03947.24
PF00297.28	PF00297.28
PF00327.25	PF00327.25
PF08079.17	PF08079.17
PF01197.23	PF01197.23
PF01198.24	PF01198.24
PF01655.23	PF01655.23
PF01783.29	PF01783.29
PF00471.26	PF00471.26
PF00468.22	PF00468.22
PF01199.23	PF01199.23
PF01247.24	PF01247.24
PF01632.24	PF01632.24
PF00444.23	PF00444.23
PF01158.23	PF01158.23
PF08561.15	PF08561.15
PF01780.25	PF01780.25
PF01907.25	PF01907.25
PF06406.17	PF06406.17
PF09075.15	PF09075.15
PF12898.13	PF12898.13
PF20944.2	PF20944.2
PF17235.7	PF17235.7
PF02200.21	PF02200.21
PF02116.20	PF02116.20
PF02076.21	PF02076.21
PF11610.13	PF11610.13
PF12194.14	PF12194.14
PF12555.13	PF12555.13
PF17101.10	PF17101.10
PF11380.13	PF11380.13
PF17102.10	PF17102.10
PF17103.10	PF17103.10
PF03385.23	PF03385.23
PF21058.3	PF21058.3
PF03015.24	PF03015.24
PF02544.21	PF02544.21
PF12349.14	PF12349.14
PF12349.14	PF02460.24
PF08498.15	PF08498.15
PF17410.7	PF17410.7
PF15809.10	PF15809.10
PF17830.6	PF17830.6
PF04885.19	PF04885.19
PF15253.11	PF15253.11
PF12400.13	PF12400.13
PF13756.12	PF13756.12
PF15009.12	PF15009.12
PF23417.1	PF23417.1
PF11202.14	PF11202.14
PF09061.11	PF09061.11
PF22405.2	PF22405.2
PF08960.15	PF08960.15
PF21881.2	PF21881.2
PF21878.2	PF21878.2
PF21876.2	PF21876.2
PF21879.2	PF21879.2
PF10494.15	PF10494.15
PF11485.14	PF11485.14
PF21369.3	PF21369.3
PF09598.15	PF09598.15
PF07660.19	PF07660.19
PF10451.15	PF10451.15
PF09170.16	PF09170.16
PF12659.13	PF12659.13
PF12191.14	PF12191.14
PF16851.10	PF16851.10
PF11585.13	PF11585.13
PF12016.13	PF12016.13
PF21109.2	PF21109.2
PF10264.15	PF10264.15
PF16891.10	PF16891.10
PF21107.2	PF21107.2
PF06638.16	PF06638.16
PF04270.18	PF04270.18
PF14404.11	PF14404.11
PF06696.16	PF06696.16
PF01657.22	PF01657.22
PF08232.17	PF08232.17
PF10266.14	PF10266.14
PF03088.22	PF03088.22
PF02516.20	PF02516.20
PF21436.2	PF21436.2
PF18527.6	PF18527.6
PF21042.2	PF21042.2
PF21527.2	PF21527.2
PF09177.16	PF09177.16
PF17562.7	PF17562.7
PF24175.2	PF24175.2
PF17236.8	PF17236.8
PF23899.1	PF23899.1
PF18179.6	PF18179.6
PF03481.19	PF03481.19
PF01300.23	PF01300.23
PF18213.6	PF18213.6
PF19151.5	PF19151.5
PF24178.1	PF24178.1
PF11420.13	PF11420.13
PF13607.11	PF13607.11
PF02910.25	PF02910.25
PF06999.17	PF06999.17
PF09244.16	PF09244.16
PF02140.24	PF02140.24
PF05843.20	PF05843.20
PF01458.23	PF01458.23
PF19295.5	PF19295.5
PF02657.20	PF02657.20
PF05076.18	PF05076.18
PF12470.13	PF12470.13
PF04198.19	PF04198.19
PF11471.13	PF11471.13
PF00083.30	PF00083.30
PF06800.18	PF06800.18
PF01253.27	PF01253.27
PF16619.10	PF16619.10
PF14433.11	PF14433.11
PF14435.11	PF14435.11
PF14567.11	PF14567.11
PF10474.15	PF10474.15
PF25035.1	PF25035.1
PF15290.11	PF15290.11
PF00804.31	PF00804.31
PF10496.14	PF10496.14
PF11416.13	PF11416.13
PF14523.12	PF14523.12
PF11421.13	PF11421.13
PF23012.2	PF23012.2
PF01387.22	PF01387.22
PF11089.13	PF11089.13
PF09801.14	PF09801.14
PF22421.1	PF22421.1
PF01023.25	PF01023.25
PF18159.6	PF18159.6
PF05124.17	PF05124.17
PF05123.17	PF05123.17
PF00954.25	PF00954.25
PF14928.11	PF14928.11
PF00907.27	PF00907.27
PF16176.10	PF16176.10
PF11867.13	PF11867.13
PF22679.2	PF22679.2
PF22092.2	PF22092.2
PF22265.2	PF22265.2
PF13629.12	PF13629.12
PF16537.11	PF16537.11
PF11356.14	PF11356.14
PF00437.27	PF00437.27
PF00482.28	PF00482.28
PF08334.16	PF08334.16
PF02501.22	PF02501.22
PF11612.13	PF11612.13
PF03934.19	PF03934.19
PF21687.3	PF21687.3
PF05134.19	PF05134.19
PF04612.17	PF04612.17
PF10741.14	PF10741.14
PF01203.25	PF01203.25
PF12528.13	PF12528.13
PF16549.10	PF16549.10
PF09691.15	PF09691.15
PF18273.6	PF18273.6
PF11439.13	PF11439.13
PF16535.10	PF16535.10
PF18269.6	PF18269.6
PF17001.10	PF17001.10
PF22342.1	PF22342.1
PF18286.6	PF18286.6
PF16937.10	PF16937.10
PF13327.11	PF13327.11
PF08988.15	PF08988.15
PF09392.15	PF09392.15
PF09025.15	PF09025.15
PF06416.18	PF06416.18
PF06635.17	PF06635.17
PF06511.16	PF06511.16
PF21304.2	PF21304.2
PF09198.16	PF09198.16
PF16724.11	PF16724.11
PF12293.13	PF12293.13
PF11393.14	PF11393.14
PF12608.13	PF12608.13
PF05567.17	PF05567.17
PF07996.16	PF07996.16
PF02534.20	PF02534.20
PF16943.10	PF16943.10
PF18895.5	PF18895.5
PF16932.10	PF16932.10
PF12322.14	PF12322.14
PF24050.1	PF24050.1
PF00837.23	PF00837.23
PF08994.15	PF08994.15
PF08993.15	PF08993.15
PF23618.1	PF23618.1
PF07880.17	PF07880.17
PF24070.1	PF24070.1
PF11649.13	PF11649.13
PF24210.1	PF24210.1
PF20819.2	PF20819.2
PF18043.6	PF18043.6
PF11091.14	PF11091.14
PF21134.2	PF21134.2
PF24448.1	PF24448.1
PF24449.1	PF24449.1
PF21141.3	PF21141.3
PF18572.7	PF18572.7
PF12790.13	PF12790.13
PF20232.3	PF20232.3
PF05638.18	PF05638.18
PF08906.16	PF08906.16
PF21576.2	PF21576.2
PF22137.1	PF22137.1
PF09994.14	PF09994.14
PF22115.1	PF22115.1
PF22120.2	PF22120.2
PF21643.2	PF21643.2
PF05947.17	PF05947.17
PF06996.16	PF06996.16
PF22778.2	PF22778.2
PF17897.7	PF17897.7
PF15231.11	PF15231.11
PF08476.15	PF08476.15
PF07137.17	PF07137.17
PF09733.14	PF09733.14
PF06257.17	PF06257.17
PF21339.3	PF21339.3
PF17988.6	PF17988.6
PF22854.2	PF22854.2
PF14554.11	PF14554.11
PF24700.1	PF24700.1
PF12107.13	PF12107.13
PF10339.14	PF10339.14
PF11754.14	PF11754.14
PF11386.13	PF11386.13
PF25272.1	PF25272.1
PF06546.16	PF06546.16
PF06529.16	PF06529.16
PF12785.12	PF12785.12
PF06326.17	PF06326.17
PF05332.16	PF05332.16
PF15505.12	PF15505.12
PF12632.12	PF12632.12
PF09905.14	PF09905.14
PF08432.15	PF08432.15
PF25310.1	PF25310.1
PF24684.1	PF24684.1
PF08473.17	PF08473.17
PF12052.13	PF12052.13
PF15245.11	PF15245.11
PF16799.10	PF16799.10
PF07545.19	PF07545.19
PF01847.22	PF01847.22
PF17211.8	PF17211.8
PF02209.24	PF02209.24
PF04001.18	PF04001.18
PF00790.25	PF00790.25
PF04702.17	PF04702.17
PF22364.1	PF22364.1
PF08553.16	PF08553.16
PF17748.7	PF17748.7
PF17747.7	PF17747.7
PF00559.22	PF00559.22
PF14773.11	PF14773.11
PF23380.1	PF23380.1
PF01044.25	PF01044.25
PF21124.2	PF21124.2
PF14623.11	PF14623.11
PF18234.7	PF18234.7
PF12495.13	PF12495.13
PF05943.17	PF05943.17
PF18945.5	PF18945.5
PF22140.1	PF22140.1
PF20876.2	PF20876.2
PF22575.2	PF22575.2
PF01771.23	PF01771.23
PF04530.17	PF04530.17
PF00729.24	PF00729.24
PF08008.17	PF08008.17
PF02236.22	PF02236.22
PF00747.22	PF00747.22
PF03728.18	PF03728.18
PF11050.13	PF11050.13
PF01443.24	PF01443.24
PF03225.19	PF03225.19
PF05515.16	PF05515.16
PF04521.18	PF04521.18
PF02407.22	PF02407.22
PF12187.14	PF12187.14
PF05101.18	PF05101.18
PF17413.7	PF17413.7
PF04335.19	PF04335.19
PF07015.17	PF07015.17
PF07181.17	PF07181.17
PF07328.17	PF07328.17
PF09266.15	PF09266.15
PF12189.13	PF12189.13
PF07229.18	PF07229.18
PF06661.16	PF06661.16
PF11653.13	PF11653.13
PF06057.17	PF06057.17
PF06903.17	PF06903.17
PF13769.11	PF13769.11
PF13310.11	PF13310.11
PF10139.14	PF10139.14
PF03631.20	PF03631.20
PF10400.15	PF10400.15
PF15912.10	PF15912.10
PF08487.16	PF08487.16
PF01988.24	PF01988.24
PF09164.15	PF09164.15
PF10542.14	PF10542.14
PF01347.28	PF01347.28
PF02621.19	PF02621.19
PF13757.12	PF13757.12
PF09175.15	PF09175.15
PF09172.16	PF09172.16
PF22777.1	PF22777.1
PF07884.19	PF07884.19
PF08910.15	PF08910.15
PF18158.6	PF18158.6
PF21008.3	PF21008.3
PF14962.11	PF14962.11
PF14721.12	PF14721.12
PF04548.22	PF04548.22
PF13772.11	PF13772.11
PF06316.17	PF06316.17
PF10315.14	PF10315.14
PF11489.13	PF11489.13
PF01987.23	PF01987.23
PF17096.10	PF17096.10
PF25459.1	PF25459.1
PF17050.10	PF17050.10
PF21568.3	PF21568.3
PF16780.10	PF16780.10
PF22871.2	PF22871.2
PF03915.18	PF03915.18
PF23153.1	PF23153.1
PF10592.14	PF10592.14
PF22879.1	PF22879.1
PF21759.2	PF21759.2
PF00731.26	PF00731.26
PF00586.29	PF00586.29
PF02769.27	PF02769.27
PF15298.11	PF15298.11
PF14469.11	PF14469.11
PF15304.11	PF15304.11
PF10469.15	PF10469.15
PF10470.14	PF10470.14
PF04988.17	PF04988.17
PF05716.18	PF05716.18
PF12443.13	PF12443.13
PF00490.27	PF00490.27
PF01262.27	PF01262.27
PF05222.21	PF05222.21
PF06610.18	PF06610.18
PF11839.13	PF11839.13
PF00842.27	PF00842.27
PF01168.26	PF01168.26
PF09135.16	PF09135.16
PF01918.26	PF01918.26
PF08027.17	PF08027.17
PF16720.10	PF16720.10
PF17527.7	PF17527.7
PF11606.14	PF11606.14
PF00171.27	PF00171.27
PF01081.25	PF01081.25
PF00596.26	PF00596.26
PF01263.26	PF01263.26
PF00248.27	PF00248.27
PF11266.14	PF11266.14
PF01315.27	PF01315.27
PF23180.1	PF23180.1
PF03752.18	PF03752.18
PF12165.13	PF12165.13
PF15924.11	PF15924.11
PF08660.17	PF08660.17
PF22686.1	PF22686.1
PF05208.19	PF05208.19
PF03155.21	PF03155.21
PF11182.14	PF11182.14
PF13372.12	PF13372.12
PF05426.18	PF05426.18
PF08787.18	PF08787.18
PF16822.11	PF16822.11
PF13949.11	PF13949.11
PF06029.17	PF06029.17
PF09004.15	PF09004.15
PF15129.11	PF15129.11
PF14864.11	PF14864.11
PF14863.12	PF14863.12
PF06224.18	PF06224.18
PF24741.1	PF24741.1
PF12810.13	PF12810.13
PF00245.25	PF00245.25
PF03561.21	PF03561.21
PF05953.17	PF05953.17
PF06351.16	PF06351.16
PF25312.1	PF25312.1
PF05549.16	PF05549.16
PF06545.17	PF06545.17
PF11392.14	PF11392.14
PF04864.19	PF04864.19
PF15309.11	PF15309.11
PF18727.6	PF18727.6
PF11744.14	PF11744.14
PF17696.6	PF17696.6
PF24890.1	PF24890.1
PF04030.19	PF04030.19
PF04852.17	PF04852.17
PF22128.2	PF22128.2
PF06401.16	PF06401.16
PF06400.16	PF06400.16
PF00128.31	PF00128.31
PF02806.24	PF02806.24
PF22026.2	PF22026.2
PF02903.20	PF02903.20
PF09071.16	PF09071.16
PF07821.18	PF07821.18
PF07143.17	PF07143.17
PF18927.5	PF18927.5
PF01147.22	PF01147.22
PF03858.18	PF03858.18
PF17997.7	PF17997.7
PF21463.3	PF21463.3
PF07029.16	PF07029.16
PF12546.13	PF12546.13
PF00030.24	PF00030.24
PF00525.23	PF00525.23
PF09076.15	PF09076.15
PF08964.15	PF08964.15
PF17945.6	PF17945.6
PF22812.1	PF22812.1
PF04969.22	PF04969.22
PF06023.18	PF06023.18
PF22662.2	PF22662.2
PF21681.2	PF21681.2
PF22512.1	PF22512.1
PF05532.17	PF05532.17
PF18320.6	PF18320.6
PF00313.28	PF00313.28
PF18059.6	PF18059.6
PF19425.4	PF19425.4
PF22401.1	PF22401.1
PF23456.1	PF23456.1
PF23163.1	PF23163.1
PF08506.16	PF08506.16
PF05337.16	PF05337.16
PF25038.1	PF25038.1
PF21678.4	PF21678.4
PF16965.11	PF16965.11
PF17334.7	PF17334.7
PF10627.14	PF10627.14
PF10614.14	PF10614.14
PF03783.19	PF03783.19
PF21112.3	PF21112.3
PF18651.6	PF18651.6
PF19076.6	PF19076.6
PF08943.16	PF08943.16
PF10972.13	PF10972.13
PF21551.2	PF21551.2
PF24429.1	PF24429.1
PF12539.13	PF12539.13
PF18211.6	PF18211.6
PF18504.6	PF18504.6
PF16834.11	PF16834.11
PF03750.18	PF03750.18
PF17953.6	PF17953.6
PF22205.1	PF22205.1
PF21151.2	PF21151.2
PF21215.2	PF21215.2
PF18420.7	PF18420.7
PF18323.6	PF18323.6
PF18392.6	PF18392.6
PF22061.2	PF22061.2
PF10075.15	PF10075.15
PF12288.13	PF12288.13
PF08936.15	PF08936.15
PF20686.2	PF20686.2
PF20687.2	PF20687.2
PF18425.6	PF18425.6
PF24578.1	PF24578.1
PF02599.21	PF02599.21
PF16019.10	PF16019.10
PF12792.12	PF12792.12
PF16831.10	PF16831.10
PF20982.2	PF20982.2
PF06002.17	PF06002.17
PF02554.20	PF02554.20
PF16699.10	PF16699.10
PF14327.11	PF14327.11
PF14304.11	PF14304.11
PF21069.2	PF21069.2
PF22230.1	PF22230.1
PF09455.15	PF09455.15
PF23602.1	PF23602.1
PF24683.1	PF24683.1
PF22087.1	PF22087.1
PF24481.2	PF24481.2
PF15623.11	PF15623.11
PF04442.19	PF04442.19
PF15489.11	PF15489.11
PF15491.11	PF15491.11
PF12815.12	PF12815.12
PF20276.3	PF20276.3
PF20275.3	PF20275.3
PF20277.3	PF20277.3
PF20279.3	PF20279.3
PF20278.3	PF20278.3
PF20395.3	PF20395.3
PF20280.3	PF20280.3
PF20281.3	PF20281.3
PF20282.3	PF20282.3
PF20283.3	PF20283.3
PF20284.3	PF20284.3
PF20285.3	PF20285.3
PF13959.11	PF13959.11
PF23119.1	PF23119.1
PF25398.1	PF25398.1
PF01179.26	PF01179.26
PF07833.16	PF07833.16
PF02727.21	PF02727.21
PF02728.21	PF02728.21
PF18252.6	PF18252.6
PF02298.23	PF02298.23
PF21191.3	PF21191.3
PF21543.3	PF21543.3
PF17783.7	PF17783.7
PF08881.15	PF08881.15
PF21617.2	PF21617.2
PF12542.13	PF12542.13
PF08315.17	PF08315.17
PF08312.17	PF08312.17
PF04677.20	PF04677.20
PF04676.19	PF04676.19
PF04889.17	PF04889.17
PF21465.2	PF21465.2
PF22093.1	PF22093.1
PF22135.1	PF22135.1
PF10814.13	PF10814.13
PF08230.16	PF08230.16
PF04122.17	PF04122.17
PF01705.24	PF01705.24
PF16860.10	PF16860.10
PF18802.6	PF18802.6
PF18803.6	PF18803.6
PF18804.6	PF18804.6
PF18717.6	PF18717.6
PF18718.6	PF18718.6
PF18721.6	PF18721.6
PF18866.6	PF18866.6
PF20902.2	PF20902.2
PF15211.11	PF15211.11
PF12109.13	PF12109.13
PF03128.19	PF03128.19
PF03692.20	PF03692.20
PF05907.18	PF05907.18
PF21187.2	PF21187.2
PF02560.19	PF02560.19
PF18921.5	PF18921.5
PF20712.2	PF20712.2
PF15169.12	PF15169.12
PF05328.17	PF05328.17
PF10438.15	PF10438.15
PF09087.17	PF09087.17
PF04199.19	PF04199.19
PF04673.18	PF04673.18
PF04673.18	PF04486.18
PF08613.16	PF08613.16
PF02984.24	PF02984.24
PF16899.10	PF16899.10
PF12014.13	PF12014.13
PF00134.28	PF00134.28
PF16500.10	PF16500.10
PF18050.6	PF18050.6
PF18050.6	PF04126.18
PF03784.18	PF03784.18
PF21797.2	PF21797.2
PF22282.1	PF22282.1
PF09600.15	PF09600.15
PF16607.10	PF16607.10
PF15241.11	PF15241.11
PF16941.11	PF16941.11
PF21291.3	PF21291.3
PF21329.2	PF21329.2
PF06646.16	PF06646.16
PF23018.2	PF23018.2
PF05865.16	PF05865.16
PF07159.17	PF07159.17
PF18701.6	PF18701.6
PF18702.7	PF18702.7
PF18705.7	PF18705.7
PF18712.6	PF18712.6
PF18713.7	PF18713.7
PF18881.5	PF18881.5
PF18882.5	PF18882.5
PF18885.6	PF18885.6
PF18886.6	PF18886.6
PF04483.17	PF04483.17
PF18888.5	PF18888.5
PF18892.5	PF18892.5
PF18893.5	PF18893.5
PF18898.5	PF18898.5
PF18899.5	PF18899.5
PF18900.5	PF18900.5
PF18901.5	PF18901.5
PF18902.5	PF18902.5
PF18903.5	PF18903.5
PF18904.5	PF18904.5
PF18905.5	PF18905.5
PF18907.5	PF18907.5
PF18908.5	PF18908.5
PF18910.5	PF18910.5
PF18914.6	PF18914.6
PF18915.5	PF18915.5
PF18918.5	PF18918.5
PF18919.5	PF18919.5
PF18920.5	PF18920.5
PF18922.5	PF18922.5
PF18923.6	PF18923.6
PF18924.5	PF18924.5
PF18925.5	PF18925.5
PF18926.5	PF18926.5
PF18928.5	PF18928.5
PF18929.5	PF18929.5
PF18930.5	PF18930.5
PF04526.18	PF04526.18
PF18931.5	PF18931.5
PF18932.5	PF18932.5
PF18934.5	PF18934.5
PF18935.5	PF18935.5
PF18936.5	PF18936.5
PF18937.5	PF18937.5
PF18939.6	PF18939.6
PF18940.5	PF18940.5
PF18941.5	PF18941.5
PF18942.5	PF18942.5
PF04601.19	PF04601.19
PF18943.6	PF18943.6
PF18944.6	PF18944.6
PF18948.5	PF18948.5
PF18949.5	PF18949.5
PF18950.5	PF18950.5
PF18951.5	PF18951.5
PF18952.6	PF18952.6
PF18954.5	PF18954.5
PF18955.5	PF18955.5
PF18956.5	PF18956.5
PF04489.18	PF04489.18
PF18958.6	PF18958.6
PF18959.5	PF18959.5
PF18960.5	PF18960.5
PF18963.5	PF18963.5
PF18961.6	PF18961.6
PF18964.5	PF18964.5
PF18968.5	PF18968.5
PF18969.5	PF18969.5
PF18970.5	PF18970.5
PF18974.5	PF18974.5
PF18975.6	PF18975.6
PF18976.5	PF18976.5
PF18977.5	PF18977.5
PF23837.1	PF23837.1
PF23838.1	PF23838.1
PF23839.1	PF23839.1
PF23843.2	PF23843.2
PF23847.1	PF23847.1
PF23848.1	PF23848.1
PF23850.1	PF23850.1
PF23851.1	PF23851.1
PF23852.1	PF23852.1
PF23853.1	PF23853.1
PF23854.1	PF23854.1
PF23855.1	PF23855.1
PF23856.1	PF23856.1
PF05263.17	PF05263.17
PF23858.1	PF23858.1
PF23859.1	PF23859.1
PF23864.1	PF23864.1
PF23865.1	PF23865.1
PF23866.1	PF23866.1
PF23870.1	PF23870.1
PF23871.1	PF23871.1
PF23872.1	PF23872.1
PF23873.1	PF23873.1
PF23875.1	PF23875.1
PF05265.19	PF05265.19
PF23876.1	PF23876.1
PF23877.1	PF23877.1
PF23879.1	PF23879.1
PF23880.1	PF23880.1
PF23881.1	PF23881.1
PF23882.1	PF23882.1
PF23883.1	PF23883.1
PF23884.1	PF23884.1
PF23885.1	PF23885.1
PF23886.1	PF23886.1
PF05266.19	PF05266.19
PF23888.1	PF23888.1
PF23889.1	PF23889.1
PF23890.1	PF23890.1
PF23891.1	PF23891.1
PF23896.1	PF23896.1
PF23897.1	PF23897.1
PF23904.1	PF23904.1
PF23905.1	PF23905.1
PF23906.1	PF23906.1
PF23907.1	PF23907.1
PF05267.17	PF05267.17
PF23908.1	PF23908.1
PF23909.1	PF23909.1
PF23910.1	PF23910.1
PF23911.1	PF23911.1
PF23912.1	PF23912.1
PF23913.1	PF23913.1
PF23917.1	PF23917.1
PF23918.1	PF23918.1
PF23919.1	PF23919.1
PF23920.1	PF23920.1
PF05277.18	PF05277.18
PF23921.1	PF23921.1
PF23922.1	PF23922.1
PF23923.1	PF23923.1
PF23924.1	PF23924.1
PF23927.1	PF23927.1
PF23928.1	PF23928.1
PF23929.1	PF23929.1
PF23930.1	PF23930.1
PF23933.1	PF23933.1
PF23934.1	PF23934.1
PF23935.1	PF23935.1
PF23937.1	PF23937.1
PF23938.1	PF23938.1
PF23939.1	PF23939.1
PF23940.1	PF23940.1
PF23941.1	PF23941.1
PF23942.1	PF23942.1
PF23944.1	PF23944.1
PF23945.1	PF23945.1
PF05304.18	PF05304.18
PF23946.1	PF23946.1
PF23947.1	PF23947.1
PF23951.1	PF23951.1
PF23954.1	PF23954.1
PF23955.1	PF23955.1
PF23956.1	PF23956.1
PF23957.1	PF23957.1
PF23958.1	PF23958.1
PF23959.1	PF23959.1
PF23960.2	PF23960.2
PF23962.1	PF23962.1
PF23963.1	PF23963.1
PF23964.1	PF23964.1
PF23965.1	PF23965.1
PF23966.1	PF23966.1
PF23967.1	PF23967.1
PF23969.1	PF23969.1
PF23970.1	PF23970.1
PF23972.1	PF23972.1
PF23973.1	PF23973.1
PF05325.16	PF05325.16
PF23974.1	PF23974.1
PF13764.11	PF13764.11
PF18091.7	PF18091.7
PF19423.4	PF19423.4
PF09743.14	PF09743.14
PF00518.22	PF00518.22
PF00527.23	PF00527.23
PF17467.7	PF17467.7
PF12180.13	PF12180.13
PF19953.4	PF19953.4
PF19955.5	PF19955.5
PF19954.5	PF19954.5
PF19964.5	PF19964.5
PF19956.5	PF19956.5
PF19959.4	PF19959.4
PF19957.5	PF19957.5
PF19958.5	PF19958.5
PF19960.5	PF19960.5
PF19961.5	PF19961.5
PF19962.4	PF19962.4
PF13935.11	PF13935.11
PF09816.14	PF09816.14
PF07904.18	PF07904.18
PF16713.10	PF16713.10
PF00563.25	PF00563.25
PF00892.27	PF00892.27
PF20566.3	PF20566.3
PF04157.22	PF04157.22
PF10238.14	PF10238.14
PF07897.16	PF07897.16
PF07381.18	PF07381.18
PF10093.14	PF10093.14
PF22354.1	PF22354.1
PF15981.10	PF15981.10
PF01309.23	PF01309.23
PF01683.23	PF01683.23
PF03271.22	PF03271.22
PF05937.16	PF05937.16
PF11556.13	PF11556.13
PF22307.1	PF22307.1
PF05505.17	PF05505.17
PF05241.17	PF05241.17
PF21204.3	PF21204.3
PF05890.17	PF05890.17
PF09007.17	PF09007.17
PF17255.8	PF17255.8
PF02905.19	PF02905.19
PF05009.17	PF05009.17
PF09459.16	PF09459.16
PF18740.7	PF18740.7
PF19053.5	PF19053.5
PF11203.13	PF11203.13
PF18432.7	PF18432.7
PF07155.17	PF07155.17
PF12822.12	PF12822.12
PF00378.25	PF00378.25
PF16113.10	PF16113.10
PF13699.11	PF13699.11
PF02958.26	PF02958.26
PF12855.12	PF12855.12
PF04736.17	PF04736.17
PF05782.16	PF05782.16
PF21203.3	PF21203.3
PF15463.11	PF15463.11
PF13001.13	PF13001.13
PF12454.13	PF12454.13
PF07669.17	PF07669.17
PF08463.15	PF08463.15
PF12008.13	PF12008.13
PF02963.22	PF02963.22
PF09019.17	PF09019.17
PF09217.15	PF09217.15
PF13651.11	PF13651.11
PF03974.18	PF03974.18
PF18649.7	PF18649.7
PF15137.11	PF15137.11
PF14382.12	PF14382.12
PF22625.2	PF22625.2
PF05975.17	PF05975.17
PF12787.12	PF12787.12
PF15820.10	PF15820.10
PF14784.11	PF14784.11
PF06239.17	PF06239.17
PF21243.3	PF21243.3
PF21242.3	PF21242.3
PF06457.16	PF06457.16
PF08917.16	PF08917.16
PF06339.18	PF06339.18
PF16598.10	PF16598.10
PF21289.3	PF21289.3
PF14381.12	PF14381.12
PF07059.17	PF07059.17
PF22910.1	PF22910.1
PF23788.1	PF23788.1
PF18117.6	PF18117.6
PF21131.3	PF21131.3
PF15863.10	PF15863.10
PF22447.2	PF22447.2
PF10587.14	PF10587.14
PF07299.16	PF07299.16
PF22042.2	PF22042.2
PF15854.10	PF15854.10
PF10192.15	PF10192.15
PF01184.24	PF01184.24
PF11970.14	PF11970.14
PF01825.27	PF01825.27
PF15784.10	PF15784.10
PF11359.13	PF11359.13
PF02831.20	PF02831.20
PF04965.19	PF04965.19
PF02800.25	PF02800.25
PF00044.30	PF00044.30
PF11668.13	PF11668.13
PF05084.19	PF05084.19
PF10375.14	PF10375.14
PF02893.26	PF02893.26
PF16569.11	PF16569.11
PF16555.11	PF16555.11
PF16570.11	PF16570.11
PF00746.26	PF00746.26
PF01271.22	PF01271.22
PF00396.23	PF00396.23
PF03514.20	PF03514.20
PF04495.20	PF04495.20
PF04723.20	PF04723.20
PF07355.17	PF07355.17
PF07173.17	PF07173.17
PF25335.1	PF25335.1
PF01272.25	PF01272.25
PF03449.20	PF03449.20
PF20688.2	PF20688.2
PF20267.3	PF20267.3
PF15782.10	PF15782.10
PF11034.13	PF11034.13
PF25416.1	PF25416.1
PF06212.17	PF06212.17
PF15235.11	PF15235.11
PF01465.25	PF01465.25
PF16518.11	PF16518.11
PF04155.23	PF04155.23
PF07172.16	PF07172.16
PF16984.11	PF16984.11
PF04229.20	PF04229.20
PF01025.24	PF01025.24
PF23733.2	PF23733.2
PF07919.17	PF07919.17
PF12742.12	PF12742.12
PF14959.11	PF14959.11
PF08885.17	PF08885.17
PF07995.17	PF07995.17
PF11055.13	PF11055.13
PF07803.16	PF07803.16
PF02955.21	PF02955.21
PF02951.20	PF02951.20
PF08886.16	PF08886.16
PF00255.25	PF00255.25
PF03199.21	PF03199.21
PF03917.23	PF03917.23
PF12437.13	PF12437.13
PF05350.17	PF05350.17
PF05303.17	PF05303.17
PF21327.3	PF21327.3
PF20164.4	PF20164.4
PF22341.1	PF22341.1
PF12019.13	PF12019.13
PF12693.12	PF12693.12
PF03738.19	PF03738.19
PF00043.30	PF00043.30
PF00043.30	PF14497.11
PF13410.11	PF13410.11
PF14834.11	PF14834.11
PF16865.10	PF16865.10
PF17171.9	PF17171.9
PF22041.1	PF22041.1
PF22119.1	PF22119.1
PF13417.12	PF13417.12
PF13417.12	PF02798.26
PF13417.12	PF13409.12
PF17172.10	PF17172.10
PF18485.7	PF18485.7
PF09698.15	PF09698.15
PF00862.26	PF00862.26
PF11847.13	PF11847.13
PF08759.17	PF08759.17
PF22882.2	PF22882.2
PF20706.3	PF20706.3
PF09594.16	PF09594.16
PF20978.2	PF20978.2
PF16335.10	PF16335.10
PF11351.13	PF11351.13
PF13547.12	PF13547.12
PF02946.19	PF02946.19
PF22145.1	PF22145.1
PF22192.2	PF22192.2
PF09729.15	PF09729.15
PF16360.10	PF16360.10
PF13167.11	PF13167.11
PF22594.2	PF22594.2
PF01018.28	PF01018.28
PF09027.15	PF09027.15
PF12471.13	PF12471.13
PF00183.23	PF00183.23
PF04119.17	PF04119.17
PF03172.18	PF03172.18
PF12149.13	PF12149.13
PF04213.18	PF04213.18
PF11534.13	PF11534.13
PF00126.33	PF00126.33
PF04967.18	PF04967.18
PF08279.18	PF08279.18
PF08461.16	PF08461.16
PF11972.14	PF11972.14
PF12324.14	PF12324.14
PF12645.13	PF12645.13
PF12728.13	PF12728.13
PF12833.13	PF12833.13
PF13276.12	PF13276.12
PF13309.12	PF13309.12
PF13384.12	PF13384.12
PF13384.12	PF13518.12
PF13413.12	PF13413.12
PF13463.12	PF13463.12
PF13551.12	PF13551.12
PF01381.28	PF01381.28
PF01381.28	PF13443.12
PF13556.12	PF13556.12
PF13560.12	PF13560.12
PF13560.12	PF12844.13
PF13565.12	PF13565.12
PF13592.12	PF13592.12
PF13601.12	PF13601.12
PF13693.12	PF13693.12
PF13730.12	PF13730.12
PF13744.12	PF13744.12
PF13936.12	PF13936.12
PF14090.12	PF14090.12
PF14493.12	PF14493.12
PF14502.12	PF14502.12
PF09904.15	PF09904.15
PF14641.11	PF14641.11
PF14947.12	PF14947.12
PF15977.11	PF15977.11
PF16221.11	PF16221.11
PF17906.7	PF17906.7
PF18010.7	PF18010.7
PF01022.26	PF01022.26
PF01022.26	PF12840.13
PF18024.7	PF18024.7
PF18558.7	PF18558.7
PF18576.7	PF18576.7
PF18606.7	PF18606.7
PF18607.7	PF18607.7
PF18622.7	PF18622.7
PF18662.7	PF18662.7
PF18679.7	PF18679.7
PF19575.5	PF19575.5
PF20038.5	PF20038.5
PF01418.23	PF01418.23
PF20317.4	PF20317.4
PF20470.4	PF20470.4
PF20552.4	PF20552.4
PF20575.4	PF20575.4
PF20714.3	PF20714.3
PF21320.3	PF21320.3
PF21321.3	PF21321.3
PF21863.2	PF21863.2
PF22943.2	PF22943.2
PF22979.2	PF22979.2
PF02796.21	PF02796.21
PF23671.1	PF23671.1
PF23737.1	PF23737.1
PF23739.1	PF23739.1
PF24718.1	PF24718.1
PF25370.1	PF25370.1
PF02954.25	PF02954.25
PF08221.17	PF08221.17
PF22324.2	PF22324.2
PF22495.2	PF22495.2
PF24913.1	PF24913.1
PF18107.7	PF18107.7
PF00165.29	PF00165.29
PF13404.12	PF13404.12
PF13404.12	PF13412.12
PF13404.12	PF22451.2
PF23401.1	PF23401.1
PF23588.3	PF23588.3
PF23078.2	PF23078.2
PF24270.1	PF24270.1
PF08222.17	PF08222.17
PF13545.12	PF13545.12
PF08220.18	PF08220.18
PF23302.1	PF23302.1
PF24266.1	PF24266.1
PF09339.16	PF09339.16
PF23081.1	PF23081.1
PF24901.1	PF24901.1
PF08280.17	PF08280.17
PF17007.11	PF17007.11
PF24426.1	PF24426.1
PF23079.1	PF23079.1
PF24064.2	PF24064.2
PF25469.1	PF25469.1
PF11765.13	PF11765.13
PF09509.15	PF09509.15
PF15789.10	PF15789.10
PF23237.1	PF23237.1
PF18582.6	PF18582.6
PF09458.16	PF09458.16
PF03030.21	PF03030.21
PF24215.1	PF24215.1
PF18372.7	PF18372.7
PF22083.2	PF22083.2
PF07679.22	PF07679.22
PF20987.3	PF20987.3
PF22635.1	PF22635.1
PF06776.18	PF06776.18
PF04568.17	PF04568.17
PF11924.14	PF11924.14
PF01749.26	PF01749.26
PF10416.15	PF10416.15
PF22859.1	PF22859.1
PF03810.25	PF03810.25
PF11422.13	PF11422.13
PF01485.27	PF01485.27
PF22191.2	PF22191.2
PF22605.2	PF22605.2
PF13956.11	PF13956.11
PF03617.18	PF03617.18
PF03622.19	PF03622.19
PF03620.19	PF03620.19
PF04629.19	PF04629.19
PF21146.3	PF21146.3
PF03921.20	PF03921.20
PF10480.15	PF10480.15
PF06384.16	PF06384.16
PF08426.15	PF08426.15
PF05315.17	PF05315.17
PF05862.16	PF05862.16
PF11999.13	PF11999.13
PF00818.23	PF00818.23
PF00463.27	PF00463.27
PF01614.24	PF01614.24
PF06761.17	PF06761.17
PF14331.11	PF14331.11
PF06744.18	PF06744.18
PF21070.2	PF21070.2
PF20863.2	PF20863.2
PF04140.19	PF04140.19
PF04140.19	PF04191.18
PF23130.1	PF23130.1
PF18543.7	PF18543.7
PF08858.15	PF08858.15
PF03971.19	PF03971.19
PF23209.2	PF23209.2
PF01231.23	PF01231.23
PF24244.1	PF24244.1
PF05760.17	PF05760.17
PF17335.7	PF17335.7
PF11987.13	PF11987.13
PF01008.23	PF01008.23
PF08364.16	PF08364.16
PF04760.21	PF04760.21
PF00707.27	PF00707.27
PF05198.21	PF05198.21
PF01652.23	PF01652.23
PF21485.3	PF21485.3
PF06140.18	PF06140.18
PF00714.22	PF00714.22
PF07140.17	PF07140.17
PF20634.2	PF20634.2
PF07334.18	PF07334.18
PF14754.11	PF14754.11
PF05004.19	PF05004.19
PF04836.17	PF04836.17
PF16718.10	PF16718.10
PF14931.11	PF14931.11
PF15305.11	PF15305.11
PF12317.13	PF12317.13
PF23352.1	PF23352.1
PF23355.1	PF23355.1
PF10498.14	PF10498.14
PF18383.6	PF18383.6
PF17722.6	PF17722.6
PF24770.2	PF24770.2
PF24778.1	PF24778.1
PF24798.1	PF24798.1
PF23747.2	PF23747.2
PF23755.1	PF23755.1
PF23265.1	PF23265.1
PF24312.1	PF24312.1
PF24519.1	PF24519.1
PF24527.1	PF24527.1
PF24077.1	PF24077.1
PF07095.16	PF07095.16
PF23645.1	PF23645.1
PF23646.1	PF23646.1
PF12735.13	PF12735.13
PF20838.2	PF20838.2
PF08365.16	PF08365.16
PF00219.23	PF00219.23
PF14653.11	PF14653.11
PF19995.5	PF19995.5
PF01695.23	PF01695.23
PF06246.17	PF06246.17
PF02189.20	PF02189.20
PF10538.14	PF10538.14
PF21178.2	PF21178.2
PF15907.11	PF15907.11
PF21520.3	PF21520.3
PF06668.17	PF06668.17
PF21512.3	PF21512.3
PF04183.18	PF04183.18
PF01156.24	PF01156.24
PF19997.5	PF19997.5
PF19996.4	PF19996.4
PF08816.16	PF08816.16
PF08574.15	PF08574.15
PF15005.11	PF15005.11
PF16706.11	PF16706.11
PF01608.23	PF01608.23
PF01398.27	PF01398.27
PF01419.22	PF01419.22
PF23575.1	PF23575.1
PF21795.3	PF21795.3
PF21795.3	PF21700.4
PF07086.17	PF07086.17
PF14804.11	PF14804.11
PF17887.7	PF17887.7
PF16034.10	PF16034.10
PF05571.17	PF05571.17
PF09425.15	PF09425.15
PF15351.11	PF15351.11
PF18982.5	PF18982.5
PF09983.15	PF09983.15
PF06585.17	PF06585.17
PF17811.6	PF17811.6
PF15261.11	PF15261.11
PF16471.10	PF16471.10
PF15038.11	PF15038.11
PF14901.11	PF14901.11
PF16668.10	PF16668.10
PF02373.28	PF02373.28
PF08007.18	PF08007.18
PF02375.23	PF02375.23
PF15871.10	PF15871.10
PF02099.23	PF02099.23
PF15392.11	PF15392.11
PF22794.1	PF22794.1
PF15312.11	PF15312.11
PF05439.17	PF05439.17
PF03957.18	PF03957.18
PF17054.10	PF17054.10
PF01486.22	PF01486.22
PF09080.15	PF09080.15
PF02960.20	PF02960.20
PF24146.1	PF24146.1
PF24145.1	PF24145.1
PF24149.1	PF24149.1
PF15352.11	PF15352.11
PF22352.2	PF22352.2
PF02149.25	PF02149.25
PF21122.3	PF21122.3
PF15354.11	PF15354.11
PF07688.17	PF07688.17
PF21714.3	PF21714.3
PF07689.18	PF07689.18
PF23154.1	PF23154.1
PF05804.18	PF05804.18
PF08810.16	PF08810.16
PF07693.20	PF07693.20
PF15222.11	PF15222.11
PF08580.15	PF08580.15
PF01450.25	PF01450.25
PF07991.19	PF07991.19
PF10541.14	PF10541.14
PF14662.11	PF14662.11
PF16197.11	PF16197.11
PF13925.11	PF13925.11
PF21126.3	PF21126.3
PF07648.20	PF07648.20
PF07648.20	PF00050.26
PF18434.6	PF18434.6
PF21288.3	PF21288.3
PF21330.3	PF21330.3
PF21287.3	PF21287.3
PF14089.11	PF14089.11
PF20883.3	PF20883.3
PF12309.13	PF12309.13
PF20165.3	PF20165.3
PF16944.10	PF16944.10
PF09303.15	PF09303.15
PF16642.10	PF16642.10
PF11956.13	PF11956.13
PF03520.19	PF03520.19
PF17818.6	PF17818.6
PF20871.2	PF20871.2
PF19329.4	PF19329.4
PF19321.4	PF19321.4
PF19323.4	PF19323.4
PF06178.19	PF06178.19
PF07071.17	PF07071.17
PF03812.18	PF03812.18
PF16554.10	PF16554.10
PF08525.16	PF08525.16
PF09846.14	PF09846.14
PF09845.14	PF09845.14
PF03826.22	PF03826.22
PF10421.14	PF10421.14
PF03137.26	PF03137.26
PF21498.3	PF21498.3
PF21502.2	PF21502.2
PF20913.2	PF20913.2
PF16312.10	PF16312.10
PF22651.1	PF22651.1
PF18589.7	PF18589.7
PF01796.24	PF01796.24
PF24343.1	PF24343.1
PF24342.1	PF24342.1
PF24339.2	PF24339.2
PF24341.1	PF24341.1
PF17849.7	PF17849.7
PF17849.7	PF17876.7
PF25049.1	PF25049.1
PF17912.7	PF17912.7
PF24903.1	PF24903.1
PF07717.22	PF07717.22
PF25507.1	PF25507.1
PF08206.17	PF08206.17
PF22896.3	PF22896.3
PF24190.1	PF24190.1
PF24682.1	PF24682.1
PF24685.1	PF24685.1
PF22779.3	PF22779.3
PF23139.1	PF23139.1
PF15506.11	PF15506.11
PF07303.18	PF07303.18
PF02423.21	PF02423.21
PF07051.17	PF07051.17
PF05005.20	PF05005.20
PF08684.15	PF08684.15
PF17780.6	PF17780.6
PF21310.3	PF21310.3
PF16726.11	PF16726.11
PF03373.19	PF03373.19
PF02317.23	PF02317.23
PF02101.21	PF02101.21
PF21773.2	PF21773.2
PF15424.11	PF15424.11
PF15848.10	PF15848.10
PF02100.23	PF02100.23
PF19583.5	PF19583.5
PF14778.11	PF14778.11
PF10717.14	PF10717.14
PF02321.23	PF02321.23
PF02159.20	PF02159.20
PF15680.10	PF15680.10
PF10637.15	PF10637.15
PF16955.11	PF16955.11
PF25238.1	PF25238.1
PF04680.19	PF04680.19
PF04664.18	PF04664.18
PF21790.3	PF21790.3
PF22175.2	PF22175.2
PF07934.18	PF07934.18
PF04606.18	PF04606.18
PF22413.2	PF22413.2
PF14418.11	PF14418.11
PF09349.15	PF09349.15
PF01276.26	PF01276.26
PF03711.20	PF03711.20
PF03709.21	PF03709.21
PF20469.4	PF20469.4
PF24395.1	PF24395.1
PF06758.18	PF06758.18
PF01277.22	PF01277.22
PF09253.15	PF09253.15
PF02191.22	PF02191.22
PF06554.17	PF06554.17
PF08352.17	PF08352.17
PF17304.8	PF17304.8
PF22112.2	PF22112.2
PF13376.11	PF13376.11
PF06357.16	PF06357.16
PF07764.18	PF07764.18
PF11551.14	PF11551.14
PF01103.29	PF01103.29
PF19143.6	PF19143.6
PF00691.25	PF00691.25
PF16961.11	PF16961.11
PF00215.30	PF00215.30
PF03938.19	PF03938.19
PF01278.26	PF01278.26
PF03922.20	PF03922.20
PF11557.14	PF11557.14
PF13505.12	PF13505.12
PF13505.12	PF01389.23
PF13568.12	PF13568.12
PF14905.12	PF14905.12
PF25183.1	PF25183.1
PF03532.18	PF03532.18
PF19434.4	PF19434.4
PF07047.17	PF07047.17
PF02462.21	PF02462.21
PF14343.11	PF14343.11
PF10253.14	PF10253.14
PF03967.18	PF03967.18
PF24986.1	PF24986.1
PF24986.1	PF05239.21
PF00874.25	PF00874.25
PF09214.16	PF09214.16
PF11087.14	PF11087.14
PF08949.16	PF08949.16
PF08948.16	PF08948.16
PF21549.2	PF21549.2
PF08270.16	PF08270.16
PF17832.7	PF17832.7
PF17833.7	PF17833.7
PF25376.1	PF25376.1
PF05033.22	PF05033.22
PF18604.6	PF18604.6
PF18301.6	PF18301.6
PF02996.22	PF02996.22
PF01920.25	PF01920.25
PF13758.11	PF13758.11
PF04707.20	PF04707.20
PF07156.20	PF07156.20
PF00432.27	PF00432.27
PF01255.24	PF01255.24
PF22516.1	PF22516.1
PF09687.15	PF09687.15
PF01080.22	PF01080.22
PF09029.15	PF09029.15
PF18264.7	PF18264.7
PF07530.16	PF07530.16
PF23789.1	PF23789.1
PF06875.16	PF06875.16
PF09480.15	PF09480.15
PF12666.12	PF12666.12
PF09627.16	PF09627.16
PF22459.2	PF22459.2
PF21213.3	PF21213.3
PF07929.16	PF07929.16
PF17764.6	PF17764.6
PF18074.6	PF18074.6
PF00156.33	PF00156.33
PF13793.12	PF13793.12
PF14572.12	PF14572.12
PF07445.17	PF07445.17
PF08708.16	PF08708.16
PF08707.16	PF08707.16
PF09250.16	PF09250.16
PF16101.10	PF16101.10
PF00377.23	PF00377.23
PF11587.13	PF11587.13
PF03991.18	PF03991.18
PF22917.2	PF22917.2
PF03063.25	PF03063.25
PF20873.2	PF20873.2
PF18689.6	PF18689.6
PF00485.24	PF00485.24
PF06798.17	PF06798.17
PF21160.3	PF21160.3
PF21952.1	PF21952.1
PF07915.19	PF07915.19
PF12999.12	PF12999.12
PF13015.12	PF13015.12
PF15898.10	PF15898.10
PF15937.10	PF15937.10
PF06325.19	PF06325.19
PF17827.6	PF17827.6
PF05185.22	PF05185.22
PF17286.7	PF17286.7
PF17285.8	PF17285.8
PF22528.1	PF22528.1
PF13010.11	PF13010.11
PF08933.16	PF08933.16
PF15174.11	PF15174.11
PF09286.16	PF09286.16
PF05824.17	PF05824.17
PF07421.16	PF07421.16
PF15240.11	PF15240.11
PF15455.11	PF15455.11
PF08082.16	PF08082.16
PF08083.16	PF08083.16
PF08084.16	PF08084.16
PF18327.6	PF18327.6
PF00235.25	PF00235.25
PF02161.20	PF02161.20
PF12177.13	PF12177.13
PF14457.11	PF14457.11
PF14461.11	PF14461.11
PF14459.11	PF14459.11
PF14460.11	PF14460.11
PF14462.11	PF14462.11
PF14464.11	PF14464.11
PF14446.12	PF14446.12
PF14445.12	PF14445.12
PF14447.12	PF14447.12
PF09228.15	PF09228.15
PF06607.17	PF06607.17
PF20300.4	PF20300.4
PF14454.12	PF14454.12
PF15621.11	PF15621.11
PF15172.11	PF15172.11
PF22797.1	PF22797.1
PF22796.1	PF22796.1
PF07333.18	PF07333.18
PF19526.4	PF19526.4
PF20778.3	PF20778.3
PF20776.3	PF20776.3
PF01464.25	PF01464.25
PF13406.11	PF13406.11
PF18896.5	PF18896.5
PF19489.4	PF19489.4
PF02258.22	PF02258.22
PF14718.12	PF14718.12
PF11708.13	PF11708.13
PF21202.3	PF21202.3
PF09494.16	PF09494.16
PF15341.11	PF15341.11
PF04102.17	PF04102.17
PF14438.12	PF14438.12
PF23784.1	PF23784.1
PF09057.15	PF09057.15
PF17411.7	PF17411.7
PF15127.11	PF15127.11
PF15477.11	PF15477.11
PF16785.10	PF16785.10
PF22899.2	PF22899.2
PF06470.18	PF06470.18
PF02463.25	PF02463.25
PF07574.19	PF07574.19
PF02616.19	PF02616.19
PF04079.22	PF04079.22
PF21941.2	PF21941.2
PF15785.10	PF15785.10
PF17229.7	PF17229.7
PF03467.21	PF03467.21
PF10220.14	PF10220.14
PF09346.15	PF09346.15
PF09346.15	PF14568.11
PF09346.15	PF02393.21
PF17307.7	PF17307.7
PF21976.1	PF21976.1
PF15831.10	PF15831.10
PF21415.2	PF21415.2
PF21414.2	PF21414.2
PF22427.2	PF22427.2
PF22426.2	PF22426.2
PF20636.2	PF20636.2
PF06003.18	PF06003.18
PF20635.2	PF20635.2
PF17885.6	PF17885.6
PF18144.7	PF18144.7
PF12510.13	PF12510.13
PF04927.17	PF04927.17
PF01668.23	PF01668.23
PF10144.15	PF10144.15
PF18696.7	PF18696.7
PF17047.11	PF17047.11
PF01713.27	PF01713.27
PF15181.11	PF15181.11
PF21138.3	PF21138.3
PF18615.6	PF18615.6
PF16243.10	PF16243.10
PF06695.16	PF06695.16
PF14619.11	PF14619.11
PF22710.1	PF22710.1
PF22717.1	PF22717.1
PF22716.1	PF22716.1
PF22719.1	PF22719.1
PF22718.1	PF22718.1
PF22720.1	PF22720.1
PF22711.1	PF22711.1
PF22713.1	PF22713.1
PF22712.1	PF22712.1
PF22714.1	PF22714.1
PF22715.1	PF22715.1
PF18744.7	PF18744.7
PF18744.7	PF18745.7
PF18749.7	PF18749.7
PF18750.7	PF18750.7
PF18750.7	PF18771.7
PF14938.12	PF14938.12
PF00835.24	PF00835.24
PF09808.14	PF09808.14
PF11035.13	PF11035.13
PF12251.13	PF12251.13
PF15497.11	PF15497.11
PF14712.11	PF14712.11
PF05739.25	PF05739.25
PF00565.23	PF00565.23
PF16700.10	PF16700.10
PF00209.24	PF00209.24
PF00176.29	PF00176.29
PF08455.15	PF08455.15
PF04855.17	PF04855.17
PF03357.26	PF03357.26
PF09051.15	PF09051.15
PF09050.15	PF09050.15
PF09049.15	PF09049.15
PF01174.25	PF01174.25
PF07366.18	PF07366.18
PF12680.13	PF12680.13
PF12680.13	PF14534.12
PF12680.13	PF13474.12
PF13577.12	PF13577.12
PF20409.4	PF20409.4
PF05728.18	PF05728.18
PF05727.16	PF05727.16
PF06062.16	PF06062.16
PF06782.17	PF06782.17
PF06783.16	PF06783.16
PF06784.16	PF06784.16
PF06785.16	PF06785.16
PF06786.17	PF06786.17
PF06788.19	PF06788.19
PF06790.16	PF06790.16
PF06792.17	PF06792.17
PF23189.1	PF23189.1
PF06793.17	PF06793.17
PF06794.17	PF06794.17
PF08594.15	PF08594.15
PF08864.15	PF08864.15
PF13980.11	PF13980.11
PF22583.2	PF22583.2
PF15475.11	PF15475.11
PF15136.11	PF15136.11
PF12640.12	PF12640.12
PF15744.10	PF15744.10
PF11703.13	PF11703.13
PF15135.11	PF15135.11
PF15823.10	PF15823.10
PF15086.11	PF15086.11
PF10571.15	PF10571.15
PF10574.14	PF10574.14
PF10572.14	PF10572.14
PF10573.14	PF10573.14
PF15114.11	PF15114.11
PF17065.10	PF17065.10
PF15772.10	PF15772.10
PF15117.11	PF15117.11
PF17094.10	PF17094.10
PF15092.11	PF15092.11
PF15827.10	PF15827.10
PF14982.11	PF14982.11
PF19785.4	PF19785.4
PF20582.4	PF20582.4
PF15990.10	PF15990.10
PF13822.11	PF13822.11
PF16671.10	PF16671.10
PF14733.11	PF14733.11
PF22217.1	PF22217.1
PF09317.16	PF09317.16
PF21556.3	PF21556.3
PF06315.17	PF06315.17
PF20423.3	PF20423.3
PF00871.23	PF00871.23
PF09290.16	PF09290.16
PF08882.16	PF08882.16
PF02550.21	PF02550.21
PF13336.12	PF13336.12
PF00583.31	PF00583.31
PF13673.13	PF13673.13
PF13720.11	PF13720.11
PF13880.12	PF13880.12
PF03421.22	PF03421.22
PF17013.11	PF17013.11
PF05301.17	PF05301.17
PF17668.7	PF17668.7
PF18014.7	PF18014.7
PF18015.7	PF18015.7
PF00797.23	PF00797.23
PF13302.13	PF13302.13
PF13420.13	PF13420.13
PF13444.12	PF13444.12
PF13480.13	PF13480.13
PF13508.13	PF13508.13
PF13523.12	PF13523.12
PF13527.13	PF13527.13
PF14542.12	PF14542.12
PF08674.15	PF08674.15
PF15270.11	PF15270.11
PF03767.20	PF03767.20
PF12689.13	PF12689.13
PF05054.17	PF05054.17
PF07138.17	PF07138.17
PF06648.16	PF06648.16
PF05815.16	PF05815.16
PF06856.16	PF06856.16
PF07134.16	PF07134.16
PF05081.17	PF05081.17
PF04412.18	PF04412.18
PF01989.22	PF01989.22
PF00330.25	PF00330.25
PF06434.19	PF06434.19
PF11791.14	PF11791.14
PF00694.25	PF00694.25
PF01756.24	PF01756.24
PF22924.1	PF22924.1
PF06857.16	PF06857.16
PF05777.17	PF05777.17
PF06313.16	PF06313.16
PF01648.25	PF01648.25
PF04336.18	PF04336.18
PF23297.2	PF23297.2
PF08545.16	PF08545.16
PF08541.16	PF08541.16
PF24914.1	PF24914.1
PF20829.2	PF20829.2
PF21401.2	PF21401.2
PF22147.1	PF22147.1
PF24304.1	PF24304.1
PF10766.14	PF10766.14
PF00873.25	PF00873.25
PF19436.4	PF19436.4
PF01842.31	PF01842.31
PF01842.31	PF22629.2
PF09192.16	PF09192.16
PF05058.17	PF05058.17
PF11821.13	PF11821.13
PF00976.23	PF00976.23
PF00022.25	PF00022.25
PF14408.11	PF14408.11
PF17003.11	PF17003.11
PF11657.13	PF11657.13
PF11498.13	PF11498.13
PF01064.29	PF01064.29
PF16840.10	PF16840.10
PF21646.3	PF21646.3
PF10000.15	PF10000.15
PF13291.12	PF13291.12
PF13710.12	PF13710.12
PF13740.12	PF13740.12
PF19571.5	PF19571.5
PF22468.2	PF22468.2
PF22468.2	PF13840.12
PF24931.1	PF24931.1
PF24926.1	PF24926.1
PF24021.1	PF24021.1
PF21086.3	PF21086.3
PF18859.6	PF18859.6
PF18859.6	PF18854.6
PF01643.23	PF01643.23
PF20791.3	PF20791.3
PF21263.2	PF21263.2
PF00441.29	PF00441.29
PF08028.16	PF08028.16
PF12806.12	PF12806.12
PF02770.24	PF02770.24
PF05511.16	PF05511.16
PF04718.20	PF04718.20
PF03899.21	PF03899.21
PF04911.17	PF04911.17
PF22919.1	PF22919.1
PF16594.10	PF16594.10
PF06644.16	PF06644.16
PF07542.16	PF07542.16
PF12921.12	PF12921.12
PF11022.13	PF11022.13
PF02038.21	PF02038.21
PF06745.19	PF06745.19
PF12156.14	PF12156.14
PF07345.16	PF07345.16
PF01637.24	PF01637.24
PF09527.15	PF09527.15
PF12592.13	PF12592.13
PF24788.1	PF24788.1
PF21334.2	PF21334.2
PF21335.2	PF21335.2
PF21068.3	PF21068.3
PF18130.6	PF18130.6
PF14397.11	PF14397.11
PF15632.11	PF15632.11
PF14305.11	PF14305.11
PF14398.11	PF14398.11
PF12966.13	PF12966.13
PF20716.2	PF20716.2
PF03029.23	PF03029.23
PF01171.26	PF01171.26
PF12424.13	PF12424.13
PF10775.14	PF10775.14
PF14960.11	PF14960.11
PF05493.18	PF05493.18
PF09830.14	PF09830.14
PF16829.10	PF16829.10
PF22223.1	PF22223.1
PF21421.2	PF21421.2
PF05353.16	PF05353.16
PF03154.20	PF03154.20
PF15445.11	PF15445.11
PF06232.16	PF06232.16
PF11263.13	PF11263.13
PF03769.21	PF03769.21
PF03768.21	PF03768.21
PF25114.1	PF25114.1
PF25111.1	PF25111.1
PF18800.6	PF18800.6
PF08037.16	PF08037.16
PF11512.13	PF11512.13
PF07287.17	PF07287.17
PF23544.1	PF23544.1
PF20828.2	PF20828.2
PF09759.15	PF09759.15
PF12547.13	PF12547.13
PF08098.16	PF08098.16
PF18461.7	PF18461.7
PF13318.11	PF13318.11
PF11533.15	PF11533.15
PF02178.24	PF02178.24
PF22301.2	PF22301.2
PF18637.7	PF18637.7
PF15187.11	PF15187.11
PF11583.14	PF11583.14
PF09041.15	PF09041.15
PF03472.21	PF03472.21
PF00765.23	PF00765.23
PF03987.20	PF03987.20
PF03797.25	PF03797.25
PF06677.18	PF06677.18
PF15336.11	PF15336.11
PF02041.22	PF02041.22
PF05703.16	PF05703.16
PF02519.19	PF02519.19
PF05564.17	PF05564.17
PF02309.22	PF02309.22
PF17198.9	PF17198.9
PF03708.19	PF03708.19
PF01382.22	PF01382.22
PF11599.14	PF11599.14
PF09794.14	PF09794.14
PF22383.1	PF22383.1
PF24180.1	PF24180.1
PF05394.16	PF05394.16
PF05655.16	PF05655.16
PF11725.13	PF11725.13
PF11529.14	PF11529.14
PF18661.6	PF18661.6
PF18241.6	PF18241.6
PF18247.6	PF18247.6
PF22347.1	PF22347.1
PF09143.16	PF09143.16
PF11592.13	PF11592.13
PF09046.15	PF09046.15
PF16847.10	PF16847.10
PF05627.16	PF05627.16
PF06536.16	PF06536.16
PF05512.16	PF05512.16
PF17907.7	PF17907.7
PF05448.18	PF05448.18
PF09478.16	PF09478.16
PF16760.10	PF16760.10
PF16841.11	PF16841.11
PF18666.6	PF18666.6
PF18259.7	PF18259.7
PF22579.2	PF22579.2
PF18283.7	PF18283.7
PF25116.1	PF25116.1
PF24517.2	PF24517.2
PF06452.16	PF06452.16
PF16011.10	PF16011.10
PF00734.23	PF00734.23
PF02013.21	PF02013.21
PF03425.19	PF03425.19
PF01607.29	PF01607.29
PF03426.20	PF03426.20
PF03424.20	PF03424.20
PF03427.18	PF03427.18
PF00553.25	PF00553.25
PF00686.25	PF00686.25
PF03370.18	PF03370.18
PF03423.18	PF03423.18
PF16824.11	PF16824.11
PF00942.24	PF00942.24
PF16990.11	PF16990.11
PF18099.7	PF18099.7
PF02922.24	PF02922.24
PF02018.23	PF02018.23
PF22637.2	PF22637.2
PF22184.2	PF22184.2
PF02839.19	PF02839.19
PF14600.11	PF14600.11
PF03422.21	PF03422.21
PF24607.1	PF24607.1
PF03442.20	PF03442.20
PF12192.13	PF12192.13
PF19042.5	PF19042.5
PF19041.5	PF19041.5
PF07960.16	PF07960.16
PF19043.5	PF19043.5
PF20991.3	PF20991.3
PF20992.2	PF20992.2
PF10995.13	PF10995.13
PF11120.13	PF11120.13
PF11658.13	PF11658.13
PF17038.10	PF17038.10
PF17037.10	PF17037.10
PF06564.18	PF06564.18
PF10945.13	PF10945.13
PF17036.11	PF17036.11
PF17040.10	PF17040.10
PF00571.33	PF00571.33
PF09490.15	PF09490.15
PF06755.17	PF06755.17
PF09489.15	PF09489.15
PF17218.8	PF17218.8
PF04942.19	PF04942.19
PF25081.1	PF25081.1
PF09789.14	PF09789.14
PF15768.10	PF15768.10
PF16516.10	PF16516.10
PF21528.2	PF21528.2
PF15625.12	PF15625.12
PF24555.1	PF24555.1
PF23332.1	PF23332.1
PF11105.13	PF11105.13
PF12046.13	PF12046.13
PF11152.14	PF11152.14
PF15964.10	PF15964.10
PF21555.2	PF21555.2
PF21554.2	PF21554.2
PF07860.16	PF07860.16
PF15799.10	PF15799.10
PF09747.14	PF09747.14
PF07362.18	PF07362.18
PF01845.23	PF01845.23
PF15188.11	PF15188.11
PF15794.10	PF15794.10
PF13870.11	PF13870.11
PF15810.10	PF15810.10
PF06244.18	PF06244.18
PF21035.3	PF21035.3
PF21037.2	PF21037.2
PF15254.11	PF15254.11
PF14923.12	PF14923.12
PF14915.12	PF14915.12
PF15450.11	PF15450.11
PF15921.10	PF15921.10
PF15804.10	PF15804.10
PF25449.1	PF25449.1
PF05667.16	PF05667.16
PF21674.2	PF21674.2
PF15674.10	PF15674.10
PF15669.10	PF15669.10
PF13270.11	PF13270.11
PF14989.11	PF14989.11
PF13904.11	PF13904.11
PF24161.1	PF24161.1
PF07946.19	PF07946.19
PF15295.11	PF15295.11
PF00127.26	PF00127.26
PF00649.23	PF00649.23
PF15340.11	PF15340.11
PF01218.23	PF01218.23
PF05019.18	PF05019.18
PF03232.19	PF03232.19
PF08511.16	PF08511.16
PF21392.3	PF21392.3
PF16095.11	PF16095.11
PF25497.1	PF25497.1
PF04803.17	PF04803.17
PF01544.23	PF01544.23
PF17308.7	PF17308.7
PF03471.22	PF03471.22
PF03311.19	PF03311.19
PF02389.20	PF02389.20
PF04694.17	PF04694.17
PF06336.17	PF06336.17
PF03262.19	PF03262.19
PF02398.22	PF02398.22
PF03187.20	PF03187.20
PF06145.16	PF06145.16
PF04753.17	PF04753.17
PF05213.18	PF05213.18
PF03053.19	PF03053.19
PF03905.18	PF03905.18
PF09727.14	PF09727.14
PF09304.16	PF09304.16
PF11057.13	PF11057.13
PF18568.6	PF18568.6
PF14705.12	PF14705.12
PF10628.14	PF10628.14
PF08757.17	PF08757.17
PF11007.13	PF11007.13
PF12652.12	PF12652.12
PF13657.11	PF13657.11
PF22610.1	PF22610.1
PF02723.19	PF02723.19
PF06471.18	PF06471.18
PF01635.23	PF01635.23
PF06460.18	PF06460.18
PF09401.15	PF09401.15
PF20631.3	PF20631.3
PF20633.2	PF20633.2
PF20632.2	PF20632.2
PF19215.5	PF19215.5
PF19216.5	PF19216.5
PF19219.5	PF19219.5
PF19212.5	PF19212.5
PF19211.5	PF19211.5
PF19218.5	PF19218.5
PF16348.10	PF16348.10
PF19217.5	PF19217.5
PF19213.5	PF19213.5
PF08716.15	PF08716.15
PF08717.15	PF08717.15
PF08710.16	PF08710.16
PF00937.23	PF00937.23
PF08715.16	PF08715.16
PF06478.18	PF06478.18
PF01600.21	PF01600.21
PF19209.5	PF19209.5
PF01601.21	PF01601.21
PF19214.5	PF19214.5
PF20543.3	PF20543.3
PF00115.25	PF00115.25
PF14880.11	PF14880.11
PF02628.20	PF02628.20
PF14138.11	PF14138.11
PF05051.18	PF05051.18
PF00116.26	PF00116.26
PF09125.15	PF09125.15
PF12597.13	PF12597.13
PF08213.16	PF08213.16
PF02790.20	PF02790.20
PF00510.24	PF00510.24
PF02936.19	PF02936.19
PF03626.19	PF03626.19
PF07835.17	PF07835.17
PF02284.21	PF02284.21
PF01215.24	PF01215.24
PF02046.20	PF02046.20
PF02297.22	PF02297.22
PF02937.20	PF02937.20
PF02238.20	PF02238.20
PF05392.16	PF05392.16
PF02935.21	PF02935.21
PF02285.20	PF02285.20
PF08113.16	PF08113.16
PF06481.20	PF06481.20
PF12557.13	PF12557.13
PF03450.22	PF03450.22
PF02552.22	PF02552.22
PF02672.20	PF02672.20
PF04516.20	PF04516.20
PF01383.26	PF01383.26
PF17223.8	PF17223.8
PF07823.17	PF07823.17
PF09367.16	PF09367.16
PF06206.17	PF06206.17
PF22222.1	PF22222.1
PF15481.11	PF15481.11
PF12269.13	PF12269.13
PF08144.17	PF08144.17
PF21671.2	PF21671.2
PF18695.7	PF18695.7
PF00166.26	PF00166.26
PF00118.29	PF00118.29
PF11833.13	PF11833.13
PF14507.12	PF14507.12
PF14506.12	PF14506.12
PF02786.22	PF02786.22
PF02787.25	PF02787.25
PF00988.28	PF00988.28
PF19567.5	PF19567.5
PF13299.11	PF13299.11
PF20692.3	PF20692.3
PF11718.13	PF11718.13
PF03178.21	PF03178.21
PF07931.18	PF07931.18
PF07254.17	PF07254.17
PF16484.10	PF16484.10
PF17515.7	PF17515.7
PF22213.1	PF22213.1
PF22209.1	PF22209.1
PF22212.1	PF22212.1
PF09717.15	PF09717.15
PF16527.11	PF16527.11
PF14353.12	PF14353.12
PF19769.4	PF19769.4
PF12694.12	PF12694.12
PF04174.18	PF04174.18
PF04174.18	PF14403.11
PF22325.2	PF22325.2
PF10147.14	PF10147.14
PF06589.16	PF06589.16
PF00650.25	PF00650.25
PF13716.11	PF13716.11
PF03765.21	PF03765.21
PF07016.16	PF07016.16
PF22487.1	PF22487.1
PF21825.2	PF21825.2
PF23898.1	PF23898.1
PF24228.1	PF24228.1
PF07046.16	PF07046.16
PF22395.2	PF22395.2
PF22520.2	PF22520.2
PF02537.21	PF02537.21
PF08624.15	PF08624.15
PF05981.17	PF05981.17
PF01321.24	PF01321.24
PF16189.11	PF16189.11
PF02633.19	PF02633.19
PF09030.15	PF09030.15
PF20274.4	PF20274.4
PF06123.17	PF06123.17
PF13883.13	PF13883.13
PF11520.13	PF11520.13
PF16566.10	PF16566.10
PF10472.14	PF10472.14
PF25217.1	PF25217.1
PF00473.22	PF00473.22
PF23541.1	PF23541.1
PF05428.17	PF05428.17
PF10380.14	PF10380.14
PF06781.17	PF06781.17
PF10534.14	PF10534.14
PF16978.11	PF16978.11
PF19442.4	PF19442.4
PF07416.16	PF07416.16
PF20147.5	PF20147.5
PF10235.14	PF10235.14
PF08562.15	PF08562.15
PF08798.16	PF08798.16
PF09827.14	PF09827.14
PF10040.14	PF10040.14
PF19308.4	PF19308.4
PF18061.6	PF18061.6
PF09481.15	PF09481.15
PF09485.15	PF09485.15
PF07417.17	PF07417.17
PF21605.3	PF21605.3
PF21604.3	PF21604.3
PF08767.17	PF08767.17
PF18777.7	PF18777.7
PF18784.6	PF18784.6
PF18787.7	PF18787.7
PF07190.16	PF07190.16
PF09048.16	PF09048.16
PF17691.6	PF17691.6
PF00325.26	PF00325.26
PF05745.16	PF05745.16
PF08762.16	PF08762.16
PF11347.14	PF11347.14
PF08847.16	PF08847.16
PF12095.13	PF12095.13
PF01985.26	PF01985.26
PF08627.16	PF08627.16
PF08728.15	PF08728.15
PF07097.16	PF07097.16
PF07098.16	PF07098.16
PF07099.16	PF07099.16
PF07101.16	PF07101.16
PF07103.16	PF07103.16
PF07104.16	PF07104.16
PF07105.16	PF07105.16
PF07112.16	PF07112.16
PF07116.16	PF07116.16
PF07117.17	PF07117.17
PF07118.16	PF07118.16
PF07119.17	PF07119.17
PF07120.17	PF07120.17
PF07125.16	PF07125.16
PF07128.17	PF07128.17
PF07129.17	PF07129.17
PF07131.17	PF07131.17
PF07136.16	PF07136.16
PF07142.17	PF07142.17
PF07146.16	PF07146.16
PF07150.16	PF07150.16
PF07151.18	PF07151.18
PF07154.16	PF07154.16
PF07165.16	PF07165.16
PF07166.16	PF07166.16
PF07176.17	PF07176.17
PF07182.16	PF07182.16
PF07183.16	PF07183.16
PF07185.16	PF07185.16
PF07187.16	PF07187.16
PF07193.17	PF07193.17
PF07197.17	PF07197.17
PF07198.17	PF07198.17
PF07199.16	PF07199.16
PF07203.16	PF07203.16
PF07205.16	PF07205.16
PF07208.16	PF07208.16
PF07209.17	PF07209.17
PF07210.18	PF07210.18
PF07214.17	PF07214.17
PF07215.16	PF07215.16
PF07220.16	PF07220.16
PF07223.17	PF07223.17
PF07226.16	PF07226.16
PF07232.17	PF07232.17
PF07233.18	PF07233.18
PF07235.16	PF07235.16
PF07237.17	PF07237.17
PF07242.16	PF07242.16
PF07248.17	PF07248.17
PF07252.16	PF07252.16
PF07256.17	PF07256.17
PF07270.16	PF07270.16
PF07273.18	PF07273.18
PF07274.17	PF07274.17
PF07278.17	PF07278.17
PF07279.17	PF07279.17
PF07285.16	PF07285.16
PF07293.16	PF07293.16
PF07295.17	PF07295.17
PF07301.16	PF07301.16
PF07305.17	PF07305.17
PF07306.16	PF07306.16
PF07308.18	PF07308.18
PF07312.16	PF07312.16
PF07315.17	PF07315.17
PF07316.16	PF07316.16
PF07318.18	PF07318.18
PF07323.17	PF07323.17
PF07330.17	PF07330.17
PF07341.16	PF07341.16
PF07342.17	PF07342.17
PF07343.16	PF07343.16
PF07346.16	PF07346.16
PF07349.16	PF07349.16
PF07351.18	PF07351.18
PF07356.17	PF07356.17
PF07358.16	PF07358.16
PF07363.16	PF07363.16
PF07364.17	PF07364.17
PF07368.16	PF07368.16
PF07369.16	PF07369.16
PF07370.16	PF07370.16
PF07371.17	PF07371.17
PF07372.17	PF07372.17
PF07374.17	PF07374.17
PF07377.18	PF07377.18
PF07379.16	PF07379.16
PF07383.17	PF07383.17
PF07384.17	PF07384.17
PF07386.16	PF07386.16
PF07394.17	PF07394.17
PF07397.16	PF07397.16
PF07403.16	PF07403.16
PF07405.16	PF07405.16
PF07408.16	PF07408.16
PF07411.17	PF07411.17
PF07420.17	PF07420.17
PF17384.8	PF17384.8
PF07423.16	PF07423.16
PF03382.20	PF03382.20
PF11012.13	PF11012.13
PF11013.13	PF11013.13
PF11014.13	PF11014.13
PF11015.13	PF11015.13
PF11016.13	PF11016.13
PF11017.14	PF11017.14
PF11198.13	PF11198.13
PF11072.13	PF11072.13
PF11059.14	PF11059.14
PF11060.13	PF11060.13
PF11062.13	PF11062.13
PF11064.13	PF11064.13
PF11065.13	PF11065.13
PF11066.14	PF11066.14
PF11067.13	PF11067.13
PF03384.19	PF03384.19
PF11070.13	PF11070.13
PF11086.13	PF11086.13
PF11082.13	PF11082.13
PF11097.13	PF11097.13
PF11101.13	PF11101.13
PF11103.14	PF11103.14
PF11135.13	PF11135.13
PF11136.13	PF11136.13
PF11199.13	PF11199.13
PF11445.13	PF11445.13
PF11444.14	PF11444.14
PF11446.13	PF11446.13
PF01724.21	PF01724.21
PF11146.13	PF11146.13
PF11137.13	PF11137.13
PF11138.13	PF11138.13
PF11140.13	PF11140.13
PF11141.13	PF11141.13
PF11142.13	PF11142.13
PF11143.13	PF11143.13
PF11144.14	PF11144.14
PF11145.14	PF11145.14
PF25333.1	PF25333.1
PF11148.13	PF11148.13
PF11149.13	PF11149.13
PF11150.13	PF11150.13
PF11151.13	PF11151.13
PF11153.13	PF11153.13
PF11666.13	PF11666.13
PF11154.13	PF11154.13
PF11155.13	PF11155.13
PF11157.13	PF11157.13
PF11158.13	PF11158.13
PF11159.13	PF11159.13
PF03445.19	PF03445.19
PF11161.13	PF11161.13
PF11162.13	PF11162.13
PF11163.13	PF11163.13
PF11164.13	PF11164.13
PF11165.13	PF11165.13
PF10335.14	PF10335.14
PF11453.13	PF11453.13
PF11166.13	PF11166.13
PF11167.13	PF11167.13
PF11168.14	PF11168.14
PF11169.13	PF11169.13
PF11170.13	PF11170.13
PF11171.13	PF11171.13
PF11172.13	PF11172.13
PF11173.13	PF11173.13
PF11175.14	PF11175.14
PF11178.13	PF11178.13
PF11177.13	PF11177.13
PF11179.13	PF11179.13
PF11180.13	PF11180.13
PF11184.13	PF11184.13
PF11174.13	PF11174.13
PF11185.13	PF11185.13
PF11186.13	PF11186.13
PF11189.13	PF11189.13
PF11188.13	PF11188.13
PF11190.13	PF11190.13
PF11192.13	PF11192.13
PF11200.13	PF11200.13
PF11201.13	PF11201.13
PF11204.13	PF11204.13
PF11661.13	PF11661.13
PF11205.13	PF11205.13
PF11207.13	PF11207.13
PF11693.13	PF11693.13
PF11208.13	PF11208.13
PF11210.13	PF11210.13
PF11211.13	PF11211.13
PF11212.13	PF11212.13
PF11452.13	PF11452.13
PF11448.13	PF11448.13
PF11213.13	PF11213.13
PF11460.13	PF11460.13
PF11450.13	PF11450.13
PF11215.13	PF11215.13
PF11218.13	PF11218.13
PF11216.13	PF11216.13
PF11217.13	PF11217.13
PF13316.11	PF13316.11
PF13317.11	PF13317.11
PF13319.11	PF13319.11
PF13322.11	PF13322.11
PF13331.11	PF13331.11
PF13334.11	PF13334.11
PF13340.11	PF13340.11
PF13349.12	PF13349.12
PF13351.11	PF13351.11
PF13352.11	PF13352.11
PF13388.11	PF13388.11
PF13389.11	PF13389.11
PF13390.11	PF13390.11
PF04214.18	PF04214.18
PF13422.11	PF13422.11
PF13430.11	PF13430.11
PF13438.11	PF13438.11
PF13448.11	PF13448.11
PF13475.11	PF13475.11
PF13493.11	PF13493.11
PF13494.11	PF13494.11
PF04217.19	PF04217.19
PF13496.11	PF13496.11
PF13497.11	PF13497.11
PF13498.11	PF13498.11
PF13503.11	PF13503.11
PF13511.11	PF13511.11
PF13526.11	PF13526.11
PF13548.11	PF13548.11
PF13552.11	PF13552.11
PF13559.11	PF13559.11
PF04219.17	PF04219.17
PF13566.11	PF13566.11
PF13567.11	PF13567.11
PF13569.11	PF13569.11
PF13571.11	PF13571.11
PF13572.11	PF13572.11
PF13575.12	PF13575.12
PF13590.11	PF13590.11
PF13595.11	PF13595.11
PF13598.12	PF13598.12
PF13600.11	PF13600.11
PF13605.11	PF13605.11
PF13628.12	PF13628.12
PF13635.12	PF13635.12
PF13642.11	PF13642.11
PF13643.11	PF13643.11
PF13660.11	PF13660.11
PF13663.11	PF13663.11
PF13664.11	PF13664.11
PF13680.12	PF13680.12
PF13687.11	PF13687.11
PF13689.11	PF13689.11
PF13698.11	PF13698.11
PF13700.11	PF13700.11
PF13709.12	PF13709.12
PF04222.17	PF04222.17
PF13711.11	PF13711.11
PF13747.11	PF13747.11
PF13752.12	PF13752.12
PF13761.12	PF13761.12
PF13763.11	PF13763.11
PF13767.11	PF13767.11
PF13770.11	PF13770.11
PF04224.18	PF04224.18
PF13773.12	PF13773.12
PF13775.11	PF13775.11
PF13776.11	PF13776.11
PF13778.12	PF13778.12
PF13779.11	PF13779.11
PF13780.11	PF13780.11
PF13783.11	PF13783.11
PF13785.11	PF13785.11
PF13786.12	PF13786.12
PF04235.18	PF04235.18
PF13788.11	PF13788.11
PF13789.11	PF13789.11
PF13799.11	PF13799.11
PF13803.12	PF13803.12
PF13810.12	PF13810.12
PF13811.11	PF13811.11
PF13821.11	PF13821.11
PF13827.11	PF13827.11
PF13828.11	PF13828.11
PF13829.11	PF13829.11
PF13830.11	PF13830.11
PF13834.11	PF13834.11
PF13835.12	PF13835.12
PF13836.11	PF13836.11
PF13846.11	PF13846.11
PF13852.11	PF13852.11
PF10670.15	PF10670.15
PF13858.11	PF13858.11
PF04238.17	PF04238.17
PF13863.11	PF13863.11
PF13875.12	PF13875.12
PF13910.11	PF13910.11
PF04239.17	PF04239.17
PF13915.11	PF13915.11
PF13926.11	PF13926.11
PF23422.1	PF23422.1
PF23423.1	PF23423.1
PF23424.1	PF23424.1
PF23425.1	PF23425.1
PF23426.1	PF23426.1
PF23428.2	PF23428.2
PF23429.1	PF23429.1
PF23430.1	PF23430.1
PF23432.1	PF23432.1
PF23433.1	PF23433.1
PF23434.1	PF23434.1
PF23435.1	PF23435.1
PF23437.1	PF23437.1
PF23438.1	PF23438.1
PF23439.1	PF23439.1
PF23442.1	PF23442.1
PF23443.1	PF23443.1
PF23444.1	PF23444.1
PF23447.1	PF23447.1
PF23455.1	PF23455.1
PF05218.19	PF05218.19
PF23458.2	PF23458.2
PF23465.1	PF23465.1
PF23476.1	PF23476.1
PF23500.1	PF23500.1
PF23539.1	PF23539.1
PF23581.1	PF23581.1
PF23584.1	PF23584.1
PF23585.1	PF23585.1
PF23596.1	PF23596.1
PF23600.1	PF23600.1
PF23601.1	PF23601.1
PF23614.1	PF23614.1
PF23631.1	PF23631.1
PF23636.1	PF23636.1
PF23638.1	PF23638.1
PF23639.1	PF23639.1
PF23648.1	PF23648.1
PF23650.1	PF23650.1
PF23653.1	PF23653.1
PF23657.1	PF23657.1
PF23662.1	PF23662.1
PF23672.1	PF23672.1
PF23673.1	PF23673.1
PF23710.1	PF23710.1
PF23711.1	PF23711.1
PF23715.1	PF23715.1
PF23716.1	PF23716.1
PF23717.1	PF23717.1
PF04819.17	PF04819.17
PF23718.1	PF23718.1
PF23720.1	PF23720.1
PF23721.1	PF23721.1
PF23734.1	PF23734.1
PF23741.1	PF23741.1
PF23749.1	PF23749.1
PF23767.1	PF23767.1
PF23768.1	PF23768.1
PF23771.1	PF23771.1
PF23773.1	PF23773.1
PF05338.17	PF05338.17
PF23776.1	PF23776.1
PF23785.1	PF23785.1
PF23787.1	PF23787.1
PF23791.1	PF23791.1
PF23796.1	PF23796.1
PF23799.1	PF23799.1
PF23800.1	PF23800.1
PF23801.1	PF23801.1
PF23802.1	PF23802.1
PF23804.1	PF23804.1
PF23805.1	PF23805.1
PF23808.1	PF23808.1
PF23810.1	PF23810.1
PF23811.1	PF23811.1
PF23814.1	PF23814.1
PF23815.1	PF23815.1
PF23816.1	PF23816.1
PF23817.1	PF23817.1
PF23819.1	PF23819.1
PF05334.18	PF05334.18
PF23820.1	PF23820.1
PF23821.1	PF23821.1
PF23822.1	PF23822.1
PF23823.1	PF23823.1
PF23824.1	PF23824.1
PF23825.1	PF23825.1
PF23826.1	PF23826.1
PF23827.1	PF23827.1
PF23828.1	PF23828.1
PF23829.1	PF23829.1
PF01904.24	PF01904.24
PF05302.16	PF05302.16
PF23830.1	PF23830.1
PF23831.1	PF23831.1
PF23832.1	PF23832.1
PF23833.1	PF23833.1
PF23834.1	PF23834.1
PF23835.1	PF23835.1
PF23836.1	PF23836.1
PF06092.17	PF06092.17
PF06097.16	PF06097.16
PF06103.16	PF06103.16
PF06107.17	PF06107.17
PF06108.18	PF06108.18
PF06115.17	PF06115.17
PF06121.19	PF06121.19
PF06124.16	PF06124.16
PF06125.17	PF06125.17
PF06131.16	PF06131.16
PF06147.18	PF06147.18
PF06149.18	PF06149.18
PF06157.16	PF06157.16
PF06161.16	PF06161.16
PF06163.17	PF06163.17
PF06166.18	PF06166.18
PF06168.16	PF06168.16
PF06169.17	PF06169.17
PF06170.17	PF06170.17
PF06173.18	PF06173.18
PF06174.16	PF06174.16
PF01949.22	PF01949.22
PF06186.16	PF06186.16
PF06187.17	PF06187.17
PF06191.17	PF06191.17
PF06195.18	PF06195.18
PF06196.17	PF06196.17
PF06197.19	PF06197.19
PF06198.16	PF06198.16
PF12377.13	PF12377.13
PF05424.16	PF05424.16
PF21164.2	PF21164.2
PF22557.2	PF22557.2
PF10204.14	PF10204.14
PF00674.25	PF00674.25
PF19398.4	PF19398.4
PF19375.4	PF19375.4
PF01207.24	PF01207.24
PF06337.17	PF06337.17
PF00692.24	PF00692.24
PF08761.16	PF08761.16
PF08137.17	PF08137.17
PF19060.5	PF19060.5
PF08783.17	PF08783.17
PF22030.1	PF22030.1
PF01666.22	PF01666.22
PF13288.12	PF13288.12
PF08436.17	PF08436.17
PF02670.22	PF02670.22
PF13292.11	PF13292.11
PF25007.1	PF25007.1
PF09742.14	PF09742.14
PF21499.3	PF21499.3
PF12455.13	PF12455.13
PF07426.16	PF07426.16
PF05502.18	PF05502.18
PF21808.2	PF21808.2
PF01031.25	PF01031.25
PF00350.29	PF00350.29
PF04912.19	PF04912.19
PF21264.3	PF21264.3
PF17852.6	PF17852.6
PF15867.10	PF15867.10
PF18199.6	PF18199.6
PF03028.21	PF03028.21
PF11540.13	PF11540.13
PF01221.23	PF01221.23
PF22597.2	PF22597.2
PF21105.3	PF21105.3
PF20628.3	PF20628.3
PF04261.18	PF04261.18
PF04440.21	PF04440.21
PF14432.12	PF14432.12
PF20965.2	PF20965.2
PF07528.20	PF07528.20
PF13815.11	PF13815.11
PF12773.13	PF12773.13
PF18912.6	PF18912.6
PF17492.7	PF17492.7
PF00122.25	PF00122.25
PF14463.11	PF14463.11
PF16191.10	PF16191.10
PF02221.20	PF02221.20
PF00676.26	PF00676.26
PF16190.11	PF16190.11
PF09358.15	PF09358.15
PF08199.16	PF08199.16
PF20272.3	PF20272.3
PF20273.3	PF20273.3
PF20298.3	PF20298.3
PF22755.2	PF22755.2
PF22756.2	PF22756.2
PF22764.1	PF22764.1
PF22759.1	PF22759.1
PF16421.10	PF16421.10
PF02319.26	PF02319.26
PF11570.13	PF11570.13
PF08825.15	PF08825.15
PF02817.22	PF02817.22
PF11547.14	PF11547.14
PF03781.23	PF03781.23
PF00167.24	PF00167.24
PF06473.17	PF06473.17
PF21165.2	PF21165.2
PF11687.14	PF11687.14
PF11688.13	PF11688.13
PF11690.13	PF11690.13
PF19947.4	PF19947.4
PF04859.17	PF04859.17
PF19948.4	PF19948.4
PF19949.4	PF19949.4
PF19950.4	PF19950.4
PF19951.4	PF19951.4
PF19952.5	PF19952.5
PF19979.4	PF19979.4
PF19980.4	PF19980.4
PF19981.4	PF19981.4
PF19982.4	PF19982.4
PF19983.4	PF19983.4
PF04862.18	PF04862.18
PF19984.4	PF19984.4
PF19985.4	PF19985.4
PF19986.4	PF19986.4
PF19987.4	PF19987.4
PF19988.4	PF19988.4
PF19989.4	PF19989.4
PF19990.4	PF19990.4
PF19992.4	PF19992.4
PF20001.4	PF20001.4
PF20008.4	PF20008.4
PF04867.17	PF04867.17
PF20020.4	PF20020.4
PF20024.5	PF20024.5
PF20025.4	PF20025.4
PF20026.4	PF20026.4
PF20027.4	PF20027.4
PF20029.5	PF20029.5
PF20031.4	PF20031.4
PF20033.4	PF20033.4
PF20035.4	PF20035.4
PF20037.4	PF20037.4
PF20039.4	PF20039.4
PF20040.4	PF20040.4
PF20041.4	PF20041.4
PF20042.4	PF20042.4
PF20043.4	PF20043.4
PF20044.4	PF20044.4
PF20045.4	PF20045.4
PF20046.4	PF20046.4
PF20047.4	PF20047.4
PF04875.17	PF04875.17
PF20048.4	PF20048.4
PF20049.4	PF20049.4
PF20050.4	PF20050.4
PF20051.4	PF20051.4
PF20055.5	PF20055.5
PF20056.4	PF20056.4
PF20057.4	PF20057.4
PF20058.4	PF20058.4
PF20059.4	PF20059.4
PF20060.4	PF20060.4
PF20061.4	PF20061.4
PF20062.4	PF20062.4
PF20063.5	PF20063.5
PF20064.4	PF20064.4
PF20065.4	PF20065.4
PF20069.4	PF20069.4
PF20070.4	PF20070.4
PF20072.4	PF20072.4
PF20073.4	PF20073.4
PF20074.4	PF20074.4
PF20075.5	PF20075.5
PF20076.4	PF20076.4
PF20078.4	PF20078.4
PF20079.4	PF20079.4
PF20081.4	PF20081.4
PF20082.4	PF20082.4
PF20083.4	PF20083.4
PF20086.4	PF20086.4
PF20087.4	PF20087.4
PF04890.18	PF04890.18
PF20088.4	PF20088.4
PF20089.4	PF20089.4
PF20090.4	PF20090.4
PF20092.4	PF20092.4
PF20093.5	PF20093.5
PF20095.4	PF20095.4
PF20096.4	PF20096.4
PF20097.4	PF20097.4
PF20098.4	PF20098.4
PF20099.4	PF20099.4
PF20100.4	PF20100.4
PF20101.4	PF20101.4
PF20102.4	PF20102.4
PF20103.6	PF20103.6
PF20104.4	PF20104.4
PF20105.4	PF20105.4
PF20106.4	PF20106.4
PF20107.4	PF20107.4
PF20108.4	PF20108.4
PF20110.4	PF20110.4
PF20111.4	PF20111.4
PF20112.4	PF20112.4
PF20113.4	PF20113.4
PF20114.4	PF20114.4
PF20115.4	PF20115.4
PF20116.4	PF20116.4
PF20316.5	PF20316.5
PF20318.3	PF20318.3
PF20319.3	PF20319.3
PF20320.3	PF20320.3
PF20321.3	PF20321.3
PF20322.3	PF20322.3
PF20323.3	PF20323.3
PF20324.3	PF20324.3
PF20325.3	PF20325.3
PF20326.3	PF20326.3
PF20327.3	PF20327.3
PF20328.3	PF20328.3
PF20329.3	PF20329.3
PF20330.3	PF20330.3
PF20331.3	PF20331.3
PF20332.3	PF20332.3
PF20333.3	PF20333.3
PF20334.3	PF20334.3
PF20335.4	PF20335.4
PF20336.3	PF20336.3
PF20337.3	PF20337.3
PF20338.3	PF20338.3
PF20339.3	PF20339.3
PF20340.3	PF20340.3
PF20341.3	PF20341.3
PF20342.3	PF20342.3
PF20343.3	PF20343.3
PF20344.3	PF20344.3
PF20345.3	PF20345.3
PF20346.3	PF20346.3
PF20347.3	PF20347.3
PF20348.3	PF20348.3
PF20349.3	PF20349.3
PF20350.3	PF20350.3
PF20351.4	PF20351.4
PF20352.3	PF20352.3
PF20353.3	PF20353.3
PF20354.3	PF20354.3
PF20355.3	PF20355.3
PF20356.3	PF20356.3
PF20357.3	PF20357.3
PF20358.3	PF20358.3
PF20360.3	PF20360.3
PF20361.3	PF20361.3
PF20362.3	PF20362.3
PF20363.3	PF20363.3
PF20364.3	PF20364.3
PF20365.3	PF20365.3
PF20366.3	PF20366.3
PF20367.4	PF20367.4
PF20368.3	PF20368.3
PF20369.3	PF20369.3
PF20370.3	PF20370.3
PF20371.4	PF20371.4
PF20372.3	PF20372.3
PF20373.3	PF20373.3
PF20374.3	PF20374.3
PF20375.3	PF20375.3
PF20376.4	PF20376.4
PF20377.3	PF20377.3
PF20378.3	PF20378.3
PF20379.3	PF20379.3
PF20380.3	PF20380.3
PF20382.3	PF20382.3
PF20383.3	PF20383.3
PF20384.3	PF20384.3
PF05003.17	PF05003.17
PF20385.3	PF20385.3
PF20386.3	PF20386.3
PF20388.3	PF20388.3
PF20389.3	PF20389.3
PF20390.3	PF20390.3
PF20391.3	PF20391.3
PF20392.3	PF20392.3
PF20394.4	PF20394.4
PF23543.1	PF23543.1
PF20396.3	PF20396.3
PF05037.18	PF05037.18
PF20397.3	PF20397.3
PF20398.3	PF20398.3
PF20402.4	PF20402.4
PF20403.5	PF20403.5
PF20404.3	PF20404.3
PF20405.4	PF20405.4
PF20411.3	PF20411.3
PF20414.3	PF20414.3
PF20415.3	PF20415.3
PF20419.3	PF20419.3
PF20420.3	PF20420.3
PF20444.3	PF20444.3
PF20447.3	PF20447.3
PF20448.3	PF20448.3
PF20449.3	PF20449.3
PF20453.3	PF20453.3
PF20455.3	PF20455.3
PF20456.3	PF20456.3
PF20457.3	PF20457.3
PF20458.3	PF20458.3
PF20459.4	PF20459.4
PF20460.3	PF20460.3
PF19737.4	PF19737.4
PF04620.18	PF04620.18
PF05377.16	PF05377.16
PF24102.1	PF24102.1
PF07309.16	PF07309.16
PF22201.2	PF22201.2
PF03646.20	PF03646.20
PF03614.18	PF03614.18
PF12611.13	PF12611.13
PF05149.17	PF05149.17
PF00700.27	PF00700.27
PF08884.16	PF08884.16
PF07196.18	PF07196.18
PF00669.25	PF00669.25
PF01613.24	PF01613.24
PF01003.24	PF01003.24
PF07652.20	PF07652.20
PF21659.2	PF21659.2
PF00869.25	PF00869.25
PF02832.22	PF02832.22
PF01004.24	PF01004.24
PF00948.26	PF00948.26
PF01005.24	PF01005.24
PF01002.24	PF01002.24
PF01350.22	PF01350.22
PF01349.22	PF01349.22
PF00972.25	PF00972.25
PF20483.3	PF20483.3
PF01570.22	PF01570.22
PF00258.30	PF00258.30
PF12641.12	PF12641.12
PF12682.12	PF12682.12
PF12724.12	PF12724.12
PF07972.16	PF07972.16
PF01687.23	PF01687.23
PF02441.25	PF02441.25
PF20907.2	PF20907.2
PF06289.16	PF06289.16
PF07378.16	PF07378.16
PF06490.17	PF06490.17
PF00286.25	PF00286.25
PF08358.15	PF08358.15
PF22438.2	PF22438.2
PF21610.2	PF21610.2
PF03963.19	PF03963.19
PF13860.13	PF13860.13
PF13861.12	PF13861.12
PF22367.1	PF22367.1
PF07559.19	PF07559.19
PF21464.2	PF21464.2
PF02107.21	PF02107.21
PF02119.21	PF02119.21
PF21158.3	PF21158.3
PF21159.3	PF21159.3
PF22638.1	PF22638.1
PF04316.19	PF04316.19
PF05130.17	PF05130.17
PF17680.6	PF17680.6
PF16538.11	PF16538.11
PF16539.10	PF16539.10
PF16548.10	PF16548.10
PF06429.18	PF06429.18
PF00460.25	PF00460.25
PF02120.21	PF02120.21
PF09479.16	PF09479.16
PF18998.6	PF18998.6
PF05280.16	PF05280.16
PF05247.18	PF05247.18
PF06366.19	PF06366.19
PF22510.1	PF22510.1
PF12445.13	PF12445.13
PF22370.1	PF22370.1
PF21504.2	PF21504.2
PF12613.13	PF12613.13
PF07195.17	PF07195.17
PF02465.23	PF02465.23
PF02049.23	PF02049.23
PF01706.21	PF01706.21
PF14841.11	PF14841.11
PF14842.11	PF14842.11
PF02108.21	PF02108.21
PF02050.21	PF02050.21
PF03748.19	PF03748.19
PF10306.14	PF10306.14
PF02154.20	PF02154.20
PF01052.25	PF01052.25
PF16973.10	PF16973.10
PF04347.18	PF04347.18
PF00813.25	PF00813.25
PF02561.19	PF02561.19
PF16522.10	PF16522.10
PF05400.18	PF05400.18
PF02623.20	PF02623.20
PF10768.14	PF10768.14
PF22636.2	PF22636.2
PF10182.14	PF10182.14
PF12127.13	PF12127.13
PF00624.23	PF00624.23
PF13928.11	PF13928.11
PF15024.11	PF15024.11
PF00982.27	PF00982.27
PF13506.12	PF13506.12
PF03901.23	PF03901.23
PF18404.7	PF18404.7
PF01755.23	PF01755.23
PF03033.26	PF03033.26
PF00777.23	PF00777.23
PF05637.18	PF05637.18
PF06165.17	PF06165.17
PF13439.12	PF13439.12
PF13439.12	PF13579.12
PF13844.12	PF13844.12
PF03360.21	PF03360.21
PF13896.12	PF13896.12
PF08323.17	PF08323.17
PF07922.17	PF07922.17
PF07429.17	PF07429.17
PF03414.19	PF03414.19
PF04577.19	PF04577.19
PF09258.16	PF09258.16
PF02709.20	PF02709.20
PF13733.12	PF13733.12
PF01501.26	PF01501.26
PF16849.11	PF16849.11
PF08437.15	PF08437.15
PF01075.23	PF01075.23
PF05686.18	PF05686.18
PF01697.33	PF01697.33
PF21912.2	PF21912.2
PF13524.12	PF13524.12
PF13528.12	PF13528.12
PF13692.12	PF13692.12
PF13632.12	PF13632.12
PF13477.12	PF13477.12
PF12000.14	PF12000.14
PF16994.11	PF16994.11
PF09318.15	PF09318.15
PF17039.10	PF17039.10
PF04101.22	PF04101.22
PF14307.12	PF14307.12
PF03808.19	PF03808.19
PF18230.7	PF18230.7
PF12524.13	PF12524.13
PF12681.13	PF12681.13
PF13468.12	PF13468.12
PF13669.12	PF13669.12
PF13669.12	PF00903.31
PF14696.12	PF14696.12
PF18029.7	PF18029.7
PF19581.5	PF19581.5
PF20066.5	PF20066.5
PF07250.17	PF07250.17
PF04464.20	PF04464.20
PF01153.25	PF01153.25
PF08444.16	PF08444.16
PF06021.17	PF06021.17
PF02595.20	PF02595.20
PF01228.26	PF01228.26
PF09338.16	PF09338.16
PF21722.3	PF21722.3
PF14272.11	PF14272.11
PF04488.21	PF04488.21
PF03458.18	PF03458.18
PF19046.5	PF19046.5
PF10647.15	PF10647.15
PF10648.15	PF10648.15
PF06540.16	PF06540.16
PF05199.19	PF05199.19
PF22500.2	PF22500.2
PF00732.25	PF00732.25
PF22699.1	PF22699.1
PF25087.1	PF25087.1
PF05351.17	PF05351.17
PF00958.27	PF00958.27
PF07510.16	PF07510.16
PF03235.19	PF03235.19
PF22560.2	PF22560.2
PF09535.15	PF09535.15
PF01109.22	PF01109.22
PF08701.16	PF08701.16
PF05643.16	PF05643.16
PF22559.2	PF22559.2
PF12746.13	PF12746.13
PF13718.12	PF13718.12
PF18164.7	PF18164.7
PF18407.7	PF18407.7
PF22998.2	PF22998.2
PF24993.1	PF24993.1
PF22051.1	PF22051.1
PF12369.13	PF12369.13
PF00446.22	PF00446.22
PF08178.16	PF08178.16
PF03071.21	PF03071.21
PF02447.22	PF02447.22
PF00392.27	PF00392.27
PF13807.11	PF13807.11
PF09118.17	PF09118.17
PF13897.11	PF13897.11
PF25099.1	PF25099.1
PF05064.18	PF05064.18
PF14757.11	PF14757.11
PF14758.12	PF14758.12
PF14755.11	PF14755.11
PF17896.6	PF17896.6
PF20852.2	PF20852.2
PF09745.14	PF09745.14
PF11073.13	PF11073.13
PF13945.11	PF13945.11
PF20703.3	PF20703.3
PF20702.3	PF20702.3
PF20720.3	PF20720.3
PF25201.1	PF25201.1
PF24406.1	PF24406.1
PF25199.1	PF25199.1
PF24404.1	PF24404.1
PF21148.3	PF21148.3
PF21153.3	PF21153.3
PF10358.15	PF10358.15
PF06941.18	PF06941.18
PF03146.21	PF03146.21
PF20697.3	PF20697.3
PF08780.16	PF08780.16
PF24690.1	PF24690.1
PF22127.1	PF22127.1
PF13006.12	PF13006.12
PF24179.1	PF24179.1
PF14540.12	PF14540.12
PF02136.26	PF02136.26
PF23056.1	PF23056.1
PF24840.1	PF24840.1
PF25155.1	PF25155.1
PF19338.4	PF19338.4
PF08470.16	PF08470.16
PF15500.11	PF15500.11
PF15520.11	PF15520.11
PF15521.11	PF15521.11
PF15522.11	PF15522.11
PF15604.11	PF15604.11
PF15523.11	PF15523.11
PF15524.11	PF15524.11
PF15526.11	PF15526.11
PF15527.11	PF15527.11
PF15528.11	PF15528.11
PF15529.11	PF15529.11
PF15530.11	PF15530.11
PF15531.11	PF15531.11
PF15605.11	PF15605.11
PF15536.11	PF15536.11
PF15532.11	PF15532.11
PF15533.11	PF15533.11
PF15606.11	PF15606.11
PF15534.11	PF15534.11
PF15535.12	PF15535.12
PF15541.11	PF15541.11
PF15537.11	PF15537.11
PF15607.11	PF15607.11
PF15538.12	PF15538.12
PF15540.11	PF15540.11
PF15543.11	PF15543.11
PF15542.11	PF15542.11
PF15544.11	PF15544.11
PF15545.11	PF15545.11
PF03266.21	PF03266.21
PF01931.24	PF01931.24
PF11602.14	PF11602.14
PF00483.29	PF00483.29
PF01909.29	PF01909.29
PF01909.29	PF18765.7
PF12804.13	PF12804.13
PF13562.11	PF13562.11
PF14907.12	PF14907.12
PF06042.17	PF06042.17
PF07984.18	PF07984.18
PF12281.14	PF12281.14
PF04248.19	PF04248.19
PF01759.27	PF01759.27
PF15458.11	PF15458.11
PF19312.4	PF19312.4
PF20841.2	PF20841.2
PF15447.11	PF15447.11
PF15448.11	PF15448.11
PF24967.1	PF24967.1
PF24275.1	PF24275.1
PF24268.1	PF24268.1
PF24274.1	PF24274.1
PF09764.15	PF09764.15
PF24103.1	PF24103.1
PF09340.15	PF09340.15
PF08600.16	PF08600.16
PF18510.6	PF18510.6
PF08157.16	PF08157.16
PF08159.17	PF08159.17
PF25434.1	PF25434.1
PF08133.16	PF08133.16
PF11030.13	PF11030.13
PF11128.13	PF11128.13
PF16725.10	PF16725.10
PF03066.21	PF03066.21
PF04096.20	PF04096.20
PF03177.20	PF03177.20
PF18553.7	PF18553.7
PF18262.7	PF18262.7
PF07976.19	PF07976.19
PF02912.23	PF02912.23
PF08916.16	PF08916.16
PF16737.10	PF16737.10
PF12618.13	PF12618.13
PF03660.19	PF03660.19
PF09524.15	PF09524.15
PF06720.17	PF06720.17
PF05435.16	PF05435.16
PF05464.17	PF05464.17
PF20934.2	PF20934.2
PF17427.7	PF17427.7
PF22387.1	PF22387.1
PF20961.2	PF20961.2
PF12699.13	PF12699.13
PF04674.17	PF04674.17
PF20474.3	PF20474.3
PF07243.16	PF07243.16
PF07245.16	PF07245.16
PF07246.16	PF07246.16
PF19019.6	PF19019.6
PF14703.12	PF14703.12
PF12621.13	PF12621.13
PF06754.17	PF06754.17
PF05845.17	PF05845.17
PF05861.17	PF05861.17
PF06007.16	PF06007.16
PF01384.25	PF01384.25
PF11124.14	PF11124.14
PF10032.14	PF10032.14
PF09423.15	PF09423.15
PF19050.5	PF19050.5
PF16655.11	PF16655.11
PF02562.22	PF02562.22
PF16212.11	PF16212.11
PF16209.10	PF16209.10
PF10142.15	PF10142.15
PF08918.16	PF08918.16
PF11808.13	PF11808.13
PF02114.22	PF02114.22
PF15698.10	PF15698.10
PF21234.2	PF21234.2
PF10143.14	PF10143.14
PF01663.27	PF01663.27
PF04185.19	PF04185.19
PF04272.19	PF04272.19
PF00068.24	PF00068.24
PF05826.17	PF05826.17
PF09056.16	PF09056.16
PF08398.15	PF08398.15
PF04916.18	PF04916.18
PF00922.22	PF00922.22
PF00343.26	PF00343.26
PF10195.14	PF10195.14
PF13914.11	PF13914.11
PF13916.11	PF13916.11
PF08543.17	PF08543.17
PF00124.24	PF00124.24
PF01895.24	PF01895.24
PF01865.21	PF01865.21
PF05787.19	PF05787.19
PF02811.25	PF02811.25
PF13263.12	PF13263.12
PF08005.17	PF08005.17
PF11131.13	PF11131.13
PF14727.13	PF14727.13
PF12129.13	PF12129.13
PF00360.26	PF00360.26
PF00502.25	PF00502.25
PF02972.19	PF02972.19
PF05721.19	PF05721.19
PF19281.4	PF19281.4
PF22233.2	PF22233.2
PF22029.2	PF22029.2
PF02333.21	PF02333.21
PF13449.12	PF13449.12
PF15438.11	PF15438.11
PF05023.20	PF05023.20
PF09328.15	PF09328.15
PF07124.16	PF07124.16
PF05451.16	PF05451.16
PF07236.16	PF07236.16
PF05878.16	PF05878.16
PF03284.19	PF03284.19
PF02567.21	PF02567.21
PF16457.11	PF16457.11
PF16652.11	PF16652.11
PF17787.7	PF17787.7
PF17339.8	PF17339.8
PF17838.7	PF17838.7
PF18012.7	PF18012.7
PF18469.7	PF18469.7
PF19057.6	PF19057.6
PF08458.16	PF08458.16
PF20399.4	PF20399.4
PF04387.19	PF04387.19
PF14566.11	PF14566.11
PF15713.10	PF15713.10
PF01242.24	PF01242.24
PF10131.15	PF10131.15
PF12453.13	PF12453.13
PF18861.7	PF18861.7
PF12789.12	PF12789.12
PF00854.27	PF00854.27
PF15237.11	PF15237.11
PF00381.24	PF00381.24
PF03829.18	PF03829.18
PF03830.20	PF03830.20
PF01885.22	PF01885.22
PF00358.26	PF00358.26
PF00359.27	PF00359.27
PF00367.25	PF00367.25
PF02378.23	PF02378.23
PF13303.11	PF13303.11
PF02255.21	PF02255.21
PF02302.22	PF02302.22
PF01472.26	PF01472.26
PF24405.1	PF24405.1
PF14306.12	PF14306.12
PF17785.7	PF17785.7
PF20260.4	PF20260.4
PF25378.1	PF25378.1
PF09409.15	PF09409.15
PF25368.1	PF25368.1
PF25240.1	PF25240.1
PF23112.1	PF23112.1
PF18486.7	PF18486.7
PF03209.21	PF03209.21
PF07905.16	PF07905.16
PF03714.20	PF03714.20
PF18457.6	PF18457.6
PF00806.25	PF00806.25
PF16553.11	PF16553.11
PF05398.16	PF05398.16
PF22493.2	PF22493.2
PF08324.17	PF08324.17
PF21653.3	PF21653.3
PF17999.7	PF17999.7
PF18494.6	PF18494.6
PF17967.7	PF17967.7
PF11852.14	PF11852.14
PF15826.10	PF15826.10
PF24627.1	PF24627.1
PF16913.11	PF16913.11
PF05639.16	PF05639.16
PF03136.20	PF03136.20
PF04845.19	PF04845.19
PF17769.7	PF17769.7
PF16904.10	PF16904.10
PF02700.19	PF02700.19
PF21244.3	PF21244.3
PF16656.11	PF16656.11
PF02245.21	PF02245.21
PF09182.16	PF09182.16
PF21238.2	PF21238.2
PF21237.2	PF21237.2
PF22023.1	PF22023.1
PF23943.1	PF23943.1
PF16872.10	PF16872.10
PF17426.7	PF17426.7
PF22696.2	PF22696.2
PF21775.3	PF21775.3
PF18083.6	PF18083.6
PF06971.19	PF06971.19
PF06888.18	PF06888.18
PF06637.16	PF06637.16
PF14065.11	PF14065.11
PF01862.21	PF01862.21
PF07768.16	PF07768.16
PF21598.3	PF21598.3
PF12433.14	PF12433.14
PF01480.22	PF01480.22
PF20886.2	PF20886.2
PF20887.3	PF20887.3
PF00855.23	PF00855.23
PF22988.2	PF22988.2
PF00787.29	PF00787.29
PF02194.20	PF02194.20
PF12828.12	PF12828.12
PF17362.7	PF17362.7
PF17443.8	PF17443.8
PF12778.12	PF12778.12
PF15214.11	PF15214.11
PF24428.1	PF24428.1
PF18967.5	PF18967.5
PF02436.23	PF02436.23
PF20305.4	PF20305.4
PF21360.3	PF21360.3
PF21455.3	PF21455.3
PF07831.19	PF07831.19
PF11112.13	PF11112.13
PF06958.17	PF06958.17
PF25129.1	PF25129.1
PF08052.16	PF08052.16
PF01948.23	PF01948.23
PF21960.2	PF21960.2
PF11776.13	PF11776.13
PF16971.10	PF16971.10
PF16976.10	PF16976.10
PF12273.13	PF12273.13
PF07326.16	PF07326.16
PF09456.16	PF09456.16
PF05177.18	PF05177.18
PF16359.11	PF16359.11
PF16358.11	PF16358.11
PF11826.13	PF11826.13
PF14473.11	PF14473.11
PF06271.18	PF06271.18
PF15828.10	PF15828.10
PF09187.15	PF09187.15
PF21811.2	PF21811.2
PF04381.17	PF04381.17
PF11002.13	PF11002.13
PF23348.1	PF23348.1
PF24577.1	PF24577.1
PF05183.17	PF05183.17
PF00680.25	PF00680.25
PF00978.26	PF00978.26
PF00998.28	PF00998.28
PF02123.21	PF02123.21
PF07925.16	PF07925.16
PF09231.15	PF09231.15
PF10262.15	PF10262.15
PF16814.10	PF16814.10
PF22558.3	PF22558.3
PF22558.3	PF20796.3
PF21559.3	PF21559.3
PF11747.13	PF11747.13
PF18501.6	PF18501.6
PF21736.2	PF21736.2
PF17378.7	PF17378.7
PF15165.12	PF15165.12
PF00154.27	PF00154.27
PF04084.20	PF04084.20
PF21096.2	PF21096.2
PF16786.11	PF16786.11
PF17946.7	PF17946.7
PF21185.3	PF21185.3
PF24896.1	PF24896.1
PF11465.14	PF11465.14
PF11548.13	PF11548.13
PF01030.30	PF01030.30
PF19833.4	PF19833.4
PF17190.9	PF17190.9
PF17191.10	PF17191.10
PF22047.1	PF22047.1
PF20748.2	PF20748.2
PF17768.7	PF17768.7
PF22961.1	PF22961.1
PF07508.19	PF07508.19
PF02565.21	PF02565.21
PF11967.14	PF11967.14
PF13114.12	PF13114.12
PF21220.3	PF21220.3
PF06959.16	PF06959.16
PF16124.10	PF16124.10
PF21175.2	PF21175.2
PF21176.3	PF21176.3
PF02132.21	PF02132.21
PF03837.19	PF03837.19
PF03838.20	PF03838.20
PF21982.2	PF21982.2
PF02631.22	PF02631.22
PF21981.2	PF21981.2
PF07964.16	PF07964.16
PF21761.2	PF21761.2
PF15089.11	PF15089.11
PF14759.12	PF14759.12
PF07807.16	PF07807.16
PF07808.18	PF07808.18
PF02014.22	PF02014.22
PF21471.3	PF21471.3
PF05755.17	PF05755.17
PF10715.15	PF10715.15
PF18561.7	PF18561.7
PF11495.14	PF11495.14
PF07494.17	PF07494.17
PF02010.21	PF02010.21
PF03432.20	PF03432.20
PF11083.13	PF11083.13
PF20874.2	PF20874.2
PF19296.4	PF19296.4
PF04607.23	PF04607.23
PF04221.18	PF04221.18
PF18506.6	PF18506.6
PF16180.10	PF16180.10
PF16181.10	PF16181.10
PF06296.18	PF06296.18
PF12606.13	PF12606.13
PF04025.18	PF04025.18
PF03763.18	PF03763.18
PF03766.18	PF03766.18
PF07850.20	PF07850.20
PF25294.1	PF25294.1
PF08978.17	PF08978.17
PF20830.2	PF20830.2
PF00979.22	PF00979.22
PF21062.2	PF21062.2
PF21060.3	PF21060.3
PF21061.3	PF21061.3
PF06016.17	PF06016.17
PF21063.2	PF21063.2
PF21065.3	PF21065.3
PF21066.3	PF21066.3
PF21064.2	PF21064.2
PF05993.17	PF05993.17
PF07781.16	PF07781.16
PF20790.2	PF20790.2
PF20831.2	PF20831.2
PF20832.2	PF20832.2
PF06043.17	PF06043.17
PF01664.22	PF01664.22
PF04582.17	PF04582.17
PF17750.6	PF17750.6
PF04057.18	PF04057.18
PF21205.3	PF21205.3
PF01051.27	PF01051.27
PF08048.17	PF08048.17
PF04796.18	PF04796.18
PF06970.17	PF06970.17
PF16900.11	PF16900.11
PF07506.17	PF07506.17
PF10723.15	PF10723.15
PF21861.2	PF21861.2
PF16793.10	PF16793.10
PF22448.1	PF22448.1
PF06504.17	PF06504.17
PF22477.2	PF22477.2
PF05732.17	PF05732.17
PF03090.23	PF03090.23
PF13814.12	PF13814.12
PF21860.1	PF21860.1
PF21859.2	PF21859.2
PF11423.14	PF11423.14
PF01421.25	PF01421.25
PF13582.12	PF13582.12
PF13583.11	PF13583.11
PF13688.12	PF13688.12
PF13688.12	PF13574.12
PF20199.4	PF20199.4
PF01446.23	PF01446.23
PF17873.7	PF17873.7
PF05797.17	PF05797.17
PF08661.17	PF08661.17
PF08646.16	PF08646.16
PF08542.16	PF08542.16
PF08724.16	PF08724.16
PF01719.23	PF01719.23
PF23343.2	PF23343.2
PF06926.16	PF06926.16
PF02486.25	PF02486.25
PF03248.18	PF03248.18
PF08808.17	PF08808.17
PF05140.19	PF05140.19
PF25477.1	PF25477.1
PF04851.21	PF04851.21
PF06954.16	PF06954.16
PF00239.26	PF00239.26
PF14948.11	PF14948.11
PF00072.30	PF00072.30
PF19192.6	PF19192.6
PF16684.10	PF16684.10
PF11407.14	PF11407.14
PF11487.14	PF11487.14
PF11487.14	PF14562.12
PF20878.2	PF20878.2
PF18528.7	PF18528.7
PF11891.13	PF11891.13
PF02453.23	PF02453.23
PF15449.11	PF15449.11
PF04527.17	PF04527.17
PF03732.24	PF03732.24
PF14223.12	PF14223.12
PF14244.12	PF14244.12
PF17241.8	PF17241.8
PF02813.19	PF02813.19
PF17756.7	PF17756.7
PF17812.7	PF17812.7
PF17813.7	PF17813.7
PF22540.1	PF22540.1
PF00424.23	PF00424.23
PF16727.10	PF16727.10
PF24065.1	PF24065.1
PF15969.10	PF15969.10
PF15968.10	PF15968.10
PF09545.15	PF09545.15
PF09665.15	PF09665.15
PF09491.16	PF09491.16
PF09499.16	PF09499.16
PF18062.7	PF18062.7
PF24447.1	PF24447.1
PF09549.16	PF09549.16
PF18643.7	PF18643.7
PF09504.16	PF09504.16
PF09552.15	PF09552.15
PF09516.16	PF09516.16
PF09517.16	PF09517.16
PF09553.16	PF09553.16
PF14511.12	PF14511.12
PF19778.5	PF19778.5
PF09554.16	PF09554.16
PF09556.15	PF09556.15
PF09518.16	PF09518.16
PF09519.16	PF09519.16
PF09561.16	PF09561.16
PF09563.16	PF09563.16
PF09562.16	PF09562.16
PF09567.15	PF09567.15
PF09568.16	PF09568.16
PF09564.16	PF09564.16
PF09565.16	PF09565.16
PF20731.2	PF20731.2
PF09521.16	PF09521.16
PF09522.15	PF09522.15
PF09566.16	PF09566.16
PF09569.16	PF09569.16
PF09570.16	PF09570.16
PF09573.16	PF09573.16
PF09520.16	PF09520.16
PF09572.16	PF09572.16
PF09571.16	PF09571.16
PF00472.26	PF00472.26
PF16658.11	PF16658.11
PF11109.13	PF11109.13
PF08519.17	PF08519.17
PF22534.1	PF22534.1
PF04506.18	PF04506.18
PF04589.18	PF04589.18
PF14621.11	PF14621.11
PF18326.6	PF18326.6
PF15289.11	PF15289.11
PF02257.21	PF02257.21
PF15151.11	PF15151.11
PF21259.3	PF21259.3
PF10843.13	PF10843.13
PF18370.7	PF18370.7
PF21348.3	PF21348.3
PF06534.18	PF06534.18
PF06535.17	PF06535.17
PF03214.19	PF03214.19
PF08737.15	PF08737.15
PF05045.17	PF05045.17
PF25308.1	PF25308.1
PF00615.24	PF00615.24
PF09128.16	PF09128.16
PF16613.10	PF16613.10
PF16611.10	PF16611.10
PF16612.10	PF16612.10
PF18148.6	PF18148.6
PF09744.14	PF09744.14
PF22180.2	PF22180.2
PF18515.6	PF18515.6
PF20859.2	PF20859.2
PF06134.17	PF06134.17
PF24833.1	PF24833.1
PF00974.24	PF00974.24
PF03342.19	PF03342.19
PF04785.17	PF04785.17
PF03397.20	PF03397.20
PF00945.23	PF00945.23
PF03216.18	PF03216.18
PF02484.20	PF02484.20
PF21557.3	PF21557.3
PF05336.19	PF05336.19
PF06045.17	PF06045.17
PF11316.14	PF11316.14
PF06379.18	PF06379.18
PF05879.18	PF05879.18
PF16179.11	PF16179.11
PF00554.27	PF00554.27
PF24456.1	PF24456.1
PF24235.1	PF24235.1
PF09284.16	PF09284.16
PF01402.27	PF01402.27
PF23807.1	PF23807.1
PF12651.13	PF12651.13
PF13467.12	PF13467.12
PF07878.17	PF07878.17
PF16762.11	PF16762.11
PF16777.11	PF16777.11
PF17723.7	PF17723.7
PF19839.5	PF19839.5
PF22336.2	PF22336.2
PF21887.2	PF21887.2
PF12721.12	PF12721.12
PF15319.11	PF15319.11
PF12300.13	PF12300.13
PF00581.25	PF00581.25
PF12368.13	PF12368.13
PF11511.13	PF11511.13
PF10413.14	PF10413.14
PF00620.32	PF00620.32
PF16512.11	PF16512.11
PF19518.5	PF19518.5
PF00621.25	PF00621.25
PF03846.20	PF03846.20
PF08257.16	PF08257.16
PF00884.28	PF00884.28
PF14707.11	PF14707.11
PF00916.26	PF00916.26
PF05584.17	PF05584.17
PF01033.22	PF01033.22
PF03002.20	PF03002.20
PF17081.10	PF17081.10
PF13981.11	PF13981.11
PF13979.11	PF13979.11
PF18090.7	PF18090.7
PF11047.13	PF11047.13
PF07487.18	PF07487.18
PF07682.17	PF07682.17
PF02208.21	PF02208.21
PF25220.1	PF25220.1
PF09666.16	PF09666.16
PF04203.18	PF04203.18
PF15902.12	PF15902.12
PF15901.10	PF15901.10
PF03700.18	PF03700.18
PF22496.1	PF22496.1
PF01680.23	PF01680.23
PF22697.2	PF22697.2
PF22697.2	PF15411.12
PF22697.2	PF22286.2
PF20882.2	PF20882.2
PF15925.10	PF15925.10
PF17079.10	PF17079.10
PF04832.17	PF04832.17
PF12067.13	PF12067.13
PF21342.2	PF21342.2
PF04267.17	PF04267.17
PF06525.17	PF06525.17
PF22852.1	PF22852.1
PF04268.17	PF04268.17
PF12336.13	PF12336.13
PF13501.12	PF13501.12
PF08770.17	PF08770.17
PF12444.13	PF12444.13
PF14313.11	PF14313.11
PF17806.6	PF17806.6
PF20304.3	PF20304.3
PF20306.3	PF20306.3
PF23932.1	PF23932.1
PF03014.20	PF03014.20
PF16504.10	PF16504.10
PF20752.3	PF20752.3
PF20751.3	PF20751.3
PF07354.18	PF07354.18
PF08616.15	PF08616.15
PF18218.6	PF18218.6
PF17802.7	PF17802.7
PF19403.5	PF19403.5
PF20674.3	PF20674.3
PF24514.1	PF24514.1
PF15307.11	PF15307.11
PF15120.11	PF15120.11
PF16077.10	PF16077.10
PF02090.21	PF02090.21
PF02510.20	PF02510.20
PF07458.17	PF07458.17
PF22004.1	PF22004.1
PF10591.15	PF10591.15
PF19160.5	PF19160.5
PF11881.13	PF11881.13
PF13186.11	PF13186.11
PF15212.11	PF15212.11
PF15743.10	PF15743.10
PF15175.11	PF15175.11
PF15218.11	PF15218.11
PF21388.2	PF21388.2
PF15662.10	PF15662.10
PF15251.11	PF15251.11
PF03943.19	PF03943.19
PF09281.16	PF09281.16
PF12950.13	PF12950.13
PF25050.1	PF25050.1
PF02203.21	PF02203.21
PF21951.1	PF21951.1
PF21731.2	PF21731.2
PF18674.7	PF18674.7
PF22377.2	PF22377.2
PF22181.1	PF22181.1
PF05296.19	PF05296.19
PF22378.1	PF22378.1
PF21487.2	PF21487.2
PF07708.16	PF07708.16
PF15133.11	PF15133.11
PF23314.1	PF23314.1
PF00539.23	PF00539.23
PF02416.21	PF02416.21
PF00902.23	PF00902.23
PF01026.27	PF01026.27
PF03430.19	PF03430.19
PF16811.11	PF16811.11
PF10518.14	PF10518.14
PF07706.17	PF07706.17
PF09734.15	PF09734.15
PF17682.6	PF17682.6
PF02668.22	PF02668.22
PF01925.25	PF01925.25
PF01361.26	PF01361.26
PF21420.2	PF21420.2
PF14552.11	PF14552.11
PF14832.11	PF14832.11
PF02959.21	PF02959.21
PF09728.14	PF09728.14
PF14541.11	PF14541.11
PF14543.11	PF14543.11
PF22332.1	PF22332.1
PF17574.7	PF17574.7
PF00683.22	PF00683.22
PF03134.24	PF03134.24
PF19430.4	PF19430.4
PF02970.22	PF02970.22
PF07986.17	PF07986.17
PF16752.10	PF16752.10
PF12845.12	PF12845.12
PF18394.6	PF18394.6
PF18396.7	PF18396.7
PF00352.27	PF00352.27
PF09247.16	PF09247.16
PF22721.1	PF22721.1
PF17484.7	PF17484.7
PF17483.7	PF17483.7
PF07106.19	PF07106.19
PF21664.2	PF21664.2
PF15517.12	PF15517.12
PF19138.6	PF19138.6
PF03558.18	PF03558.18
PF20627.2	PF20627.2
PF12598.13	PF12598.13
PF20054.4	PF20054.4
PF22785.1	PF22785.1
PF15063.11	PF15063.11
PF22813.1	PF22813.1
PF22820.2	PF22820.2
PF22819.2	PF22819.2
PF19971.4	PF19971.4
PF19972.4	PF19972.4
PF19973.4	PF19973.4
PF19974.5	PF19974.5
PF18518.7	PF18518.7
PF18276.7	PF18276.7
PF21963.2	PF21963.2
PF21968.2	PF21968.2
PF12919.13	PF12919.13
PF12920.12	PF12920.12
PF12918.12	PF12918.12
PF12255.14	PF12255.14
PF12256.14	PF12256.14
PF12104.13	PF12104.13
PF04910.20	PF04910.20
PF16967.11	PF16967.11
PF01840.22	PF01840.22
PF10452.14	PF10452.14
PF03634.19	PF03634.19
PF07202.18	PF07202.18
PF05794.18	PF05794.18
PF05946.17	PF05946.17
PF21497.3	PF21497.3
PF12648.12	PF12648.12
PF06340.16	PF06340.16
PF10671.14	PF10671.14
PF17456.7	PF17456.7
PF03638.21	PF03638.21
PF14944.11	PF14944.11
PF11628.13	PF11628.13
PF01970.21	PF01970.21
PF07331.16	PF07331.16
PF03401.19	PF03401.19
PF15724.10	PF15724.10
PF07851.19	PF07851.19
PF15109.11	PF15109.11
PF07114.16	PF07114.16
PF23408.1	PF23408.1
PF20517.3	PF20517.3
PF20479.3	PF20479.3
PF12371.14	PF12371.14
PF23039.2	PF23039.2
PF15706.10	PF15706.10
PF15705.11	PF15705.11
PF15982.10	PF15982.10
PF14935.11	PF14935.11
PF15110.11	PF15110.11
PF07857.17	PF07857.17
PF21892.1	PF21892.1
PF14857.11	PF14857.11
PF15102.11	PF15102.11
PF15106.11	PF15106.11
PF14808.11	PF14808.11
PF15052.11	PF15052.11
PF15471.11	PF15471.11
PF15029.11	PF15029.11
PF06736.16	PF06736.16
PF14770.11	PF14770.11
PF21885.1	PF21885.1
PF15100.12	PF15100.12
PF15431.11	PF15431.11
PF15194.11	PF15194.11
PF14802.11	PF14802.11
PF15122.11	PF15122.11
PF05620.16	PF05620.16
PF15195.11	PF15195.11
PF15192.11	PF15192.11
PF10151.14	PF10151.14
PF15746.10	PF15746.10
PF14940.11	PF14940.11
PF15071.11	PF15071.11
PF15877.10	PF15877.10
PF10639.15	PF10639.15
PF15383.11	PF15383.11
PF15125.11	PF15125.11
PF15841.10	PF15841.10
PF15207.11	PF15207.11
PF15444.11	PF15444.11
PF15158.11	PF15158.11
PF15190.11	PF15190.11
PF15664.10	PF15664.10
PF14934.11	PF14934.11
PF09772.14	PF09772.14
PF11028.14	PF11028.14
PF03661.18	PF03661.18
PF15108.11	PF15108.11
PF15817.10	PF15817.10
PF07787.17	PF07787.17
PF15345.11	PF15345.11
PF14979.11	PF14979.11
PF15105.11	PF15105.11
PF24394.1	PF24394.1
PF10507.14	PF10507.14
PF06979.18	PF06979.18
PF15121.11	PF15121.11
PF16054.10	PF16054.10
PF15816.10	PF15816.10
PF21901.1	PF21901.1
PF15098.11	PF15098.11
PF15203.11	PF15203.11
PF03647.18	PF03647.18
PF10268.14	PF10268.14
PF10190.14	PF10190.14
PF10269.14	PF10269.14
PF09771.14	PF09771.14
PF10160.15	PF10160.15
PF09788.14	PF09788.14
PF05434.16	PF05434.16
PF10267.14	PF10267.14
PF11044.13	PF11044.13
PF05915.17	PF05915.17
PF12329.13	PF12329.13
PF12325.13	PF12325.13
PF16038.10	PF16038.10
PF06234.18	PF06234.18
PF05017.19	PF05017.19
PF02581.23	PF02581.23
PF10271.14	PF10271.14
PF10272.14	PF10272.14
PF06791.18	PF06791.18
PF20155.4	PF20155.4
PF24622.1	PF24622.1
PF24165.1	PF24165.1
PF24164.1	PF24164.1
PF08409.16	PF08409.16
PF00721.27	PF00721.27
PF21314.2	PF21314.2
PF04982.19	PF04982.19
PF16296.10	PF16296.10
PF25471.1	PF25471.1
PF08721.17	PF08721.17
PF08722.17	PF08722.17
PF11426.13	PF11426.13
PF15638.11	PF15638.11
PF15639.11	PF15639.11
PF15640.11	PF15640.11
PF15641.12	PF15641.12
PF15642.11	PF15642.11
PF13665.11	PF13665.11
PF15643.12	PF15643.12
PF15645.12	PF15645.12
PF15646.12	PF15646.12
PF15647.12	PF15647.12
PF15648.12	PF15648.12
PF15649.12	PF15649.12
PF15650.12	PF15650.12
PF15651.11	PF15651.11
PF15652.11	PF15652.11
PF15653.11	PF15653.11
PF15654.11	PF15654.11
PF22771.1	PF22771.1
PF20178.3	PF20178.3
PF18224.6	PF18224.6
PF14424.12	PF14424.12
PF15659.11	PF15659.11
PF05431.16	PF05431.16
PF07473.16	PF07473.16
PF07740.17	PF07740.17
PF07822.16	PF07822.16
PF07829.16	PF07829.16
PF07906.18	PF07906.18
PF07945.16	PF07945.16
PF08086.17	PF08086.17
PF08087.16	PF08087.16
PF08088.17	PF08088.17
PF00451.25	PF00451.25
PF08089.16	PF08089.16
PF08091.16	PF08091.16
PF08092.16	PF08092.16
PF08093.16	PF08093.16
PF08094.16	PF08094.16
PF08095.16	PF08095.16
PF08097.16	PF08097.16
PF08099.16	PF08099.16
PF08115.16	PF08115.16
PF08116.16	PF08116.16
PF00537.24	PF00537.24
PF08117.16	PF08117.16
PF08119.16	PF08119.16
PF08120.16	PF08120.16
PF08121.16	PF08121.16
PF08396.15	PF08396.15
PF10530.14	PF10530.14
PF10550.14	PF10550.14
PF11415.14	PF11415.14
PF00706.22	PF00706.22
PF05294.19	PF05294.19
PF05453.18	PF05453.18
PF05980.17	PF05980.17
PF07365.17	PF07365.17
PF02819.20	PF02819.20
PF22133.1	PF22133.1
PF21947.2	PF21947.2
PF10753.14	PF10753.14
PF07951.19	PF07951.19
PF07953.20	PF07953.20
PF00087.27	PF00087.27
PF00087.27	PF00021.27
PF11584.14	PF11584.14
PF07952.17	PF07952.17
PF11663.14	PF11663.14
PF13958.12	PF13958.12
PF21609.2	PF21609.2
PF17323.7	PF17323.7
PF22404.2	PF22404.2
PF20740.2	PF20740.2
PF02079.22	PF02079.22
PF01254.23	PF01254.23
PF15331.11	PF15331.11
PF04406.19	PF04406.19
PF12642.13	PF12642.13
PF14811.11	PF14811.11
PF24068.1	PF24068.1
PF04201.20	PF04201.20
PF24480.1	PF24480.1
PF13868.11	PF13868.11
PF16823.10	PF16823.10
PF15338.11	PF15338.11
PF04265.19	PF04265.19
PF04263.21	PF04263.21
PF05724.17	PF05724.17
PF04536.20	PF04536.20
PF10341.16	PF10341.16
PF12580.14	PF12580.14
PF12583.14	PF12583.14
PF21316.3	PF21316.3
PF21223.3	PF21223.3
PF02775.26	PF02775.26
PF00205.28	PF00205.28
PF16582.11	PF16582.11
PF02776.23	PF02776.23
PF20308.4	PF20308.4
PF21889.1	PF21889.1
PF00515.34	PF00515.34
PF00515.34	PF07719.23
PF00515.34	PF13181.12
PF25505.1	PF25505.1
PF24742.1	PF24742.1
PF23702.2	PF23702.2
PF23731.1	PF23731.1
PF24467.1	PF24467.1
PF24472.1	PF24472.1
PF24520.1	PF24520.1
PF24516.1	PF24516.1
PF24515.1	PF24515.1
PF23568.1	PF23568.1
PF23654.1	PF23654.1
PF23628.2	PF23628.2
PF23744.1	PF23744.1
PF24970.1	PF24970.1
PF25326.1	PF25326.1
PF23565.1	PF23565.1
PF23579.1	PF23579.1
PF25058.1	PF25058.1
PF25060.1	PF25060.1
PF25068.1	PF25068.1
PF25064.1	PF25064.1
PF25063.1	PF25063.1
PF25062.1	PF25062.1
PF25010.1	PF25010.1
PF18770.7	PF18770.7
PF18677.6	PF18677.6
PF22166.2	PF22166.2
PF18583.6	PF18583.6
PF07302.16	PF07302.16
PF11723.14	PF11723.14
PF15684.10	PF15684.10
PF05856.17	PF05856.17
PF20208.3	PF20208.3
PF22549.1	PF22549.1
PF12120.14	PF12120.14
PF02752.27	PF02752.27
PF00339.34	PF00339.34
PF04959.19	PF04959.19
PF02374.21	PF02374.21
PF17886.7	PF17886.7
PF02040.21	PF02040.21
PF03960.21	PF03960.21
PF06953.17	PF06953.17
PF03773.19	PF03773.19
PF11449.14	PF11449.14
PF09824.15	PF09824.15
PF01129.24	PF01129.24
PF18760.7	PF18760.7
PF18084.6	PF18084.6
PF01606.22	PF01606.22
PF00951.23	PF00951.23
PF02497.21	PF02497.21
PF16749.10	PF16749.10
PF01481.21	PF01481.21
PF04161.18	PF04161.18
PF01731.26	PF01731.26
PF05935.17	PF05935.17
PF14269.12	PF14269.12
PF17425.8	PF17425.8
PF22804.1	PF22804.1
PF00858.29	PF00858.29
PF04266.20	PF04266.20
PF25026.1	PF25026.1
PF08688.15	PF08688.15
PF22848.2	PF22848.2
PF08687.16	PF08687.16
PF21440.4	PF21440.4
PF04729.19	PF04729.19
PF01671.21	PF01671.21
PF05568.16	PF05568.16
PF05293.16	PF05293.16
PF06556.16	PF06556.16
PF15780.11	PF15780.11
PF21198.3	PF21198.3
PF15323.11	PF15323.11
PF09010.15	PF09010.15
PF19039.6	PF19039.6
PF22304.1	PF22304.1
PF08328.16	PF08328.16
PF14698.11	PF14698.11
PF05170.20	PF05170.20
PF19272.4	PF19272.4
PF03590.20	PF03590.20
PF01037.27	PF01037.27
PF17805.7	PF17805.7
PF22482.2	PF22482.2
PF20917.2	PF20917.2
PF21975.1	PF21975.1
PF00733.27	PF00733.27
PF00026.29	PF00026.29
PF06826.17	PF06826.17
PF05279.16	PF05279.16
PF16993.11	PF16993.11
PF16929.11	PF16929.11
PF03780.18	PF03780.18
PF16996.10	PF16996.10
PF17000.10	PF17000.10
PF00710.25	PF00710.25
PF01112.23	PF01112.23
PF17763.6	PF17763.6
PF18612.7	PF18612.7
PF02043.22	PF02043.22
PF00308.24	PF00308.24
PF08299.17	PF08299.17
PF00216.26	PF00216.26
PF01311.25	PF01311.25
PF01312.24	PF01312.24
PF01313.24	PF01313.24
PF05088.18	PF05088.18
PF18034.6	PF18034.6
PF01152.27	PF01152.27
PF00296.26	PF00296.26
PF18008.6	PF18008.6
PF05592.18	PF05592.18
PF21209.4	PF21209.4
PF17389.8	PF17389.8
PF17390.7	PF17390.7
PF08531.16	PF08531.16
PF01036.24	PF01036.24
PF09501.15	PF09501.15
PF01338.23	PF01338.23
PF02397.22	PF02397.22
PF18855.6	PF18855.6
PF18855.6	PF18851.6
PF18855.6	PF18849.6
PF18844.6	PF18844.6
PF18845.6	PF18845.6
PF18846.6	PF18846.6
PF18848.6	PF18848.6
PF04684.18	PF04684.18
PF12031.14	PF12031.14
PF09256.16	PF09256.16
PF02179.21	PF02179.21
PF12057.13	PF12057.13
PF20960.2	PF20960.2
PF08180.16	PF08180.16
PF01426.24	PF01426.24
PF21744.3	PF21744.3
PF06861.16	PF06861.16
PF06211.18	PF06211.18
PF19337.4	PF19337.4
PF04355.18	PF04355.18
PF02923.21	PF02923.21
PF07565.18	PF07565.18
PF01145.31	PF01145.31
PF13421.11	PF13421.11
PF16200.10	PF16200.10
PF06639.16	PF06639.16
PF05529.17	PF05529.17
PF18035.6	PF18035.6
PF22783.1	PF22783.1
PF03114.23	PF03114.23
PF22305.2	PF22305.2
PF01337.24	PF01337.24
PF15462.11	PF15462.11
PF00967.23	PF00967.23
PF10455.14	PF10455.14
PF16746.10	PF16746.10
PF10456.14	PF10456.14
PF20400.3	PF20400.3
PF04865.19	PF04865.19
PF23779.1	PF23779.1
PF23786.1	PF23786.1
PF01586.21	PF01586.21
PF05466.17	PF05466.17
PF15915.11	PF15915.11
PF07001.16	PF07001.16
PF07584.16	PF07584.16
PF13584.12	PF13584.12
PF06968.18	PF06968.18
PF22296.2	PF22296.2
PF01027.25	PF01027.25
PF12811.12	PF12811.12
PF22372.1	PF22372.1
PF08031.17	PF08031.17
PF14777.11	PF14777.11
PF07289.17	PF07289.17
PF04522.18	PF04522.18
PF21190.3	PF21190.3
PF15272.11	PF15272.11
PF15271.11	PF15271.11
PF07642.17	PF07642.17
PF10082.15	PF10082.15
PF07585.17	PF07585.17
PF14779.12	PF14779.12
PF23351.1	PF23351.1
PF14782.12	PF14782.12
PF23353.1	PF23353.1
PF14783.12	PF14783.12
PF14781.12	PF14781.12
PF23350.1	PF23350.1
PF23360.2	PF23360.2
PF23349.2	PF23349.2
PF23361.1	PF23361.1
PF18063.6	PF18063.6
PF06726.17	PF06726.17
PF21592.3	PF21592.3
PF05700.16	PF05700.16
PF12490.13	PF12490.13
PF21034.3	PF21034.3
PF12399.14	PF12399.14
PF13862.11	PF13862.11
PF02028.23	PF02028.23
PF15461.11	PF15461.11
PF10436.14	PF10436.14
PF25340.1	PF25340.1
PF07284.16	PF07284.16
PF02327.22	PF02327.22
PF00452.24	PF00452.24
PF12201.13	PF12201.13
PF15286.11	PF15286.11
PF10514.14	PF10514.14
PF11502.13	PF11502.13
PF18573.7	PF18573.7
PF12304.13	PF12304.13
PF15318.11	PF15318.11
PF08945.15	PF08945.15
PF04714.18	PF04714.18
PF09257.16	PF09257.16
PF07572.17	PF07572.17
PF15808.10	PF15808.10
PF09399.15	PF09399.15
PF16251.10	PF16251.10
PF12133.13	PF12133.13
PF08779.16	PF08779.16
PF11395.13	PF11395.13
PF12093.14	PF12093.14
PF11501.13	PF11501.13
PF12379.13	PF12379.13
PF17635.7	PF17635.7
PF16451.12	PF16451.12
PF09408.15	PF09408.15
PF12124.13	PF12124.13
PF11633.14	PF11633.14
PF11289.13	PF11289.13
PF09036.15	PF09036.15
PF01869.26	PF01869.26
PF08740.16	PF08740.16
PF03170.19	PF03170.19
PF05420.17	PF05420.17
PF20434.5	PF20434.5
PF21596.3	PF21596.3
PF14439.12	PF14439.12
PF14442.11	PF14442.11
PF21603.3	PF21603.3
PF08072.16	PF08072.16
PF16204.10	PF16204.10
PF21903.1	PF21903.1
PF22256.2	PF22256.2
PF20689.3	PF20689.3
PF20707.3	PF20707.3
PF20690.3	PF20690.3
PF10684.14	PF10684.14
PF06208.17	PF06208.17
PF06515.16	PF06515.16
PF06595.17	PF06595.17
PF06407.16	PF06407.16
PF18820.6	PF18820.6
PF02138.23	PF02138.23
PF17454.7	PF17454.7
PF10523.15	PF10523.15
PF03594.19	PF03594.19
PF07255.17	PF07255.17
PF05744.16	PF05744.16
PF17841.6	PF17841.6
PF05687.18	PF05687.18
PF02944.25	PF02944.25
PF01062.26	PF01062.26
PF17035.10	PF17035.10
PF07944.18	PF07944.18
PF03494.18	PF03494.18
PF25455.1	PF25455.1
PF23763.2	PF23763.2
PF23764.1	PF23764.1
PF25462.1	PF25462.1
PF25461.1	PF25461.1
PF10996.14	PF10996.14
PF21394.3	PF21394.3
PF00144.29	PF00144.29
PF13354.11	PF13354.11
PF16458.10	PF16458.10
PF13570.13	PF13570.13
PF25460.1	PF25460.1
PF25465.1	PF25465.1
PF23635.1	PF23635.1
PF24981.1	PF24981.1
PF23743.1	PF23743.1
PF24067.1	PF24067.1
PF24105.1	PF24105.1
PF15020.11	PF15020.11
PF22844.2	PF22844.2
PF25292.1	PF25292.1
PF23760.1	PF23760.1
PF23761.1	PF23761.1
PF24106.1	PF24106.1
PF23609.1	PF23609.1
PF04762.18	PF04762.18
PF23797.1	PF23797.1
PF25293.1	PF25293.1
PF23409.1	PF23409.1
PF23414.1	PF23414.1
PF23727.1	PF23727.1
PF23756.1	PF23756.1
PF23366.1	PF23366.1
PF23381.1	PF23381.1
PF23377.1	PF23377.1
PF23383.1	PF23383.1
PF23385.1	PF23385.1
PF23335.1	PF23335.1
PF23754.1	PF23754.1
PF03478.24	PF03478.24
PF23748.1	PF23748.1
PF23098.1	PF23098.1
PF11715.16	PF11715.16
PF16755.11	PF16755.11
PF23586.2	PF23586.2
PF25499.1	PF25499.1
PF25440.1	PF25440.1
PF23770.1	PF23770.1
PF23775.1	PF23775.1
PF25494.1	PF25494.1
PF10433.15	PF10433.15
PF23726.1	PF23726.1
PF24017.2	PF24017.2
PF23798.1	PF23798.1
PF25047.1	PF25047.1
PF25048.1	PF25048.1
PF25174.1	PF25174.1
PF25174.1	PF25175.1
PF25174.1	PF24814.1
PF23411.1	PF23411.1
PF23410.3	PF23410.3
PF23751.1	PF23751.1
PF23752.1	PF23752.1
PF23389.1	PF23389.1
PF15911.12	PF15911.12
PF23390.1	PF23390.1
PF24797.1	PF24797.1
PF25171.1	PF25171.1
PF25168.1	PF25168.1
PF25173.1	PF25173.1
PF25172.1	PF25172.1
PF25178.1	PF25178.1
PF23869.1	PF23869.1
PF23769.1	PF23769.1
PF23393.2	PF23393.2
PF24142.1	PF24142.1
PF24143.1	PF24143.1
PF23722.1	PF23722.1
PF24078.1	PF24078.1
PF12125.13	PF12125.13
PF24208.1	PF24208.1
PF13364.12	PF13364.12
PF21317.3	PF21317.3
PF10435.15	PF10435.15
PF13363.11	PF13363.11
PF21467.3	PF21467.3
PF16523.10	PF16523.10
PF01212.27	PF01212.27
PF13229.12	PF13229.12
PF18835.7	PF18835.7
PF18889.6	PF18889.6
PF17030.11	PF17030.11
PF09826.15	PF09826.15
PF25279.1	PF25279.1
PF14350.11	PF14350.11
PF08667.16	PF08667.16
PF00407.25	PF00407.25
PF04538.17	PF04538.17
PF09210.16	PF09210.16
PF22452.1	PF22452.1
PF22576.2	PF22576.2
PF18243.6	PF18243.6
PF21784.3	PF21784.3
PF21785.3	PF21785.3
PF21786.3	PF21786.3
PF02577.19	PF02577.19
PF21606.3	PF21606.3
PF02929.23	PF02929.23
PF21469.2	PF21469.2
PF15285.11	PF15285.11
PF02180.22	PF02180.22
PF10403.14	PF10403.14
PF10404.14	PF10404.14
PF10405.15	PF10405.15
PF14215.12	PF14215.12
PF22754.3	PF22754.3
PF23171.1	PF23171.1
PF23174.1	PF23174.1
PF23179.1	PF23179.1
PF23181.1	PF23181.1
PF23177.1	PF23177.1
PF23176.1	PF23176.1
PF23172.1	PF23172.1
PF23183.1	PF23183.1
PF23170.1	PF23170.1
PF23173.1	PF23173.1
PF23175.1	PF23175.1
PF20959.2	PF20959.2
PF09730.14	PF09730.14
PF06393.16	PF06393.16
PF22359.2	PF22359.2
PF05688.17	PF05688.17
PF20252.3	PF20252.3
PF17964.7	PF17964.7
PF18200.7	PF18200.7
PF19078.6	PF19078.6
PF20251.4	PF20251.4
PF20622.4	PF20622.4
PF02368.24	PF02368.24
PF12245.14	PF12245.14
PF13750.12	PF13750.12
PF13754.12	PF13754.12
PF16640.11	PF16640.11
PF07532.17	PF07532.17
PF17936.7	PF17936.7
PF17957.7	PF17957.7
PF17961.7	PF17961.7
PF17963.7	PF17963.7
PF17963.7	PF17892.7
PF17963.7	PF19077.6
PF18281.7	PF18281.7
PF04775.20	PF04775.20
PF09166.15	PF09166.15
PF20238.4	PF20238.4
PF06773.16	PF06773.16
PF21532.2	PF21532.2
PF06859.18	PF06859.18
PF03495.19	PF03495.19
PF17475.7	PF17475.7
PF17476.7	PF17476.7
PF02084.20	PF02084.20
PF08149.16	PF08149.16
PF04301.19	PF04301.19
PF00351.26	PF00351.26
PF15368.11	PF15368.11
PF02785.25	PF02785.25
PF00289.28	PF00289.28
PF00364.28	PF00364.28
PF13533.13	PF13533.13
PF03744.18	PF03744.18
PF02632.19	PF02632.19
PF21018.2	PF21018.2
PF06832.18	PF06832.18
PF00653.27	PF00653.27
PF12356.13	PF12356.13
PF20489.3	PF20489.3
PF04197.17	PF04197.17
PF20488.3	PF20488.3
PF01766.23	PF01766.23
PF01767.21	PF01767.21
PF01768.21	PF01768.21
PF03042.19	PF03042.19
PF05858.17	PF05858.17
PF05853.18	PF05853.18
PF03493.23	PF03493.23
PF21492.2	PF21492.2
PF25131.1	PF25131.1
PF17778.7	PF17778.7
PF21179.3	PF21179.3
PF22677.2	PF22677.2
PF21629.2	PF21629.2
PF08939.15	PF08939.15
PF17752.6	PF17752.6
PF04273.18	PF04273.18
PF17324.7	PF17324.7
PF07467.17	PF07467.17
PF16547.10	PF16547.10
PF16202.10	PF16202.10
PF11642.13	PF11642.13
PF15753.10	PF15753.10
PF10046.14	PF10046.14
PF24673.1	PF24673.1
PF25040.1	PF25040.1
PF25039.1	PF25039.1
PF20413.5	PF20413.5
PF24917.1	PF24917.1
PF04940.18	PF04940.18
PF05289.16	PF05289.16
PF00936.24	PF00936.24
PF12130.13	PF12130.13
PF15185.11	PF15185.11
PF04380.18	PF04380.18
PF17970.7	PF17970.7
PF17973.7	PF17973.7
PF11974.14	PF11974.14
PF17972.7	PF17972.7
PF17962.7	PF17962.7
PF09132.16	PF09132.16
PF02608.20	PF02608.20
PF15282.11	PF15282.11
PF12141.13	PF12141.13
PF11968.14	PF11968.14
PF10354.15	PF10354.15
PF12496.13	PF12496.13
PF06553.17	PF06553.17
PF02012.26	PF02012.26
PF13088.12	PF13088.12
PF13859.12	PF13859.12
PF15892.11	PF15892.11
PF15899.11	PF15899.11
PF14873.11	PF14873.11
PF04920.18	PF04920.18
PF06358.17	PF06358.17
PF04076.19	PF04076.19
PF07441.16	PF07441.16
PF08955.15	PF08955.15
PF08977.15	PF08977.15
PF01722.23	PF01722.23
PF02044.22	PF02044.22
PF05298.16	PF05298.16
PF08096.16	PF08096.16
PF04972.22	PF04972.22
PF21923.1	PF21923.1
PF08145.17	PF08145.17
PF15280.11	PF15280.11
PF10157.14	PF10157.14
PF16088.10	PF16088.10
PF10167.14	PF10167.14
PF10512.14	PF10512.14
PF14957.11	PF14957.11
PF02414.20	PF02414.20
PF02999.19	PF02999.19
PF04160.17	PF04160.17
PF05628.17	PF05628.17
PF05262.16	PF05262.16
PF03978.18	PF03978.18
PF12298.14	PF12298.14
PF05588.17	PF05588.17
PF00228.25	PF00228.25
PF08146.17	PF08146.17
PF23621.1	PF23621.1
PF10759.14	PF10759.14
PF18040.7	PF18040.7
PF00528.27	PF00528.27
PF19300.4	PF19300.4
PF02653.21	PF02653.21
PF22632.2	PF22632.2
PF06139.17	PF06139.17
PF08000.17	PF08000.17
PF23494.1	PF23494.1
PF25362.1	PF25362.1
PF03703.20	PF03703.20
PF14470.12	PF14470.12
PF06713.17	PF06713.17
PF10882.14	PF10882.14
PF10756.15	PF10756.15
PF20794.3	PF20794.3
PF23491.1	PF23491.1
PF23492.1	PF23492.1
PF02237.23	PF02237.23
PF03099.24	PF03099.24
PF16917.10	PF16917.10
PF09825.15	PF09825.15
PF20030.5	PF20030.5
PF18338.7	PF18338.7
PF21470.2	PF21470.2
PF18667.6	PF18667.6
PF10651.15	PF10651.15
PF08947.15	PF08947.15
PF03087.19	PF03087.19
PF01861.22	PF01861.22
PF17044.10	PF17044.10
PF25315.1	PF25315.1
PF11564.14	PF11564.14
PF15516.12	PF15516.12
PF22008.2	PF22008.2
PF19915.4	PF19915.4
PF19917.4	PF19917.4
PF19918.4	PF19918.4
PF19919.4	PF19919.4
PF19920.4	PF19920.4
PF19921.4	PF19921.4
PF19922.4	PF19922.4
PF06753.17	PF06753.17
PF02485.27	PF02485.27
PF05525.19	PF05525.19
PF07576.18	PF07576.18
PF13882.11	PF13882.11
PF09169.15	PF09169.15
PF09103.16	PF09103.16
PF09104.16	PF09104.16
PF00634.23	PF00634.23
PF21318.3	PF21318.3
PF22687.1	PF22687.1
PF18110.6	PF18110.6
PF00533.33	PF00533.33
PF16589.12	PF16589.12
PF18428.7	PF18428.7
PF12820.12	PF12820.12
PF23294.1	PF23294.1
PF17105.10	PF17105.10
PF06113.17	PF06113.17
PF08647.16	PF08647.16
PF10334.16	PF10334.16
PF07741.18	PF07741.18
PF21938.1	PF21938.1
PF01213.24	PF01213.24
PF09147.15	PF09147.15
PF16861.10	PF16861.10
PF02543.21	PF02543.21
PF01039.27	PF01039.27
PF13620.12	PF13620.12
PF13620.12	PF13715.12
PF02977.21	PF02977.21
PF05388.16	PF05388.16
PF00194.26	PF00194.26
PF10645.14	PF10645.14
PF01256.23	PF01256.23
PF08261.17	PF08261.17
PF00619.27	PF00619.27
PF09002.17	PF09002.17
PF07705.17	PF07705.17
PF22509.2	PF22509.2
PF22346.2	PF22346.2
PF16739.11	PF16739.11
PF21095.3	PF21095.3
PF02559.22	PF02559.22
PF24744.1	PF24744.1
PF23400.1	PF23400.1
PF21955.1	PF21955.1
PF01623.22	PF01623.22
PF11531.14	PF11531.14
PF07942.18	PF07942.18
PF16000.10	PF16000.10
PF08462.16	PF08462.16
PF17888.7	PF17888.7
PF00755.25	PF00755.25
PF04240.17	PF04240.17
PF09150.15	PF09150.15
PF01864.22	PF01864.22
PF06373.16	PF06373.16
PF22335.1	PF22335.1
PF07282.18	PF07282.18
PF07779.18	PF07779.18
PF21802.2	PF21802.2
PF22590.2	PF22590.2
PF18395.6	PF18395.6
PF18019.7	PF18019.7
PF21384.2	PF21384.2
PF20158.4	PF20158.4
PF09559.15	PF09559.15
PF12566.14	PF12566.14
PF12570.13	PF12570.13
PF12572.13	PF12572.13
PF12576.13	PF12576.13
PF12579.13	PF12579.13
PF12581.13	PF12581.13
PF12582.13	PF12582.13
PF12585.13	PF12585.13
PF12586.13	PF12586.13
PF12587.13	PF12587.13
PF12591.13	PF12591.13
PF12594.13	PF12594.13
PF12599.13	PF12599.13
PF12600.14	PF12600.14
PF12607.13	PF12607.13
PF12609.13	PF12609.13
PF12616.13	PF12616.13
PF12620.13	PF12620.13
PF04070.17	PF04070.17
PF12635.12	PF12635.12
PF12636.12	PF12636.12
PF12644.12	PF12644.12
PF12646.12	PF12646.12
PF12650.12	PF12650.12
PF12653.12	PF12653.12
PF12654.12	PF12654.12
PF12663.12	PF12663.12
PF12664.12	PF12664.12
PF12668.12	PF12668.12
PF12670.12	PF12670.12
PF12672.12	PF12672.12
PF12675.12	PF12675.12
PF12676.12	PF12676.12
PF12677.13	PF12677.13
PF12683.13	PF12683.13
PF12684.13	PF12684.13
PF12686.12	PF12686.12
PF12687.12	PF12687.12
PF12290.13	PF12290.13
PF12707.14	PF12707.14
PF12712.13	PF12712.13
PF12713.12	PF12713.12
PF12720.12	PF12720.12
PF12723.13	PF12723.13
PF12725.13	PF12725.13
PF11656.13	PF11656.13
PF12758.12	PF12758.12
PF12823.12	PF12823.12
PF12825.12	PF12825.12
PF12842.12	PF12842.12
PF04037.18	PF04037.18
PF12863.12	PF12863.12
PF12864.12	PF12864.12
PF12866.13	PF12866.13
PF18003.7	PF18003.7
PF12868.12	PF12868.12
PF12873.12	PF12873.12
PF12875.12	PF12875.12
PF12883.13	PF12883.13
PF12889.12	PF12889.12
PF22219.1	PF22219.1
PF04063.19	PF04063.19
PF12903.12	PF12903.12
PF12915.13	PF12915.13
PF12916.12	PF12916.12
PF12927.12	PF12927.12
PF12930.12	PF12930.12
PF12939.12	PF12939.12
PF12943.12	PF12943.12
PF04064.18	PF04064.18
PF12952.12	PF12952.12
PF12953.12	PF12953.12
PF12954.12	PF12954.12
PF12956.13	PF12956.13
PF12957.13	PF12957.13
PF12958.12	PF12958.12
PF12959.12	PF12959.12
PF12960.12	PF12960.12
PF12961.13	PF12961.13
PF12962.12	PF12962.12
PF13937.11	PF13937.11
PF13938.11	PF13938.11
PF13946.11	PF13946.11
PF13948.11	PF13948.11
PF13952.11	PF13952.11
PF13960.11	PF13960.11
PF13961.12	PF13961.12
PF13968.11	PF13968.11
PF13970.12	PF13970.12
PF13973.12	PF13973.12
PF13978.11	PF13978.11
PF13986.11	PF13986.11
PF13988.11	PF13988.11
PF10774.15	PF10774.15
PF14004.11	PF14004.11
PF14012.11	PF14012.11
PF04241.20	PF04241.20
PF14014.11	PF14014.11
PF14015.11	PF14015.11
PF14016.12	PF14016.12
PF14017.11	PF14017.11
PF14018.11	PF14018.11
PF14019.11	PF14019.11
PF14020.11	PF14020.11
PF14022.11	PF14022.11
PF14023.11	PF14023.11
PF04242.18	PF04242.18
PF14024.11	PF14024.11
PF14025.11	PF14025.11
PF14029.11	PF14029.11
PF14030.11	PF14030.11
PF14033.12	PF14033.12
PF21666.2	PF21666.2
PF14042.11	PF14042.11
PF14053.11	PF14053.11
PF14054.11	PF14054.11
PF14056.11	PF14056.11
PF14059.11	PF14059.11
PF14060.11	PF14060.11
PF14062.11	PF14062.11
PF14063.11	PF14063.11
PF14066.11	PF14066.11
PF14074.11	PF14074.11
PF14076.12	PF14076.12
PF14078.11	PF14078.11
PF14079.11	PF14079.11
PF14080.11	PF14080.11
PF14081.11	PF14081.11
PF14084.11	PF14084.11
PF14085.11	PF14085.11
PF14086.11	PF14086.11
PF14087.12	PF14087.12
PF14088.11	PF14088.11
PF14091.12	PF14091.12
PF14092.11	PF14092.11
PF14093.11	PF14093.11
PF14094.11	PF14094.11
PF14096.11	PF14096.11
PF14101.11	PF14101.11
PF14103.11	PF14103.11
PF14104.11	PF14104.11
PF14105.11	PF14105.11
PF14106.11	PF14106.11
PF14107.11	PF14107.11
PF14110.11	PF14110.11
PF14111.12	PF14111.12
PF14112.11	PF14112.11
PF14114.12	PF14114.12
PF14117.11	PF14117.11
PF14119.11	PF14119.11
PF04250.19	PF04250.19
PF14123.11	PF14123.11
PF14124.11	PF14124.11
PF14125.13	PF14125.13
PF14126.11	PF14126.11
PF14127.11	PF14127.11
PF14128.11	PF14128.11
PF14129.11	PF14129.11
PF14131.11	PF14131.11
PF14132.11	PF14132.11
PF14133.12	PF14133.12
PF14134.11	PF14134.11
PF14135.11	PF14135.11
PF14136.11	PF14136.11
PF14137.11	PF14137.11
PF14146.11	PF14146.11
PF14154.11	PF14154.11
PF14155.11	PF14155.11
PF14172.12	PF14172.12
PF14187.11	PF14187.11
PF14188.11	PF14188.11
PF14189.11	PF14189.11
PF14190.11	PF14190.11
PF14192.12	PF14192.12
PF14193.11	PF14193.11
PF14195.11	PF14195.11
PF14199.11	PF14199.11
PF14201.11	PF14201.11
PF04254.18	PF04254.18
PF14208.11	PF14208.11
PF15766.10	PF15766.10
PF15769.10	PF15769.10
PF15770.10	PF15770.10
PF15774.10	PF15774.10
PF15775.10	PF15775.10
PF15787.11	PF15787.11
PF15788.10	PF15788.10
PF15797.10	PF15797.10
PF15813.10	PF15813.10
PF15821.10	PF15821.10
PF15829.10	PF15829.10
PF15830.10	PF15830.10
PF15833.10	PF15833.10
PF15835.10	PF15835.10
PF15837.10	PF15837.10
PF15842.10	PF15842.10
PF15843.10	PF15843.10
PF15846.10	PF15846.10
PF15849.10	PF15849.10
PF15851.11	PF15851.11
PF15852.10	PF15852.10
PF15855.10	PF15855.10
PF15856.10	PF15856.10
PF15860.11	PF15860.11
PF15866.11	PF15866.11
PF04322.17	PF04322.17
PF15873.10	PF15873.10
PF15875.10	PF15875.10
PF15876.10	PF15876.10
PF15881.10	PF15881.10
PF15882.10	PF15882.10
PF15883.10	PF15883.10
PF15889.10	PF15889.10
PF15893.10	PF15893.10
PF15897.10	PF15897.10
PF15916.11	PF15916.11
PF15918.11	PF15918.11
PF15923.10	PF15923.10
PF15928.10	PF15928.10
PF15931.10	PF15931.10
PF15932.10	PF15932.10
PF15936.10	PF15936.10
PF04332.21	PF04332.21
PF15938.10	PF15938.10
PF15942.10	PF15942.10
PF15944.10	PF15944.10
PF15946.10	PF15946.10
PF15947.10	PF15947.10
PF15948.10	PF15948.10
PF15949.10	PF15949.10
PF15950.10	PF15950.10
PF15956.11	PF15956.11
PF15958.10	PF15958.10
PF15959.10	PF15959.10
PF15960.10	PF15960.10
PF15961.10	PF15961.10
PF15962.10	PF15962.10
PF15973.10	PF15973.10
PF15983.10	PF15983.10
PF15989.10	PF15989.10
PF15992.10	PF15992.10
PF15994.10	PF15994.10
PF15995.10	PF15995.10
PF15997.11	PF15997.11
PF15998.10	PF15998.10
PF15999.10	PF15999.10
PF16001.10	PF16001.10
PF16003.10	PF16003.10
PF16007.11	PF16007.11
PF16008.10	PF16008.10
PF16009.10	PF16009.10
PF04334.17	PF04334.17
PF16012.10	PF16012.10
PF16013.10	PF16013.10
PF16022.11	PF16022.11
PF16023.11	PF16023.11
PF20264.4	PF20264.4
PF16024.10	PF16024.10
PF20942.3	PF20942.3
PF20943.3	PF20943.3
PF16027.10	PF16027.10
PF16029.10	PF16029.10
PF16032.11	PF16032.11
PF16033.10	PF16033.10
PF16037.10	PF16037.10
PF16039.10	PF16039.10
PF16042.10	PF16042.10
PF16043.10	PF16043.10
PF16044.11	PF16044.11
PF22795.1	PF22795.1
PF16051.10	PF16051.10
PF16055.10	PF16055.10
PF16056.10	PF16056.10
PF04337.18	PF04337.18
PF16057.10	PF16057.10
PF16060.10	PF16060.10
PF16061.10	PF16061.10
PF16063.10	PF16063.10
PF16064.11	PF16064.11
PF16065.10	PF16065.10
PF16424.10	PF16424.10
PF16425.10	PF16425.10
PF16426.10	PF16426.10
PF16427.10	PF16427.10
PF16428.10	PF16428.10
PF16429.10	PF16429.10
PF16430.10	PF16430.10
PF16431.10	PF16431.10
PF16432.10	PF16432.10
PF04456.17	PF04456.17
PF16433.10	PF16433.10
PF16434.10	PF16434.10
PF16435.11	PF16435.11
PF16436.10	PF16436.10
PF16437.10	PF16437.10
PF16438.10	PF16438.10
PF16439.10	PF16439.10
PF16440.10	PF16440.10
PF16441.10	PF16441.10
PF16442.10	PF16442.10
PF16443.10	PF16443.10
PF16444.10	PF16444.10
PF16445.10	PF16445.10
PF16446.10	PF16446.10
PF16447.10	PF16447.10
PF16464.10	PF16464.10
PF16465.11	PF16465.11
PF16466.10	PF16466.10
PF16467.10	PF16467.10
PF16468.10	PF16468.10
PF04458.17	PF04458.17
PF16472.11	PF16472.11
PF16475.10	PF16475.10
PF16476.10	PF16476.10
PF16477.11	PF16477.11
PF16478.10	PF16478.10
PF16479.10	PF16479.10
PF16480.10	PF16480.10
PF16481.10	PF16481.10
PF16502.10	PF16502.10
PF16586.11	PF16586.11
PF16587.10	PF16587.10
PF16691.10	PF16691.10
PF16702.10	PF16702.10
PF16703.10	PF16703.10
PF16723.11	PF16723.11
PF16728.10	PF16728.10
PF16729.10	PF16729.10
PF16781.10	PF16781.10
PF16798.10	PF16798.10
PF04368.18	PF04368.18
PF16802.11	PF16802.11
PF16804.11	PF16804.11
PF16817.10	PF16817.10
PF16819.11	PF16819.11
PF16825.11	PF16825.11
PF16826.10	PF16826.10
PF16871.11	PF16871.11
PF16877.10	PF16877.10
PF16882.10	PF16882.10
PF04370.17	PF04370.17
PF16883.10	PF16883.10
PF16887.10	PF16887.10
PF16890.10	PF16890.10
PF16894.10	PF16894.10
PF16895.10	PF16895.10
PF16985.10	PF16985.10
PF17006.10	PF17006.10
PF17008.10	PF17008.10
PF17002.10	PF17002.10
PF17009.10	PF17009.10
PF17012.10	PF17012.10
PF17010.10	PF17010.10
PF17011.10	PF17011.10
PF17015.10	PF17015.10
PF17016.10	PF17016.10
PF17019.10	PF17019.10
PF17020.10	PF17020.10
PF17023.10	PF17023.10
PF17025.10	PF17025.10
PF17029.10	PF17029.10
PF17031.10	PF17031.10
PF17117.11	PF17117.11
PF17118.11	PF17118.11
PF17127.10	PF17127.10
PF17128.10	PF17128.10
PF17133.9	PF17133.9
PF17137.9	PF17137.9
PF17138.9	PF17138.9
PF17139.9	PF17139.9
PF17140.10	PF17140.10
PF17141.9	PF17141.9
PF17148.9	PF17148.9
PF17162.9	PF17162.9
PF17145.10	PF17145.10
PF04459.17	PF04459.17
PF17165.9	PF17165.9
PF17164.10	PF17164.10
PF17161.10	PF17161.10
PF17160.9	PF17160.9
PF20461.3	PF20461.3
PF20462.4	PF20462.4
PF20471.4	PF20471.4
PF20475.3	PF20475.3
PF20476.3	PF20476.3
PF20477.3	PF20477.3
PF20480.3	PF20480.3
PF20481.3	PF20481.3
PF20482.3	PF20482.3
PF20484.3	PF20484.3
PF20485.3	PF20485.3
PF20486.3	PF20486.3
PF20487.3	PF20487.3
PF20495.3	PF20495.3
PF20498.3	PF20498.3
PF20499.3	PF20499.3
PF20503.3	PF20503.3
PF20505.3	PF20505.3
PF20506.3	PF20506.3
PF20507.4	PF20507.4
PF20508.3	PF20508.3
PF20509.3	PF20509.3
PF20521.3	PF20521.3
PF20522.3	PF20522.3
PF20523.3	PF20523.3
PF20524.3	PF20524.3
PF05056.17	PF05056.17
PF20525.3	PF20525.3
PF20526.3	PF20526.3
PF20527.3	PF20527.3
PF20528.3	PF20528.3
PF20529.3	PF20529.3
PF20530.3	PF20530.3
PF20531.3	PF20531.3
PF20532.3	PF20532.3
PF20533.3	PF20533.3
PF20535.3	PF20535.3
PF20536.3	PF20536.3
PF20537.3	PF20537.3
PF20538.3	PF20538.3
PF20539.3	PF20539.3
PF20540.3	PF20540.3
PF20541.3	PF20541.3
PF20542.4	PF20542.4
PF20544.3	PF20544.3
PF20545.3	PF20545.3
PF05057.20	PF05057.20
PF20546.3	PF20546.3
PF20547.3	PF20547.3
PF20548.3	PF20548.3
PF20549.3	PF20549.3
PF20550.3	PF20550.3
PF20551.3	PF20551.3
PF20554.3	PF20554.3
PF20555.3	PF20555.3
PF20556.3	PF20556.3
PF20558.3	PF20558.3
PF05055.17	PF05055.17
PF20559.3	PF20559.3
PF20561.3	PF20561.3
PF20562.5	PF20562.5
PF20563.3	PF20563.3
PF20564.3	PF20564.3
PF20567.3	PF20567.3
PF20568.3	PF20568.3
PF20569.3	PF20569.3
PF20570.3	PF20570.3
PF05077.17	PF05077.17
PF20571.3	PF20571.3
PF20572.3	PF20572.3
PF20573.4	PF20573.4
PF20574.3	PF20574.3
PF20580.3	PF20580.3
PF20581.3	PF20581.3
PF20583.3	PF20583.3
PF20584.3	PF20584.3
PF20586.3	PF20586.3
PF20587.3	PF20587.3
PF05078.17	PF05078.17
PF20589.3	PF20589.3
PF20590.3	PF20590.3
PF20591.4	PF20591.4
PF20593.3	PF20593.3
PF20594.3	PF20594.3
PF20598.4	PF20598.4
PF20599.3	PF20599.3
PF20601.3	PF20601.3
PF20604.3	PF20604.3
PF20606.3	PF20606.3
PF05079.17	PF05079.17
PF20607.3	PF20607.3
PF20611.3	PF20611.3
PF20615.3	PF20615.3
PF20617.3	PF20617.3
PF20619.3	PF20619.3
PF20620.4	PF20620.4
PF20621.3	PF20621.3
PF14100.11	PF14100.11
PF20647.2	PF20647.2
PF23975.1	PF23975.1
PF23976.1	PF23976.1
PF23978.1	PF23978.1
PF23979.1	PF23979.1
PF23981.1	PF23981.1
PF23984.1	PF23984.1
PF23985.1	PF23985.1
PF23988.1	PF23988.1
PF23991.1	PF23991.1
PF23993.1	PF23993.1
PF23994.1	PF23994.1
PF23995.1	PF23995.1
PF23996.1	PF23996.1
PF23997.1	PF23997.1
PF24000.1	PF24000.1
PF24001.1	PF24001.1
PF24002.1	PF24002.1
PF24003.1	PF24003.1
PF05305.19	PF05305.19
PF24005.1	PF24005.1
PF24007.1	PF24007.1
PF24008.1	PF24008.1
PF24009.1	PF24009.1
PF24010.1	PF24010.1
PF24011.1	PF24011.1
PF24012.1	PF24012.1
PF24013.1	PF24013.1
PF24014.1	PF24014.1
PF24015.1	PF24015.1
PF05306.16	PF05306.16
PF24016.2	PF24016.2
PF24018.1	PF24018.1
PF24019.1	PF24019.1
PF24020.1	PF24020.1
PF24022.1	PF24022.1
PF24023.1	PF24023.1
PF24024.1	PF24024.1
PF24026.1	PF24026.1
PF24027.1	PF24027.1
PF24028.1	PF24028.1
PF24029.1	PF24029.1
PF24030.1	PF24030.1
PF24033.1	PF24033.1
PF24034.1	PF24034.1
PF24035.1	PF24035.1
PF24036.1	PF24036.1
PF24037.1	PF24037.1
PF24038.1	PF24038.1
PF24039.1	PF24039.1
PF24040.1	PF24040.1
PF05246.16	PF05246.16
PF24041.1	PF24041.1
PF24042.1	PF24042.1
PF24043.1	PF24043.1
PF24044.1	PF24044.1
PF24045.1	PF24045.1
PF24051.1	PF24051.1
PF24053.1	PF24053.1
PF24054.1	PF24054.1
PF24057.1	PF24057.1
PF24058.1	PF24058.1
PF05284.17	PF05284.17
PF24059.1	PF24059.1
PF24060.1	PF24060.1
PF24062.1	PF24062.1
PF24063.1	PF24063.1
PF24069.1	PF24069.1
PF24073.1	PF24073.1
PF24074.1	PF24074.1
PF24075.1	PF24075.1
PF24076.1	PF24076.1
PF24084.1	PF24084.1
PF24085.1	PF24085.1
PF24086.1	PF24086.1
PF24087.1	PF24087.1
PF24088.1	PF24088.1
PF24092.1	PF24092.1
PF24089.1	PF24089.1
PF24090.1	PF24090.1
PF24091.1	PF24091.1
PF24093.1	PF24093.1
PF24095.1	PF24095.1
PF24096.1	PF24096.1
PF24098.1	PF24098.1
PF24100.1	PF24100.1
PF24107.1	PF24107.1
PF24108.1	PF24108.1
PF24109.1	PF24109.1
PF24110.1	PF24110.1
PF24111.1	PF24111.1
PF24113.1	PF24113.1
PF24114.1	PF24114.1
PF24115.1	PF24115.1
PF05339.17	PF05339.17
PF24116.1	PF24116.1
PF24117.1	PF24117.1
PF24118.1	PF24118.1
PF24119.1	PF24119.1
PF24126.1	PF24126.1
PF24127.1	PF24127.1
PF25003.1	PF25003.1
PF25004.1	PF25004.1
PF25006.1	PF25006.1
PF25008.1	PF25008.1
PF25009.1	PF25009.1
PF25012.1	PF25012.1
PF25042.1	PF25042.1
PF25043.1	PF25043.1
PF25044.1	PF25044.1
PF05610.16	PF05610.16
PF25046.1	PF25046.1
PF25053.1	PF25053.1
PF25055.1	PF25055.1
PF25056.1	PF25056.1
PF25070.2	PF25070.2
PF25071.1	PF25071.1
PF25072.1	PF25072.1
PF25073.1	PF25073.1
PF25074.1	PF25074.1
PF25075.1	PF25075.1
PF05611.16	PF05611.16
PF25077.1	PF25077.1
PF25078.1	PF25078.1
PF25085.1	PF25085.1
PF25086.1	PF25086.1
PF25089.1	PF25089.1
PF25090.1	PF25090.1
PF25091.1	PF25091.1
PF25093.1	PF25093.1
PF25096.1	PF25096.1
PF25100.1	PF25100.1
PF25102.1	PF25102.1
PF25103.1	PF25103.1
PF25104.1	PF25104.1
PF25105.1	PF25105.1
PF25120.1	PF25120.1
PF25122.1	PF25122.1
PF25124.1	PF25124.1
PF25125.1	PF25125.1
PF25126.1	PF25126.1
PF25127.1	PF25127.1
PF25130.1	PF25130.1
PF25134.1	PF25134.1
PF25135.1	PF25135.1
PF25136.1	PF25136.1
PF25148.1	PF25148.1
PF25149.1	PF25149.1
PF25159.1	PF25159.1
PF25162.1	PF25162.1
PF25165.1	PF25165.1
PF25167.1	PF25167.1
PF25169.1	PF25169.1
PF25176.1	PF25176.1
PF25191.1	PF25191.1
PF25200.1	PF25200.1
PF25202.1	PF25202.1
PF25205.1	PF25205.1
PF25206.1	PF25206.1
PF25207.1	PF25207.1
PF25208.1	PF25208.1
PF25211.1	PF25211.1
PF25222.1	PF25222.1
PF25223.1	PF25223.1
PF25224.1	PF25224.1
PF25225.1	PF25225.1
PF25226.1	PF25226.1
PF25227.1	PF25227.1
PF25230.1	PF25230.1
PF25231.1	PF25231.1
PF25232.1	PF25232.1
PF25233.1	PF25233.1
PF25235.1	PF25235.1
PF25236.1	PF25236.1
PF25250.1	PF25250.1
PF25251.1	PF25251.1
PF25252.1	PF25252.1
PF25253.1	PF25253.1
PF25254.1	PF25254.1
PF25256.1	PF25256.1
PF25257.1	PF25257.1
PF25258.1	PF25258.1
PF25259.1	PF25259.1
PF25260.1	PF25260.1
PF25262.1	PF25262.1
PF25263.1	PF25263.1
PF25264.1	PF25264.1
PF25266.1	PF25266.1
PF25268.1	PF25268.1
PF25269.1	PF25269.1
PF25271.1	PF25271.1
PF25273.1	PF25273.1
PF05619.16	PF05619.16
PF25276.1	PF25276.1
PF25277.1	PF25277.1
PF25278.1	PF25278.1
PF25283.1	PF25283.1
PF25284.1	PF25284.1
PF25285.1	PF25285.1
PF25286.1	PF25286.1
PF25289.1	PF25289.1
PF00036.39	PF00036.39
PF00036.39	PF13405.12
PF14788.12	PF14788.12
PF08976.17	PF08976.17
PF17901.7	PF17901.7
PF17958.7	PF17958.7
PF17959.7	PF17959.7
PF23617.1	PF23617.1
PF09068.17	PF09068.17
PF09069.17	PF09069.17
PF13202.12	PF13202.12
PF13499.12	PF13499.12
PF13833.12	PF13833.12
PF14658.12	PF14658.12
PF25325.1	PF25325.1
PF23564.1	PF23564.1
PF09279.17	PF09279.17
PF21116.3	PF21116.3
PF25025.1	PF25025.1
PF00647.24	PF00647.24
PF00736.24	PF00736.24
PF12199.13	PF12199.13
PF14884.11	PF14884.11
PF04518.17	PF04518.17
PF10153.14	PF10153.14
PF00679.30	PF00679.30
PF14492.12	PF14492.12
PF03764.24	PF03764.24
PF08726.16	PF08726.16
PF25118.1	PF25118.1
PF01132.26	PF01132.26
PF08207.18	PF08207.18
PF21072.3	PF21072.3
PF21052.3	PF21052.3
PF11957.13	PF11957.13
PF16004.10	PF16004.10
PF22647.2	PF22647.2
PF08355.17	PF08355.17
PF08356.18	PF08356.18
PF24548.1	PF24548.1
PF23329.2	PF23329.2
PF23583.2	PF23583.2
PF20850.2	PF20850.2
PF00889.24	PF00889.24
PF00008.33	PF00008.33
PF25027.1	PF25027.1
PF22955.1	PF22955.1
PF07974.19	PF07974.19
PF07974.19	PF18720.7
PF07974.19	PF23106.1
PF23427.1	PF23427.1
PF04863.19	PF04863.19
PF25415.1	PF25415.1
PF21195.4	PF21195.4
PF21364.3	PF21364.3
PF24613.1	PF24613.1
PF23105.1	PF23105.1
PF24973.1	PF24973.1
PF24973.1	PF00053.31
PF12946.13	PF12946.13
PF25478.1	PF25478.1
PF23301.1	PF23301.1
PF25016.1	PF25016.1
PF20626.4	PF20626.4
PF24887.1	PF24887.1
PF25024.1	PF25024.1
PF09064.16	PF09064.16
PF01303.22	PF01303.22
PF11327.13	PF11327.13
PF11430.13	PF11430.13
PF12763.14	PF12763.14
PF09877.14	PF09877.14
PF10622.14	PF10622.14
PF16880.10	PF16880.10
PF21533.2	PF21533.2
PF06441.18	PF06441.18
PF22418.2	PF22418.2
PF09528.15	PF09528.15
PF15611.11	PF15611.11
PF07264.17	PF07264.17
PF00971.23	PF00971.23
PF11129.13	PF11129.13
PF01176.25	PF01176.25
PF05470.18	PF05470.18
PF05091.18	PF05091.18
PF06273.16	PF06273.16
PF01287.26	PF01287.26
PF01873.23	PF01873.23
PF01912.23	PF01912.23
PF08662.17	PF08662.17
PF09173.17	PF09173.17
PF22591.2	PF22591.2
PF21357.2	PF21357.2
PF12353.13	PF12353.13
PF19445.4	PF19445.4
PF24805.1	PF24805.1
PF18005.6	PF18005.6
PF09440.15	PF09440.15
PF12807.12	PF12807.12
PF08597.15	PF08597.15
PF10477.14	PF10477.14
PF21140.2	PF21140.2
PF07541.17	PF07541.17
PF05456.16	PF05456.16
PF12152.13	PF12152.13
PF03608.18	PF03608.18
PF03609.19	PF03609.19
PF03610.21	PF03610.21
PF07663.16	PF07663.16
PF03612.19	PF03612.19
PF03611.19	PF03611.19
PF03613.19	PF03613.19
PF04873.18	PF04873.18
PF06577.17	PF06577.17
PF08904.16	PF08904.16
PF12757.12	PF12757.12
PF17986.6	PF17986.6
PF16832.10	PF16832.10
PF16833.10	PF16833.10
PF10371.14	PF10371.14
PF22102.2	PF22102.2
PF22103.2	PF22103.2
PF23089.2	PF23089.2
PF03317.18	PF03317.18
PF12310.13	PF12310.13
PF07011.16	PF07011.16
PF00208.27	PF00208.27
PF02812.23	PF02812.23
PF02323.20	PF02323.20
PF00964.22	PF00964.22
PF03789.18	PF03789.18
PF10390.15	PF10390.15
PF25309.1	PF25309.1
PF01448.29	PF01448.29
PF11841.14	PF11841.14
PF04727.18	PF04727.18
PF01151.23	PF01151.23
PF15870.10	PF15870.10
PF09285.17	PF09285.17
PF06881.16	PF06881.16
PF10483.15	PF10483.15
PF23613.1	PF23613.1
PF09807.15	PF09807.15
PF13934.12	PF13934.12
PF16687.11	PF16687.11
PF02488.20	PF02488.20
PF16505.10	PF16505.10
PF07774.18	PF07774.18
PF01956.21	PF01956.21
PF06417.17	PF06417.17
PF07019.17	PF07019.17
PF19094.5	PF19094.5
PF09430.16	PF09430.16
PF21292.3	PF21292.3
PF20242.3	PF20242.3
PF03587.19	PF03587.19
PF07546.18	PF07546.18
PF01105.29	PF01105.29
PF02990.21	PF02990.21
PF17237.7	PF17237.7
PF13536.12	PF13536.12
PF15362.11	PF15362.11
PF13157.11	PF13157.11
PF10991.15	PF10991.15
PF22277.2	PF22277.2
PF08967.16	PF08967.16
PF12761.13	PF12761.13
PF22490.1	PF22490.1
PF10576.14	PF10576.14
PF07010.17	PF07010.17
PF09195.17	PF09195.17
PF09194.16	PF09194.16
PF09124.16	PF09124.16
PF09233.17	PF09233.17
PF09226.17	PF09226.17
PF09208.16	PF09208.16
PF09225.16	PF09225.16
PF04231.19	PF04231.19
PF04493.20	PF04493.20
PF02945.21	PF02945.21
PF01223.29	PF01223.29
PF13930.12	PF13930.12
PF10107.15	PF10107.15
PF09062.15	PF09062.15
PF16800.11	PF16800.11
PF06482.17	PF06482.17
PF04667.22	PF04667.22
PF22382.1	PF22382.1
PF20746.2	PF20746.2
PF00322.22	PF00322.22
PF03944.20	PF03944.20
PF18449.8	PF18449.8
PF00555.24	PF00555.24
PF09131.15	PF09131.15
PF03945.19	PF03945.19
PF10813.13	PF10813.13
PF04793.17	PF04793.17
PF05812.17	PF05812.17
PF04633.17	PF04633.17
PF04682.17	PF04682.17
PF06112.16	PF06112.16
PF04929.17	PF04929.17
PF01673.23	PF01673.23
PF02480.22	PF02480.22
PF20418.3	PF20418.3
PF01688.23	PF01688.23
PF17488.7	PF17488.7
PF01528.21	PF01528.21
PF01537.23	PF01537.23
PF02489.21	PF02489.21
PF05955.16	PF05955.16
PF05109.20	PF05109.20
PF20676.3	PF20676.3
PF20677.3	PF20677.3
PF02689.20	PF02689.20
PF05774.16	PF05774.16
PF03324.19	PF03324.19
PF03585.19	PF03585.19
PF03584.20	PF03584.20
PF07340.17	PF07340.17
PF03361.19	PF03361.19
PF02479.21	PF02479.21
PF06307.17	PF06307.17
PF06126.16	PF06126.16
PF05297.16	PF05297.16
PF07415.16	PF07415.16
PF03363.18	PF03363.18
PF03122.19	PF03122.19
PF04797.18	PF04797.18
PF02399.21	PF02399.21
PF03325.18	PF03325.18
PF04846.18	PF04846.18
PF04637.17	PF04637.17
PF03326.18	PF03326.18
PF04843.18	PF04843.18
PF00693.24	PF00693.24
PF08465.15	PF08465.15
PF05613.16	PF05613.16
PF07402.16	PF07402.16
PF04523.18	PF04523.18
PF04541.18	PF04541.18
PF04533.18	PF04533.18
PF05467.16	PF05467.16
PF05999.16	PF05999.16
PF06501.16	PF06501.16
PF04529.17	PF04529.17
PF05259.16	PF05259.16
PF03580.19	PF03580.19
PF03044.19	PF03044.19
PF04559.17	PF04559.17
PF04544.17	PF04544.17
PF03252.18	PF03252.18
PF01646.22	PF01646.22
PF01499.21	PF01499.21
PF03369.18	PF03369.18
PF02718.19	PF02718.19
PF06070.16	PF06070.16
PF03581.18	PF03581.18
PF04496.17	PF04496.17
PF03586.18	PF03586.18
PF03970.18	PF03970.18
PF07413.16	PF07413.16
PF03277.18	PF03277.18
PF02282.21	PF02282.21
PF05072.18	PF05072.18
PF03387.19	PF03387.19
PF03362.18	PF03362.18
PF03117.19	PF03117.19
PF04823.17	PF04823.17
PF05702.16	PF05702.16
PF04540.18	PF04540.18
PF03121.20	PF03121.20
PF04537.17	PF04537.17
PF04534.17	PF04534.17
PF01763.21	PF01763.21
PF05459.17	PF05459.17
PF01677.21	PF01677.21
PF03554.18	PF03554.18
PF07982.17	PF07982.17
PF03049.19	PF03049.19
PF05784.16	PF05784.16
PF03043.19	PF03043.19
PF03048.19	PF03048.19
PF03038.19	PF03038.19
PF05363.17	PF05363.17
PF06072.16	PF06072.16
PF01802.22	PF01802.22
PF03327.19	PF03327.19
PF14409.11	PF14409.11
PF13804.11	PF13804.11
PF15695.10	PF15695.10
PF06985.17	PF06985.17
PF07217.16	PF07217.16
PF17108.10	PF17108.10
PF11558.13	PF11558.13
PF22470.1	PF22470.1
PF00850.24	PF00850.24
PF10529.14	PF10529.14
PF21996.1	PF21996.1
PF02098.22	PF02098.22
PF00977.27	PF00977.27
PF06580.19	PF06580.19
PF08047.16	PF08047.16
PF18275.7	PF18275.7
PF00300.27	PF00300.27
PF00328.27	PF00328.27
PF01230.28	PF01230.28
PF01230.28	PF11969.13
PF22088.1	PF22088.1
PF18268.6	PF18268.6
PF10786.14	PF10786.14
PF01870.24	PF01870.24
PF12347.13	PF12347.13
PF12346.13	PF12346.13
PF02110.20	PF02110.20
PF22309.2	PF22309.2
PF22424.2	PF22424.2
PF04883.17	PF04883.17
PF18415.6	PF18415.6
PF16750.11	PF16750.11
PF21623.3	PF21623.3
PF00010.31	PF00010.31
PF02794.22	PF02794.22
PF12700.13	PF12700.13
PF13437.12	PF13437.12
PF16576.10	PF16576.10
PF12476.13	PF12476.13
PF12479.13	PF12479.13
PF12481.13	PF12481.13
PF12482.14	PF12482.14
PF12487.13	PF12487.13
PF12488.13	PF12488.13
PF12499.13	PF12499.13
PF12501.13	PF12501.13
PF12493.13	PF12493.13
PF04027.18	PF04027.18
PF12502.13	PF12502.13
PF12505.14	PF12505.14
PF12506.13	PF12506.13
PF12509.13	PF12509.13
PF12511.13	PF12511.13
PF12512.13	PF12512.13
PF12514.13	PF12514.13
PF12516.13	PF12516.13
PF12517.13	PF12517.13
PF12518.13	PF12518.13
PF12520.13	PF12520.13
PF19319.4	PF19319.4
PF04574.18	PF04574.18
PF19334.4	PF19334.4
PF19336.4	PF19336.4
PF19346.4	PF19346.4
PF19347.4	PF19347.4
PF19348.4	PF19348.4
PF19349.4	PF19349.4
PF19350.4	PF19350.4
PF19351.4	PF19351.4
PF19353.4	PF19353.4
PF19354.4	PF19354.4
PF19355.4	PF19355.4
PF19356.4	PF19356.4
PF19357.4	PF19357.4
PF19358.4	PF19358.4
PF19359.4	PF19359.4
PF19361.4	PF19361.4
PF19362.4	PF19362.4
PF19363.4	PF19363.4
PF04578.18	PF04578.18
PF19364.4	PF19364.4
PF19365.4	PF19365.4
PF19366.4	PF19366.4
PF19367.4	PF19367.4
PF19369.4	PF19369.4
PF19370.4	PF19370.4
PF19371.4	PF19371.4
PF19372.4	PF19372.4
PF19373.4	PF19373.4
PF19374.4	PF19374.4
PF19376.4	PF19376.4
PF19377.4	PF19377.4
PF19378.4	PF19378.4
PF19379.4	PF19379.4
PF19380.4	PF19380.4
PF19381.4	PF19381.4
PF19382.4	PF19382.4
PF19383.4	PF19383.4
PF19384.4	PF19384.4
PF04591.17	PF04591.17
PF19385.4	PF19385.4
PF19386.4	PF19386.4
PF19387.4	PF19387.4
PF19388.4	PF19388.4
PF19389.4	PF19389.4
PF19390.4	PF19390.4
PF19391.4	PF19391.4
PF19392.5	PF19392.5
PF19393.4	PF19393.4
PF19394.4	PF19394.4
PF19395.4	PF19395.4
PF19397.4	PF19397.4
PF19399.4	PF19399.4
PF19400.4	PF19400.4
PF19401.4	PF19401.4
PF19404.4	PF19404.4
PF19405.4	PF19405.4
PF19407.5	PF19407.5
PF19407.5	PF24547.1
PF19410.4	PF19410.4
PF12225.13	PF12225.13
PF19412.4	PF19412.4
PF19419.4	PF19419.4
PF19446.4	PF19446.4
PF19447.4	PF19447.4
PF19448.4	PF19448.4
PF19449.4	PF19449.4
PF19450.4	PF19450.4
PF19451.5	PF19451.5
PF04654.17	PF04654.17
PF19452.4	PF19452.4
PF19453.4	PF19453.4
PF19454.4	PF19454.4
PF19455.4	PF19455.4
PF19457.4	PF19457.4
PF19458.4	PF19458.4
PF19459.4	PF19459.4
PF19460.4	PF19460.4
PF19461.4	PF19461.4
PF19462.4	PF19462.4
PF19463.4	PF19463.4
PF19464.4	PF19464.4
PF19465.4	PF19465.4
PF19466.4	PF19466.4
PF19467.4	PF19467.4
PF19468.4	PF19468.4
PF19469.4	PF19469.4
PF19470.4	PF19470.4
PF19471.4	PF19471.4
PF19472.4	PF19472.4
PF04642.17	PF04642.17
PF19473.4	PF19473.4
PF19474.4	PF19474.4
PF19475.4	PF19475.4
PF19476.4	PF19476.4
PF19477.4	PF19477.4
PF19479.4	PF19479.4
PF19480.5	PF19480.5
PF19481.4	PF19481.4
PF19482.4	PF19482.4
PF19830.4	PF19830.4
PF19831.4	PF19831.4
PF19832.4	PF19832.4
PF19834.4	PF19834.4
PF19836.4	PF19836.4
PF19837.4	PF19837.4
PF19840.4	PF19840.4
PF19843.4	PF19843.4
PF19844.4	PF19844.4
PF04782.17	PF04782.17
PF19845.4	PF19845.4
PF19846.4	PF19846.4
PF19847.4	PF19847.4
PF19848.4	PF19848.4
PF19849.4	PF19849.4
PF19850.4	PF19850.4
PF19851.4	PF19851.4
PF19852.4	PF19852.4
PF19853.4	PF19853.4
PF19854.4	PF19854.4
PF19855.4	PF19855.4
PF19856.4	PF19856.4
PF19857.4	PF19857.4
PF19859.4	PF19859.4
PF19860.4	PF19860.4
PF19861.4	PF19861.4
PF19862.4	PF19862.4
PF19863.4	PF19863.4
PF19865.4	PF19865.4
PF19866.4	PF19866.4
PF19867.5	PF19867.5
PF19868.4	PF19868.4
PF19869.4	PF19869.4
PF19870.4	PF19870.4
PF19871.4	PF19871.4
PF19872.4	PF19872.4
PF19873.4	PF19873.4
PF19874.4	PF19874.4
PF19875.4	PF19875.4
PF19876.4	PF19876.4
PF19877.4	PF19877.4
PF19878.5	PF19878.5
PF19879.4	PF19879.4
PF19880.4	PF19880.4
PF19881.4	PF19881.4
PF19882.4	PF19882.4
PF19883.4	PF19883.4
PF19884.4	PF19884.4
PF19885.4	PF19885.4
PF19886.4	PF19886.4
PF19887.4	PF19887.4
PF19888.4	PF19888.4
PF19889.5	PF19889.5
PF19890.4	PF19890.4
PF19891.5	PF19891.5
PF19892.4	PF19892.4
PF19893.4	PF19893.4
PF19894.4	PF19894.4
PF19895.4	PF19895.4
PF19896.4	PF19896.4
PF04830.18	PF04830.18
PF19897.4	PF19897.4
PF19898.4	PF19898.4
PF19899.4	PF19899.4
PF19900.4	PF19900.4
PF19901.4	PF19901.4
PF19902.4	PF19902.4
PF19903.4	PF19903.4
PF19904.5	PF19904.5
PF19905.4	PF19905.4
PF19907.4	PF19907.4
PF19908.4	PF19908.4
PF19909.4	PF19909.4
PF19910.5	PF19910.5
PF19911.4	PF19911.4
PF19912.4	PF19912.4
PF19923.4	PF19923.4
PF19924.4	PF19924.4
PF19925.4	PF19925.4
PF19926.4	PF19926.4
PF04842.18	PF04842.18
PF19927.4	PF19927.4
PF19928.4	PF19928.4
PF19929.4	PF19929.4
PF19930.4	PF19930.4
PF19931.4	PF19931.4
PF19932.4	PF19932.4
PF19933.4	PF19933.4
PF19934.4	PF19934.4
PF19935.4	PF19935.4
PF19936.4	PF19936.4
PF19938.4	PF19938.4
PF19939.4	PF19939.4
PF19940.4	PF19940.4
PF19941.4	PF19941.4
PF19942.4	PF19942.4
PF19943.4	PF19943.4
PF19944.4	PF19944.4
PF19945.4	PF19945.4
PF19946.4	PF19946.4
PF13865.11	PF13865.11
PF21573.3	PF21573.3
PF00250.24	PF00250.24
PF08430.17	PF08430.17
PF09163.16	PF09163.16
PF18382.8	PF18382.8
PF02911.23	PF02911.23
PF21553.2	PF21553.2
PF00551.24	PF00551.24
PF01226.23	PF01226.23
PF12414.13	PF12414.13
PF16676.10	PF16676.10
PF16675.10	PF16675.10
PF16159.10	PF16159.10
PF21218.2	PF21218.2
PF09758.14	PF09758.14
PF06963.18	PF06963.18
PF10621.14	PF10621.14
PF05911.16	PF05911.16
PF16104.10	PF16104.10
PF17614.7	PF17614.7
PF08445.16	PF08445.16
PF09725.14	PF09725.14
PF24301.1	PF24301.1
PF10277.15	PF10277.15
PF16376.10	PF16376.10
PF05994.16	PF05994.16
PF14407.11	PF14407.11
PF01491.21	PF01491.21
PF08771.16	PF08771.16
PF03197.19	PF03197.19
PF19309.4	PF19309.4
PF15878.10	PF15878.10
PF08867.16	PF08867.16
PF06229.18	PF06229.18
PF15315.11	PF15315.11
PF04432.18	PF04432.18
PF04422.18	PF04422.18
PF07899.16	PF07899.16
PF02434.22	PF02434.22
PF01534.23	PF01534.23
PF18032.6	PF18032.6
PF06901.17	PF06901.17
PF09421.15	PF09421.15
PF06500.17	PF06500.17
PF11768.14	PF11768.14
PF03881.20	PF03881.20
PF19421.4	PF19421.4
PF15375.12	PF15375.12
PF03032.20	PF03032.20
PF03959.19	PF03959.19
PF15554.11	PF15554.11
PF15783.10	PF15783.10
PF21333.2	PF21333.2
PF13955.11	PF13955.11
PF13095.12	PF13095.12
PF13093.11	PF13093.11
PF02971.19	PF02971.19
PF04961.17	PF04961.17
PF07837.17	PF07837.17
PF01827.32	PF01827.32
PF01268.25	PF01268.25
PF12934.12	PF12934.12
PF12933.13	PF12933.13
PF07504.19	PF07504.19
PF01913.23	PF01913.23
PF03239.20	PF03239.20
PF10080.14	PF10080.14
PF02741.20	PF02741.20
PF14450.12	PF14450.12
PF11983.13	PF11983.13
PF06480.20	PF06480.20
PF01728.25	PF01728.25
PF13491.11	PF13491.11
PF17854.6	PF17854.6
PF09397.16	PF09397.16
PF01580.24	PF01580.24
PF12538.13	PF12538.13
PF04999.18	PF04999.18
PF19579.4	PF19579.4
PF03799.20	PF03799.20
PF01098.24	PF01098.24
PF02687.27	PF02687.27
PF18075.7	PF18075.7
PF12327.13	PF12327.13
PF03867.19	PF03867.19
PF09005.15	PF09005.15
PF02952.23	PF02952.23
PF07881.17	PF07881.17
PF07882.17	PF07882.17
PF07959.18	PF07959.18
PF16757.11	PF16757.11
PF18025.7	PF18025.7
PF10415.14	PF10415.14
PF02300.22	PF02300.22
PF02313.22	PF02313.22
PF03630.20	PF03630.20
PF05681.19	PF05681.19
PF05683.17	PF05683.17
PF04930.20	PF04930.20
PF21426.3	PF21426.3
PF08481.16	PF08481.16
PF12786.12	PF12786.12
PF04189.18	PF04189.18
PF08704.16	PF08704.16
PF22244.2	PF22244.2
PF07842.17	PF07842.17
PF02649.19	PF02649.19
PF05165.17	PF05165.17
PF20936.3	PF20936.3
PF13324.12	PF13324.12
PF07802.16	PF07802.16
PF03615.21	PF03615.21
PF12074.14	PF12074.14
PF06320.18	PF06320.18
PF18229.6	PF18229.6
PF15328.11	PF15328.11
PF20685.2	PF20685.2
PF14609.11	PF14609.11
PF19340.5	PF19340.5
PF04551.19	PF04551.19
PF04130.18	PF04130.18
PF17681.6	PF17681.6
PF02155.20	PF02155.20
PF12550.13	PF12550.13
PF07750.17	PF07750.17
PF03074.21	PF03074.21
PF04107.18	PF04107.18
PF16647.10	PF16647.10
PF21478.3	PF21478.3
PF01597.25	PF01597.25
PF01571.26	PF01571.26
PF08669.17	PF08669.17
PF09694.16	PF09694.16
PF01150.23	PF01150.23
PF02347.22	PF02347.22
PF06202.20	PF06202.20
PF12439.13	PF12439.13
PF14742.11	PF14742.11
PF23147.2	PF23147.2
PF23152.1	PF23152.1
PF21075.3	PF21075.3
PF21076.3	PF21076.3
PF21077.3	PF21077.3
PF21074.2	PF21074.2
PF21073.2	PF21073.2
PF21079.2	PF21079.2
PF21078.2	PF21078.2
PF00996.24	PF00996.24
PF02351.21	PF02351.21
PF03009.23	PF03009.23
PF13653.12	PF13653.12
PF16363.11	PF16363.11
PF01169.24	PF01169.24
PF14345.11	PF14345.11
PF20629.2	PF20629.2
PF04295.18	PF04295.18
PF16030.10	PF16030.10
PF16529.11	PF16529.11
PF22757.1	PF22757.1
PF04504.20	PF04504.20
PF02212.23	PF02212.23
PF00626.27	PF00626.27
PF06252.17	PF06252.17
PF23777.1	PF23777.1
PF06372.18	PF06372.18
PF20417.3	PF20417.3
PF11095.14	PF11095.14
PF15348.11	PF15348.11
PF07412.17	PF07412.17
PF04807.17	PF04807.17
PF08464.15	PF08464.15
PF00799.26	PF00799.26
PF08283.16	PF08283.16
PF01440.21	PF01440.21
PF01407.22	PF01407.22
PF00845.24	PF00845.24
PF01492.22	PF01492.22
PF00844.24	PF00844.24
PF01708.21	PF01708.21
PF01524.22	PF01524.22
PF18380.7	PF18380.7
PF02053.20	PF02053.20
PF22861.1	PF22861.1
PF17053.10	PF17053.10
PF03323.18	PF03323.18
PF17898.6	PF17898.6
PF00196.25	PF00196.25
PF10646.14	PF10646.14
PF10676.14	PF10676.14
PF10803.13	PF10803.13
PF10737.14	PF10737.14
PF10970.13	PF10970.13
PF08690.15	PF08690.15
PF14963.11	PF14963.11
PF04190.19	PF04190.19
PF16843.10	PF16843.10
PF17183.9	PF17183.9
PF12754.13	PF12754.13
PF05671.16	PF05671.16
PF00925.25	PF00925.25
PF01227.27	PF01227.27
PF00009.33	PF00009.33
PF03144.31	PF03144.31
PF03143.23	PF03143.23
PF14578.12	PF14578.12
PF04670.18	PF04670.18
PF04138.20	PF04138.20
PF15259.11	PF15259.11
PF25342.1	PF25342.1
PF00211.25	PF00211.25
PF09778.15	PF09778.15
PF00625.27	PF00625.27
PF02058.20	PF02058.20
PF13947.11	PF13947.11
PF08152.18	PF08152.18
PF22906.1	PF22906.1
PF22059.2	PF22059.2
PF05419.17	PF05419.17
PF16416.11	PF16416.11
PF06923.16	PF06923.16
PF20440.3	PF20440.3
PF07088.17	PF07088.17
PF05120.17	PF05120.17
PF05455.17	PF05455.17
PF05121.17	PF05121.17
PF06386.16	PF06386.16
PF05800.16	PF05800.16
PF13457.12	PF13457.12
PF22973.2	PF22973.2
PF06423.18	PF06423.18
PF20094.4	PF20094.4
PF14607.12	PF14607.12
PF01493.24	PF01493.24
PF14323.11	PF14323.11
PF16216.10	PF16216.10
PF20957.2	PF20957.2
PF20958.2	PF20958.2
PF14231.11	PF14231.11
PF08734.17	PF08734.17
PF02213.21	PF02213.21
PF14237.11	PF14237.11
PF07253.16	PF07253.16
PF02756.19	PF02756.19
PF21249.2	PF21249.2
PF18053.6	PF18053.6
PF04162.18	PF04162.18
PF01019.26	PF01019.26
PF15991.10	PF15991.10
PF02895.20	PF02895.20
PF09040.16	PF09040.16
PF23110.1	PF23110.1
PF03883.20	PF03883.20
PF06831.19	PF06831.19
PF22525.1	PF22525.1
PF03457.19	PF03457.19
PF18239.8	PF18239.8
PF21010.2	PF21010.2
PF04408.29	PF04408.29
PF17993.7	PF17993.7
PF22564.2	PF22564.2
PF08006.16	PF08006.16
PF24721.1	PF24721.1
PF04774.20	PF04774.20
PF22862.1	PF22862.1
PF12710.13	PF12710.13
PF22978.1	PF22978.1
PF25109.1	PF25109.1
PF23270.1	PF23270.1
PF10307.15	PF10307.15
PF18143.6	PF18143.6
PF09065.15	PF09065.15
PF14830.12	PF14830.12
PF14376.11	PF14376.11
PF14518.11	PF14518.11
PF16123.11	PF16123.11
PF07527.18	PF07527.18
PF23169.1	PF23169.1
PF18545.6	PF18545.6
PF18547.6	PF18547.6
PF10112.14	PF10112.14
PF05465.18	PF05465.18
PF08663.15	PF08663.15
PF02183.23	PF02183.23
PF01725.21	PF01725.21
PF14613.12	PF14613.12
PF19343.5	PF19343.5
PF08878.16	PF08878.16
PF04388.17	PF04388.17
PF00672.30	PF00672.30
PF18947.5	PF18947.5
PF18575.6	PF18575.6
PF09110.16	PF09110.16
PF20682.3	PF20682.3
PF01561.21	PF01561.21
PF20679.3	PF20679.3
PF01567.22	PF01567.22
PF00846.24	PF00846.24
PF15077.11	PF15077.11
PF09950.15	PF09950.15
PF04112.18	PF04112.18
PF04874.19	PF04874.19
PF18085.6	PF18085.6
PF12434.13	PF12434.13
PF22701.2	PF22701.2
PF11721.14	PF11721.14
PF12819.13	PF12819.13
PF20872.2	PF20872.2
PF14785.11	PF14785.11
PF00390.24	PF00390.24
PF03949.21	PF03949.21
PF07148.17	PF07148.17
PF21226.3	PF21226.3
PF18703.7	PF18703.7
PF16657.11	PF16657.11
PF16957.11	PF16957.11
PF00629.30	PF00629.30
PF10434.14	PF10434.14
PF02330.21	PF02330.21
PF09596.15	PF09596.15
PF20802.2	PF20802.2
PF20801.2	PF20801.2
PF20804.2	PF20804.2
PF02157.21	PF02157.21
PF22640.1	PF22640.1
PF07502.20	PF07502.20
PF01232.29	PF01232.29
PF08125.19	PF08125.19
PF01050.24	PF01050.24
PF17786.7	PF17786.7
PF05007.19	PF05007.19
PF04188.19	PF04188.19
PF11051.14	PF11051.14
PF15971.10	PF15971.10
PF21253.3	PF21253.3
PF01575.25	PF01575.25
PF03642.18	PF03642.18
PF14924.12	PF14924.12
PF15807.10	PF15807.10
PF00414.22	PF00414.22
PF08377.15	PF08377.15
PF13281.12	PF13281.12
PF03999.17	PF03999.17
PF05672.16	PF05672.16
PF07058.16	PF07058.16
PF23415.1	PF23415.1
PF01124.23	PF01124.23
PF08923.16	PF08923.16
PF18708.6	PF18708.6
PF18041.7	PF18041.7
PF06740.17	PF06740.17
PF13999.11	PF13999.11
PF01914.23	PF01914.23
PF23113.1	PF23113.1
PF02063.22	PF02063.22
PF02124.21	PF02124.21
PF07153.16	PF07153.16
PF19687.5	PF19687.5
PF12802.13	PF12802.13
PF12802.13	PF01047.28
PF01284.28	PF01284.28
PF10564.14	PF10564.14
PF02064.20	PF02064.20
PF05231.19	PF05231.19
PF20970.2	PF20970.2
PF20969.2	PF20969.2
PF20971.2	PF20971.2
PF05230.16	PF05230.16
PF17159.10	PF17159.10
PF17158.10	PF17158.10
PF17178.9	PF17178.9
PF20966.2	PF20966.2
PF20967.2	PF20967.2
PF20968.2	PF20968.2
PF20972.2	PF20972.2
PF08249.16	PF08249.16
PF08251.16	PF08251.16
PF06391.18	PF06391.18
PF17043.10	PF17043.10
PF10221.14	PF10221.14
PF04769.18	PF04769.18
PF16449.10	PF16449.10
PF08014.17	PF08014.17
PF07158.17	PF07158.17
PF01554.23	PF01554.23
PF00917.32	PF00917.32
PF22486.2	PF22486.2
PF22486.2	PF21355.3
PF12737.12	PF12737.12
PF12731.12	PF12731.12
PF01824.24	PF01824.24
PF06303.17	PF06303.17
PF17414.8	PF17414.8
PF10393.14	PF10393.14
PF16520.11	PF16520.11
PF07447.17	PF07447.17
PF23765.1	PF23765.1
PF00661.27	PF00661.27
PF23766.1	PF23766.1
PF22444.1	PF22444.1
PF08223.16	PF08223.16
PF20803.2	PF20803.2
PF13969.11	PF13969.11
PF23182.1	PF23182.1
PF21579.3	PF21579.3
PF16094.10	PF16094.10
PF09754.15	PF09754.15
PF10178.14	PF10178.14
PF16093.10	PF16093.10
PF05375.19	PF05375.19
PF14000.11	PF14000.11
PF23699.1	PF23699.1
PF10254.14	PF10254.14
PF10495.14	PF10495.14
PF21758.2	PF21758.2
PF03068.20	PF03068.20
PF20592.3	PF20592.3
PF20596.3	PF20596.3
PF20597.4	PF20597.4
PF20609.3	PF20609.3
PF20595.4	PF20595.4
PF20602.3	PF20602.3
PF03551.20	PF03551.20
PF21728.3	PF21728.3
PF14009.12	PF14009.12
PF08527.15	PF08527.15
PF08526.16	PF08526.16
PF04371.20	PF04371.20
PF03283.19	PF03283.19
PF15715.11	PF15715.11
PF03403.19	PF03403.19
PF03985.18	PF03985.18
PF10255.15	PF10255.15
PF15347.11	PF15347.11
PF15284.11	PF15284.11
PF09411.16	PF09411.16
PF07017.17	PF07017.17
PF02671.26	PF02671.26
PF23202.1	PF23202.1
PF09699.15	PF09699.15
PF08316.16	PF08316.16
PF16756.11	PF16756.11
PF25435.1	PF25435.1
PF08733.15	PF08733.15
PF18663.7	PF18663.7
PF02089.21	PF02089.21
PF00291.31	PF00291.31
PF03656.18	PF03656.18
PF08566.15	PF08566.15
PF07145.20	PF07145.20
PF22479.1	PF22479.1
PF23992.1	PF23992.1
PF23977.1	PF23977.1
PF23986.1	PF23986.1
PF20770.3	PF20770.3
PF18101.7	PF18101.7
PF12534.13	PF12534.13
PF02569.21	PF02569.21
PF02548.21	PF02548.21
PF11326.13	PF11326.13
PF12568.14	PF12568.14
PF00024.32	PF00024.32
PF08276.17	PF08276.17
PF08277.18	PF08277.18
PF14295.12	PF14295.12
PF03309.20	PF03309.20
PF08417.18	PF08417.18
PF08601.15	PF08601.15
PF01569.27	PF01569.27
PF14378.12	PF14378.12
PF14360.12	PF14360.12
PF04795.17	PF04795.17
PF16911.10	PF16911.10
PF03333.19	PF03333.19
PF13953.12	PF13953.12
PF13954.11	PF13954.11
PF14874.12	PF14874.12
PF02753.23	PF02753.23
PF00345.26	PF00345.26
PF03628.18	PF03628.18
PF03627.19	PF03627.19
PF16626.10	PF16626.10
PF03025.19	PF03025.19
PF14855.11	PF14855.11
PF02380.20	PF02380.20
PF01507.26	PF01507.26
PF22740.1	PF22740.1
PF03828.24	PF03828.24
PF04928.22	PF04928.22
PF02711.19	PF02711.19
PF04755.18	PF04755.18
PF20750.3	PF20750.3
PF06864.17	PF06864.17
PF04926.20	PF04926.20
PF06521.16	PF06521.16
PF12053.14	PF12053.14
PF10609.15	PF10609.15
PF03285.20	PF03285.20
PF01508.21	PF01508.21
PF17899.6	PF17899.6
PF09471.16	PF09471.16
PF10462.15	PF10462.15
PF02031.22	PF02031.22
PF12389.13	PF12389.13
PF03411.18	PF03411.18
PF09375.15	PF09375.15
PF09768.15	PF09768.15
PF06114.19	PF06114.19
PF01457.22	PF01457.22
PF13678.12	PF13678.12
PF01752.23	PF01752.23
PF06167.18	PF06167.18
PF14891.12	PF14891.12
PF17033.10	PF17033.10
PF17129.9	PF17129.9
PF17130.9	PF17130.9
PF08453.16	PF08453.16
PF13485.12	PF13485.12
PF15887.11	PF15887.11
PF15890.11	PF15890.11
PF04327.17	PF04327.17
PF00450.28	PF00450.28
PF00768.25	PF00768.25
PF02113.21	PF02113.21
PF02129.25	PF02129.25
PF00716.22	PF00716.22
PF00717.28	PF00717.28
PF10502.14	PF10502.14
PF05577.18	PF05577.18
PF02907.21	PF02907.21
PF00944.25	PF00944.25
PF01577.22	PF01577.22
PF05578.19	PF05578.19
PF05579.19	PF05579.19
PF05576.17	PF05576.17
PF02122.21	PF02122.21
PF03572.23	PF03572.23
PF11918.13	PF11918.13
PF10459.15	PF10459.15
PF03574.21	PF03574.21
PF01343.23	PF01343.23
PF08496.15	PF08496.15
PF03575.23	PF03575.23
PF05580.18	PF05580.18
PF03576.19	PF03576.19
PF02395.22	PF02395.22
PF08192.17	PF08192.17
PF02016.21	PF02016.21
PF17676.7	PF17676.7
PF10461.14	PF10461.14
PF00949.27	PF00949.27
PF13884.11	PF13884.11
PF13611.12	PF13611.12
PF03420.18	PF03420.18
PF04586.22	PF04586.22
PF14550.11	PF14550.11
PF00082.27	PF00082.27
PF20034.4	PF20034.4
PF16361.10	PF16361.10
PF00326.27	PF00326.27
PF02897.21	PF02897.21
PF01136.24	PF01136.24
PF16325.11	PF16325.11
PF03419.18	PF03419.18
PF10464.14	PF10464.14
PF10463.15	PF10463.15
PF05582.17	PF05582.17
PF18294.6	PF18294.6
PF21558.3	PF21558.3
PF01195.25	PF01195.25
PF08530.16	PF08530.16
PF09168.15	PF09168.15
PF01327.26	PF01327.26
PF09370.16	PF09370.16
PF01562.24	PF01562.24
PF13714.12	PF13714.12
PF04080.19	PF04080.19
PF21353.3	PF21353.3
PF06590.16	PF06590.16
PF06069.16	PF06069.16
PF07054.16	PF07054.16
PF03036.21	PF03036.21
PF17316.7	PF17316.7
PF12114.13	PF12114.13
PF25234.1	PF25234.1
PF00532.27	PF00532.27
PF01497.23	PF01497.23
PF13377.12	PF13377.12
PF13407.12	PF13407.12
PF13458.12	PF13458.12
PF13458.12	PF13433.12
PF18610.7	PF18610.7
PF25493.1	PF25493.1
PF25495.1	PF25495.1
PF08259.16	PF08259.16
PF15629.11	PF15629.11
PF24388.1	PF24388.1
PF22152.1	PF22152.1
PF22260.1	PF22260.1
PF01193.29	PF01193.29
PF13656.11	PF13656.11
PF01194.22	PF01194.22
PF08292.18	PF08292.18
PF06883.17	PF06883.17
PF04997.17	PF04997.17
PF00623.25	PF00623.25
PF04983.23	PF04983.23
PF05000.22	PF05000.22
PF04998.22	PF04998.22
PF04992.19	PF04992.19
PF04990.17	PF04990.17
PF05001.18	PF05001.18
PF04563.20	PF04563.20
PF04561.19	PF04561.19
PF04565.21	PF04565.21
PF04566.18	PF04566.18
PF10385.14	PF10385.14
PF04567.22	PF04567.22
PF00562.33	PF00562.33
PF04560.25	PF04560.25
PF03874.21	PF03874.21
PF01191.24	PF01191.24
PF03871.20	PF03871.20
PF01192.27	PF01192.27
PF03870.21	PF03870.21
PF16992.11	PF16992.11
PF05158.18	PF05158.18
PF05132.19	PF05132.19
PF05645.19	PF05645.19
PF12136.13	PF12136.13
PF03431.18	PF03431.18
PF00773.24	PF00773.24
PF02508.19	PF02508.19
PF15303.11	PF15303.11
PF19325.4	PF19325.4
PF19332.4	PF19332.4
PF15926.10	PF15926.10
PF22968.2	PF22968.2
PF13375.12	PF13375.12
PF21274.3	PF21274.3
PF12647.12	PF12647.12
PF14760.11	PF14760.11
PF19034.5	PF19034.5
PF19034.5	PF18869.6
PF15935.10	PF15935.10
PF19417.4	PF19417.4
PF15933.10	PF15933.10
PF18768.7	PF18768.7
PF21995.1	PF21995.1
PF17975.6	PF17975.6
PF08591.15	PF08591.15
PF08343.15	PF08343.15
PF03259.23	PF03259.23
PF08477.19	PF08477.19
PF10135.14	PF10135.14
PF13464.11	PF13464.11
PF10493.15	PF10493.15
PF15201.11	PF15201.11
PF19220.6	PF19220.6
PF24504.1	PF24504.1
PF07073.17	PF07073.17
PF10259.14	PF10259.14
PF05633.16	PF05633.16
PF00480.26	PF00480.26
PF08067.16	PF08067.16
PF02027.23	PF02027.23
PF18106.7	PF18106.7
PF10247.14	PF10247.14
PF12334.13	PF12334.13
PF15035.11	PF15035.11
PF06830.16	PF06830.16
PF01815.21	PF01815.21
PF05082.18	PF05082.18
PF21206.3	PF21206.3
PF18386.7	PF18386.7
PF10727.15	PF10727.15
PF10079.15	PF10079.15
PF25413.1	PF25413.1
PF21534.2	PF21534.2
PF05443.17	PF05443.17
PF10681.14	PF10681.14
PF00639.27	PF00639.27
PF00639.27	PF13616.12
PF13145.12	PF13145.12
PF12289.13	PF12289.13
PF06929.16	PF06929.16
PF05868.16	PF05868.16
PF00980.22	PF00980.22
PF01525.21	PF01525.21
PF02509.19	PF02509.19
PF21067.2	PF21067.2
PF00981.22	PF00981.22
PF04866.18	PF04866.18
PF01665.21	PF01665.21
PF01452.22	PF01452.22
PF05087.17	PF05087.17
PF17477.7	PF17477.7
PF06020.16	PF06020.16
PF10074.15	PF10074.15
PF08633.15	PF08633.15
PF23576.2	PF23576.2
PF12726.12	PF12726.12
PF22502.1	PF22502.1
PF06911.18	PF06911.18
PF04520.18	PF04520.18
PF19722.4	PF19722.4
PF13796.11	PF13796.11
PF13755.11	PF13755.11
PF14577.11	PF14577.11
PF14576.11	PF14576.11
PF08059.18	PF08059.18
PF08806.17	PF08806.17
PF17080.10	PF17080.10
PF04472.17	PF04472.17
PF06622.16	PF06622.16
PF18006.6	PF18006.6
PF05889.19	PF05889.19
PF00735.24	PF00735.24
PF13845.11	PF13845.11
PF06066.16	PF06066.16
PF03925.18	PF03925.18
PF17206.9	PF17206.9
PF05482.18	PF05482.18
PF04419.19	PF04419.19
PF04360.17	PF04360.17
PF06873.16	PF06873.16
PF03348.21	PF03348.21
PF08824.15	PF08824.15
PF18231.7	PF18231.7
PF03383.21	PF03383.21
PF00079.25	PF00079.25
PF05540.17	PF05540.17
PF12066.13	PF12066.13
PF06031.18	PF06031.18
PF00273.25	PF00273.25
PF02403.27	PF02403.27
PF06821.19	PF06821.19
PF17107.11	PF17107.11
PF17046.10	PF17046.10
PF00856.33	PF00856.33
PF21569.3	PF21569.3
PF22648.2	PF22648.2
PF11767.14	PF11767.14
PF08138.16	PF08138.16
PF20428.3	PF20428.3
PF11823.13	PF11823.13
PF06705.16	PF06705.16
PF16275.10	PF16275.10
PF16835.10	PF16835.10
PF16837.10	PF16837.10
PF12108.13	PF12108.13
PF11931.14	PF11931.14
PF08920.15	PF08920.15
PF07189.16	PF07189.16
PF20901.3	PF20901.3
PF08457.15	PF08457.15
PF10638.14	PF10638.14
PF11139.14	PF11139.14
PF04252.18	PF04252.18
PF03749.19	PF03749.19
PF17746.7	PF17746.7
PF15210.11	PF15210.11
PF03820.22	PF03820.22
PF16319.10	PF16319.10
PF18329.7	PF18329.7
PF08209.17	PF08209.17
PF18519.6	PF18519.6
PF07039.17	PF07039.17
PF15467.11	PF15467.11
PF08450.18	PF08450.18
PF19040.6	PF19040.6
PF18873.5	PF18873.5
PF20623.4	PF20623.4
PF17228.7	PF17228.7
PF22312.2	PF22312.2
PF12793.13	PF12793.13
PF15894.10	PF15894.10
PF05002.20	PF05002.20
PF16347.10	PF16347.10
PF07093.16	PF07093.16
PF16546.10	PF16546.10
PF01445.23	PF01445.23
PF00017.30	PF00017.30
PF21990.2	PF21990.2
PF15777.11	PF15777.11
PF02522.19	PF02522.19
PF08264.19	PF08264.19
PF19269.4	PF19269.4
PF19303.5	PF19303.5
PF11410.13	PF11410.13
PF11402.13	PF11402.13
PF11641.13	PF11641.13
PF16364.11	PF16364.11
PF09255.16	PF09255.16
PF24205.1	PF24205.1
PF08105.16	PF08105.16
PF08106.16	PF08106.16
PF08107.16	PF08107.16
PF08108.16	PF08108.16
PF08109.16	PF08109.16
PF08110.17	PF08110.17
PF08129.17	PF08129.17
PF08130.16	PF08130.16
PF08225.16	PF08225.16
PF08256.16	PF08256.16
PF14861.11	PF14861.11
PF16047.10	PF16047.10
PF16048.10	PF16048.10
PF16049.10	PF16049.10
PF16839.10	PF16839.10
PF08018.16	PF08018.16
PF08023.17	PF08023.17
PF08025.16	PF08025.16
PF08024.16	PF08024.16
PF08026.16	PF08026.16
PF08036.16	PF08036.16
PF08102.16	PF08102.16
PF08103.16	PF08103.16
PF08104.16	PF08104.16
PF03230.18	PF03230.18
PF02822.19	PF02822.19
PF03589.19	PF03589.19
PF20605.4	PF20605.4
PF05586.16	PF05586.16
PF15721.10	PF15721.10
PF22293.1	PF22293.1
PF03098.20	PF03098.20
PF18678.6	PF18678.6
PF01786.24	PF01786.24
PF15001.12	PF15001.12
PF09611.15	PF09611.15
PF09614.15	PF09614.15
PF09615.15	PF09615.15
PF09618.15	PF09618.15
PF09344.15	PF09344.15
PF09706.15	PF09706.15
PF09617.15	PF09617.15
PF09609.15	PF09609.15
PF09623.16	PF09623.16
PF16813.11	PF16813.11
PF09484.15	PF09484.15
PF09652.15	PF09652.15
PF00302.23	PF00302.23
PF22815.2	PF22815.2
PF22816.2	PF22816.2
PF00199.24	PF00199.24
PF06628.17	PF06628.17
PF18011.7	PF18011.7
PF20271.3	PF20271.3
PF00666.23	PF00666.23
PF08773.16	PF08773.16
PF13246.12	PF13246.12
PF00689.26	PF00689.26
PF00690.31	PF00690.31
PF01545.26	PF01545.26
PF21772.2	PF21772.2
PF20270.3	PF20270.3
PF20269.3	PF20269.3
PF21541.2	PF21541.2
PF21548.3	PF21548.3
PF15149.11	PF15149.11
PF22830.1	PF22830.1
PF22831.2	PF22831.2
PF22850.1	PF22850.1
PF22849.2	PF22849.2
PF22841.2	PF22841.2
PF22843.2	PF22843.2
PF15064.11	PF15064.11
PF22846.1	PF22846.1
PF22851.2	PF22851.2
PF22840.2	PF22840.2
PF03123.20	PF03123.20
PF04731.17	PF04731.17
PF20747.2	PF20747.2
PF08931.15	PF08931.15
PF21564.2	PF21564.2
PF02413.22	PF02413.22
PF16792.11	PF16792.11
PF20954.2	PF20954.2
PF20953.2	PF20953.2
PF20955.3	PF20955.3
PF16838.11	PF16838.11
PF22909.1	PF22909.1
PF03233.18	PF03233.18
PF03310.18	PF03310.18
PF01693.22	PF01693.22
PF01146.22	PF01146.22
PF04771.18	PF04771.18
PF18249.6	PF18249.6
PF08763.17	PF08763.17
PF14798.11	PF14798.11
PF10563.14	PF10563.14
PF02275.23	PF02275.23
PF08406.16	PF08406.16
PF12123.13	PF12123.13
PF06154.16	PF06154.16
PF03914.23	PF03914.23
PF02045.20	PF02045.20
PF00808.29	PF00808.29
PF08143.16	PF08143.16
PF02312.22	PF02312.22
PF01656.29	PF01656.29
PF02570.20	PF02570.20
PF01888.22	PF01888.22
PF21437.2	PF21437.2
PF01890.21	PF01890.21
PF11761.13	PF11761.13
PF11760.13	PF11760.13
PF02571.20	PF02571.20
PF06180.16	PF06180.16
PF01891.21	PF01891.21
PF02553.20	PF02553.20
PF02361.21	PF02361.21
PF01903.22	PF01903.22
PF01955.23	PF01955.23
PF18973.5	PF18973.5
PF07434.16	PF07434.16
PF02262.21	PF02262.21
PF02761.20	PF02761.20
PF02762.20	PF02762.20
PF14683.12	PF14683.12
PF21615.3	PF21615.3
PF23449.2	PF23449.2
PF22704.2	PF22704.2
PF16738.10	PF16738.10
PF09212.16	PF09212.16
PF21582.3	PF21582.3
PF18344.7	PF18344.7
PF15886.11	PF15886.11
PF18448.7	PF18448.7
PF16715.11	PF16715.11
PF24252.1	PF24252.1
PF15213.11	PF15213.11
PF24125.1	PF24125.1
PF23862.1	PF23862.1
PF23863.2	PF23863.2
PF22598.2	PF22598.2
PF08839.17	PF08839.17
PF16679.11	PF16679.11
PF03498.20	PF03498.20
PF15359.11	PF15359.11
PF18822.6	PF18822.6
PF17996.7	PF17996.7
PF16368.10	PF16368.10
PF16366.10	PF16366.10
PF14997.11	PF14997.11
PF00272.24	PF00272.24
PF09209.16	PF09209.16
PF22094.2	PF22094.2
PF10729.15	PF10729.15
PF12662.13	PF12662.13
PF21908.1	PF21908.1
PF02927.20	PF02927.20
PF03500.18	PF03500.18
PF00150.24	PF00150.24
PF12876.13	PF12876.13
PF03552.20	PF03552.20
PF18659.6	PF18659.6
PF18054.6	PF18054.6
PF03040.19	PF03040.19
PF10511.15	PF10511.15
PF24606.1	PF24606.1
PF24605.1	PF24605.1
PF15677.10	PF15677.10
PF09026.15	PF09026.15
PF04218.19	PF04218.19
PF11699.14	PF11699.14
PF15620.11	PF15620.11
PF10490.14	PF10490.14
PF10473.14	PF10473.14
PF10481.14	PF10481.14
PF05837.17	PF05837.17
PF07778.16	PF07778.16
PF11802.13	PF11802.13
PF13092.12	PF13092.12
PF11111.14	PF11111.14
PF05238.18	PF05238.18
PF09496.15	PF09496.15
PF13096.11	PF13096.11
PF13094.11	PF13094.11
PF06729.17	PF06729.17
PF15630.12	PF15630.12
PF15511.12	PF15511.12
PF16171.10	PF16171.10
PF13097.11	PF13097.11
PF15510.12	PF15510.12
PF09415.16	PF09415.16
PF20993.2	PF20993.2
PF20994.3	PF20994.3
PF15622.11	PF15622.11
PF17730.6	PF17730.6
PF09287.15	PF09287.15
PF21040.3	PF21040.3
PF21038.3	PF21038.3
PF21039.3	PF21039.3
PF15134.11	PF15134.11
PF15308.11	PF15308.11
PF14933.11	PF14933.11
PF22060.2	PF22060.2
PF22064.2	PF22064.2
PF22067.2	PF22067.2
PF22067.2	PF22073.2
PF22074.2	PF22074.2
PF22076.2	PF22076.2
PF22065.2	PF22065.2
PF22066.2	PF22066.2
PF16574.10	PF16574.10
PF16846.10	PF16846.10
PF15007.11	PF15007.11
PF14073.11	PF14073.11
PF14197.11	PF14197.11
PF06657.18	PF06657.18
PF17045.10	PF17045.10
PF15627.12	PF15627.12
PF24652.2	PF24652.2
PF24654.2	PF24654.2
PF24656.1	PF24656.1
PF12076.13	PF12076.13
PF05875.18	PF05875.18
PF04734.18	PF04734.18
PF17048.11	PF17048.11
PF07249.18	PF07249.18
PF19280.4	PF19280.4
PF05932.18	PF05932.18
PF22550.1	PF22550.1
PF21011.2	PF21011.2
PF15661.10	PF15661.10
PF05018.18	PF05018.18
PF21049.3	PF21049.3
PF11912.13	PF11912.13
PF09624.15	PF09624.15
PF09654.15	PF09654.15
PF09660.15	PF09660.15
PF09661.15	PF09661.15
PF09664.16	PF09664.16
PF03086.20	PF03086.20
PF09674.15	PF09674.15
PF10295.14	PF10295.14
PF10303.14	PF10303.14
PF10313.15	PF10313.15
PF10329.14	PF10329.14
PF10332.14	PF10332.14
PF10336.14	PF10336.14
PF10348.14	PF10348.14
PF10350.15	PF10350.15
PF03103.22	PF03103.22
PF10353.14	PF10353.14
PF10360.14	PF10360.14
PF10361.14	PF10361.14
PF10365.15	PF10365.15
PF03112.19	PF03112.19
PF10386.15	PF10386.15
PF10387.14	PF10387.14
PF10398.14	PF10398.14
PF10476.14	PF10476.14
PF10504.14	PF10504.14
PF10445.14	PF10445.14
PF10446.14	PF10446.14
PF10454.14	PF10454.14
PF09601.15	PF09601.15
PF09343.15	PF09343.15
PF09365.15	PF09365.15
PF09495.15	PF09495.15
PF09591.15	PF09591.15
PF10240.14	PF10240.14
PF10239.14	PF10239.14
PF10611.14	PF10611.14
PF03140.20	PF03140.20
PF10615.14	PF10615.14
PF10616.14	PF10616.14
PF10617.14	PF10617.14
PF10630.14	PF10630.14
PF10631.14	PF10631.14
PF10649.15	PF10649.15
PF10652.14	PF10652.14
PF10654.14	PF10654.14
PF10655.14	PF10655.14
PF10656.14	PF10656.14
PF10658.14	PF10658.14
PF10667.14	PF10667.14
PF10673.14	PF10673.14
PF10675.14	PF10675.14
PF03158.18	PF03158.18
PF10677.15	PF10677.15
PF10679.14	PF10679.14
PF10678.14	PF10678.14
PF10689.14	PF10689.14
PF10691.14	PF10691.14
PF10692.14	PF10692.14
PF10693.14	PF10693.14
PF10694.14	PF10694.14
PF10696.14	PF10696.14
PF10697.14	PF10697.14
PF10698.15	PF10698.15
PF10702.14	PF10702.14
PF10704.14	PF10704.14
PF10713.14	PF10713.14
PF10708.14	PF10708.14
PF10709.14	PF10709.14
PF10710.14	PF10710.14
PF10711.15	PF10711.15
PF10721.14	PF10721.14
PF10720.14	PF10720.14
PF10724.14	PF10724.14
PF10725.14	PF10725.14
PF10726.14	PF10726.14
PF10728.14	PF10728.14
PF10730.14	PF10730.14
PF10734.14	PF10734.14
PF10732.14	PF10732.14
PF10733.14	PF10733.14
PF10735.14	PF10735.14
PF10736.14	PF10736.14
PF10800.13	PF10800.13
PF10740.15	PF10740.15
PF10745.14	PF10745.14
PF10811.13	PF10811.13
PF10752.14	PF10752.14
PF10749.14	PF10749.14
PF10751.14	PF10751.14
PF10750.14	PF10750.14
PF10801.13	PF10801.13
PF10804.13	PF10804.13
PF10802.14	PF10802.14
PF10807.13	PF10807.13
PF10808.13	PF10808.13
PF10820.13	PF10820.13
PF11245.13	PF11245.13
PF10810.13	PF10810.13
PF10739.15	PF10739.15
PF15132.11	PF15132.11
PF15143.11	PF15143.11
PF15144.11	PF15144.11
PF15145.11	PF15145.11
PF15147.11	PF15147.11
PF15167.11	PF15167.11
PF15232.11	PF15232.11
PF15248.11	PF15248.11
PF15252.11	PF15252.11
PF04311.20	PF04311.20
PF15257.11	PF15257.11
PF15262.11	PF15262.11
PF15266.11	PF15266.11
PF15283.12	PF15283.12
PF15366.11	PF15366.11
PF15371.11	PF15371.11
PF04312.18	PF04312.18
PF15372.11	PF15372.11
PF15376.11	PF15376.11
PF15377.11	PF15377.11
PF15378.11	PF15378.11
PF15379.11	PF15379.11
PF15380.11	PF15380.11
PF15382.11	PF15382.11
PF15387.11	PF15387.11
PF15389.11	PF15389.11
PF15391.11	PF15391.11
PF15393.11	PF15393.11
PF15394.11	PF15394.11
PF15395.11	PF15395.11
PF15397.11	PF15397.11
PF15398.11	PF15398.11
PF15399.11	PF15399.11
PF15414.12	PF15414.12
PF15416.12	PF15416.12
PF15417.11	PF15417.11
PF15418.12	PF15418.12
PF15425.12	PF15425.12
PF15429.11	PF15429.11
PF15442.11	PF15442.11
PF04317.18	PF04317.18
PF15443.11	PF15443.11
PF15451.11	PF15451.11
PF15464.11	PF15464.11
PF15465.11	PF15465.11
PF15466.11	PF15466.11
PF15468.11	PF15468.11
PF15470.12	PF15470.12
PF15472.11	PF15472.11
PF15479.11	PF15479.11
PF15480.11	PF15480.11
PF15483.11	PF15483.11
PF15484.11	PF15484.11
PF15485.11	PF15485.11
PF15486.11	PF15486.11
PF15488.11	PF15488.11
PF15496.11	PF15496.11
PF15504.11	PF15504.11
PF15507.11	PF15507.11
PF04325.18	PF04325.18
PF15509.11	PF15509.11
PF15513.11	PF15513.11
PF15525.12	PF15525.12
PF15546.11	PF15546.11
PF15548.11	PF15548.11
PF15551.11	PF15551.11
PF15552.11	PF15552.11
PF15555.11	PF15555.11
PF15558.11	PF15558.11
PF15559.11	PF15559.11
PF15576.11	PF15576.11
PF15578.11	PF15578.11
PF15668.10	PF15668.10
PF15679.10	PF15679.10
PF15697.10	PF15697.10
PF15700.10	PF15700.10
PF15701.10	PF15701.10
PF15709.10	PF15709.10
PF15716.10	PF15716.10
PF15719.11	PF15719.11
PF15720.10	PF15720.10
PF15726.10	PF15726.10
PF15727.10	PF15727.10
PF15728.10	PF15728.10
PF04318.17	PF04318.17
PF15730.10	PF15730.10
PF15732.10	PF15732.10
PF15733.10	PF15733.10
PF15735.10	PF15735.10
PF15736.10	PF15736.10
PF15737.10	PF15737.10
PF15742.10	PF15742.10
PF15747.10	PF15747.10
PF15752.10	PF15752.10
PF15755.10	PF15755.10
PF15756.10	PF15756.10
PF15762.10	PF15762.10
PF15763.10	PF15763.10
PF15764.10	PF15764.10
PF15765.10	PF15765.10
PF16249.11	PF16249.11
PF16250.10	PF16250.10
PF16252.10	PF16252.10
PF16253.10	PF16253.10
PF16254.10	PF16254.10
PF16256.10	PF16256.10
PF16258.11	PF16258.11
PF16259.10	PF16259.10
PF16260.11	PF16260.11
PF16261.11	PF16261.11
PF16262.11	PF16262.11
PF16263.11	PF16263.11
PF16266.10	PF16266.10
PF16267.10	PF16267.10
PF16268.10	PF16268.10
PF16269.10	PF16269.10
PF16270.11	PF16270.11
PF16271.10	PF16271.10
PF16272.10	PF16272.10
PF16277.11	PF16277.11
PF16279.10	PF16279.10
PF16280.10	PF16280.10
PF16283.10	PF16283.10
PF04359.20	PF04359.20
PF16284.10	PF16284.10
PF20956.2	PF20956.2
PF16285.10	PF16285.10
PF16286.10	PF16286.10
PF16287.11	PF16287.11
PF16288.11	PF16288.11
PF16290.10	PF16290.10
PF16291.11	PF16291.11
PF16292.10	PF16292.10
PF16297.11	PF16297.11
PF04361.18	PF04361.18
PF16298.10	PF16298.10
PF16299.10	PF16299.10
PF13708.11	PF13708.11
PF16301.10	PF16301.10
PF16302.10	PF16302.10
PF16303.10	PF16303.10
PF16304.10	PF16304.10
PF16305.10	PF16305.10
PF16306.10	PF16306.10
PF16307.10	PF16307.10
PF16308.10	PF16308.10
PF16309.10	PF16309.10
PF16310.10	PF16310.10
PF16313.11	PF16313.11
PF16314.11	PF16314.11
PF16315.10	PF16315.10
PF16316.10	PF16316.10
PF16318.11	PF16318.11
PF16323.11	PF16323.11
PF04363.17	PF04363.17
PF16324.10	PF16324.10
PF16328.10	PF16328.10
PF16332.11	PF16332.11
PF16334.10	PF16334.10
PF16339.10	PF16339.10
PF16341.10	PF16341.10
PF16342.10	PF16342.10
PF16343.11	PF16343.11
PF16349.10	PF16349.10
PF16351.10	PF16351.10
PF04430.19	PF04430.19
PF16352.10	PF16352.10
PF16355.11	PF16355.11
PF16356.10	PF16356.10
PF16372.10	PF16372.10
PF16373.10	PF16373.10
PF16375.10	PF16375.10
PF16377.10	PF16377.10
PF16378.10	PF16378.10
PF16379.11	PF16379.11
PF04465.17	PF04465.17
PF16383.10	PF16383.10
PF16386.10	PF16386.10
PF16387.11	PF16387.11
PF16389.11	PF16389.11
PF16390.11	PF16390.11
PF16391.11	PF16391.11
PF16392.11	PF16392.11
PF16394.10	PF16394.10
PF16395.11	PF16395.11
PF16396.11	PF16396.11
PF16397.10	PF16397.10
PF16398.10	PF16398.10
PF16400.11	PF16400.11
PF16401.11	PF16401.11
PF04417.17	PF04417.17
PF16402.11	PF16402.11
PF16405.10	PF16405.10
PF16406.10	PF16406.10
PF16408.10	PF16408.10
PF16409.10	PF16409.10
PF16410.10	PF16410.10
PF22243.2	PF22243.2
PF04367.18	PF04367.18
PF16412.11	PF16412.11
PF17369.7	PF17369.7
PF17370.7	PF17370.7
PF17371.7	PF17371.7
PF17372.7	PF17372.7
PF17373.7	PF17373.7
PF17374.7	PF17374.7
PF17375.8	PF17375.8
PF17376.7	PF17376.7
PF17377.7	PF17377.7
PF17379.7	PF17379.7
PF17380.7	PF17380.7
PF17393.7	PF17393.7
PF17395.7	PF17395.7
PF17399.7	PF17399.7
PF17400.7	PF17400.7
PF17401.7	PF17401.7
PF17402.7	PF17402.7
PF17421.7	PF17421.7
PF17422.7	PF17422.7
PF17424.7	PF17424.7
PF17428.7	PF17428.7
PF17434.7	PF17434.7
PF17436.7	PF17436.7
PF17437.7	PF17437.7
PF17438.7	PF17438.7
PF17439.7	PF17439.7
PF17441.7	PF17441.7
PF17457.7	PF17457.7
PF17458.7	PF17458.7
PF17459.7	PF17459.7
PF17461.7	PF17461.7
PF17462.7	PF17462.7
PF17472.7	PF17472.7
PF17473.7	PF17473.7
PF10310.14	PF10310.14
PF17493.7	PF17493.7
PF17494.7	PF17494.7
PF04418.17	PF04418.17
PF17496.7	PF17496.7
PF17497.7	PF17497.7
PF17498.7	PF17498.7
PF17502.7	PF17502.7
PF17503.7	PF17503.7
PF17504.7	PF17504.7
PF17505.7	PF17505.7
PF17506.7	PF17506.7
PF17507.7	PF17507.7
PF17509.7	PF17509.7
PF17513.7	PF17513.7
PF17514.7	PF17514.7
PF17518.7	PF17518.7
PF17519.7	PF17519.7
PF17520.7	PF17520.7
PF17522.7	PF17522.7
PF17525.8	PF17525.8
PF17526.7	PF17526.7
PF17529.7	PF17529.7
PF17532.7	PF17532.7
PF17533.7	PF17533.7
PF17534.7	PF17534.7
PF17535.7	PF17535.7
PF17537.7	PF17537.7
PF17540.7	PF17540.7
PF17544.7	PF17544.7
PF17545.7	PF17545.7
PF17547.7	PF17547.7
PF17551.7	PF17551.7
PF17552.7	PF17552.7
PF17553.7	PF17553.7
PF17554.7	PF17554.7
PF04784.19	PF04784.19
PF17564.7	PF17564.7
PF17565.7	PF17565.7
PF17566.7	PF17566.7
PF17567.7	PF17567.7
PF17568.7	PF17568.7
PF17569.7	PF17569.7
PF17571.7	PF17571.7
PF17572.7	PF17572.7
PF17575.7	PF17575.7
PF17576.7	PF17576.7
PF17578.7	PF17578.7
PF17579.7	PF17579.7
PF17581.7	PF17581.7
PF17583.7	PF17583.7
PF17586.7	PF17586.7
PF17588.7	PF17588.7
PF17589.7	PF17589.7
PF17590.7	PF17590.7
PF17592.7	PF17592.7
PF17593.7	PF17593.7
PF17595.7	PF17595.7
PF17596.7	PF17596.7
PF17597.7	PF17597.7
PF17598.7	PF17598.7
PF17599.7	PF17599.7
PF17600.7	PF17600.7
PF17601.7	PF17601.7
PF17602.7	PF17602.7
PF17603.7	PF17603.7
PF19131.5	PF19131.5
PF19132.5	PF19132.5
PF19133.5	PF19133.5
PF19134.6	PF19134.6
PF22798.2	PF22798.2
PF19135.5	PF19135.5
PF19136.5	PF19136.5
PF19137.5	PF19137.5
PF19139.5	PF19139.5
PF19140.5	PF19140.5
PF19141.5	PF19141.5
PF19142.5	PF19142.5
PF19144.5	PF19144.5
PF19145.5	PF19145.5
PF19146.5	PF19146.5
PF19147.5	PF19147.5
PF19148.5	PF19148.5
PF19149.5	PF19149.5
PF19150.5	PF19150.5
PF19152.5	PF19152.5
PF19153.5	PF19153.5
PF19154.5	PF19154.5
PF19155.6	PF19155.6
PF19156.5	PF19156.5
PF19157.5	PF19157.5
PF19158.5	PF19158.5
PF19159.5	PF19159.5
PF19161.5	PF19161.5
PF19162.5	PF19162.5
PF19163.5	PF19163.5
PF19164.5	PF19164.5
PF19165.5	PF19165.5
PF19166.5	PF19166.5
PF19167.5	PF19167.5
PF19168.5	PF19168.5
PF19169.5	PF19169.5
PF19170.5	PF19170.5
PF19171.5	PF19171.5
PF19172.5	PF19172.5
PF19173.5	PF19173.5
PF19174.5	PF19174.5
PF19175.5	PF19175.5
PF19176.5	PF19176.5
PF19177.5	PF19177.5
PF19178.5	PF19178.5
PF19180.5	PF19180.5
PF19181.5	PF19181.5
PF19182.5	PF19182.5
PF19183.5	PF19183.5
PF19184.5	PF19184.5
PF19185.5	PF19185.5
PF19186.5	PF19186.5
PF19194.5	PF19194.5
PF04532.17	PF04532.17
PF19195.5	PF19195.5
PF19196.5	PF19196.5
PF19197.5	PF19197.5
PF19201.5	PF19201.5
PF19202.5	PF19202.5
PF19203.5	PF19203.5
PF19204.5	PF19204.5
PF19205.5	PF19205.5
PF19206.5	PF19206.5
PF19207.5	PF19207.5
PF19208.5	PF19208.5
PF19228.4	PF19228.4
PF19229.4	PF19229.4
PF19230.4	PF19230.4
PF19231.4	PF19231.4
PF19232.4	PF19232.4
PF19233.4	PF19233.4
PF19234.4	PF19234.4
PF19235.4	PF19235.4
PF19237.4	PF19237.4
PF19240.4	PF19240.4
PF19241.4	PF19241.4
PF19243.4	PF19243.4
PF19245.4	PF19245.4
PF19246.4	PF19246.4
PF19247.4	PF19247.4
PF19248.4	PF19248.4
PF19249.4	PF19249.4
PF19250.5	PF19250.5
PF19251.4	PF19251.4
PF19253.4	PF19253.4
PF19254.4	PF19254.4
PF19255.4	PF19255.4
PF19260.4	PF19260.4
PF19261.4	PF19261.4
PF19262.4	PF19262.4
PF19263.5	PF19263.5
PF19264.4	PF19264.4
PF19265.4	PF19265.4
PF04569.19	PF04569.19
PF19287.4	PF19287.4
PF19299.5	PF19299.5
PF19302.4	PF19302.4
PF19313.5	PF19313.5
PF19314.4	PF19314.4
PF19318.4	PF19318.4
PF22668.1	PF22668.1
PF22765.1	PF22765.1
PF22791.1	PF22791.1
PF22792.1	PF22792.1
PF22793.1	PF22793.1
PF22809.1	PF22809.1
PF22839.2	PF22839.2
PF22858.2	PF22858.2
PF22860.2	PF22860.2
PF22872.1	PF22872.1
PF22880.2	PF22880.2
PF05142.17	PF05142.17
PF22885.1	PF22885.1
PF22886.1	PF22886.1
PF22887.1	PF22887.1
PF22894.2	PF22894.2
PF22895.2	PF22895.2
PF22942.1	PF22942.1
PF22950.1	PF22950.1
PF22954.2	PF22954.2
PF22970.2	PF22970.2
PF22974.1	PF22974.1
PF22989.2	PF22989.2
PF23005.1	PF23005.1
PF23019.1	PF23019.1
PF23033.1	PF23033.1
PF23034.1	PF23034.1
PF23041.1	PF23041.1
PF23045.1	PF23045.1
PF23047.1	PF23047.1
PF23049.1	PF23049.1
PF23051.1	PF23051.1
PF23055.1	PF23055.1
PF23069.1	PF23069.1
PF23071.1	PF23071.1
PF23071.1	PF23070.1
PF23073.1	PF23073.1
PF23080.1	PF23080.1
PF23088.1	PF23088.1
PF23126.1	PF23126.1
PF23132.1	PF23132.1
PF05152.18	PF05152.18
PF23133.1	PF23133.1
PF23136.1	PF23136.1
PF23155.1	PF23155.1
PF23156.1	PF23156.1
PF23157.1	PF23157.1
PF23158.1	PF23158.1
PF23167.1	PF23167.1
PF23186.1	PF23186.1
PF23199.1	PF23199.1
PF23200.1	PF23200.1
PF23201.1	PF23201.1
PF23205.1	PF23205.1
PF23212.2	PF23212.2
PF23213.1	PF23213.1
PF23217.2	PF23217.2
PF23229.2	PF23229.2
PF23238.1	PF23238.1
PF23239.1	PF23239.1
PF05212.18	PF05212.18
PF23255.1	PF23255.1
PF23257.1	PF23257.1
PF23258.1	PF23258.1
PF23264.1	PF23264.1
PF23269.1	PF23269.1
PF23272.1	PF23272.1
PF23273.1	PF23273.1
PF23274.1	PF23274.1
PF23285.1	PF23285.1
PF23296.1	PF23296.1
PF23299.1	PF23299.1
PF23305.1	PF23305.1
PF23309.1	PF23309.1
PF23311.1	PF23311.1
PF23318.1	PF23318.1
PF23324.1	PF23324.1
PF23346.1	PF23346.1
PF23357.1	PF23357.1
PF23363.1	PF23363.1
PF23365.1	PF23365.1
PF23367.1	PF23367.1
PF23368.1	PF23368.1
PF23373.1	PF23373.1
PF23375.1	PF23375.1
PF23378.1	PF23378.1
PF23379.1	PF23379.1
PF23382.1	PF23382.1
PF23384.1	PF23384.1
PF23388.1	PF23388.1
PF23391.1	PF23391.1
PF23392.1	PF23392.1
PF23394.1	PF23394.1
PF23396.1	PF23396.1
PF23397.1	PF23397.1
PF23418.1	PF23418.1
PF23420.1	PF23420.1
PF23421.1	PF23421.1
PF05167.17	PF05167.17
PF18879.6	PF18879.6
PF18625.7	PF18625.7
PF21856.2	PF21856.2
PF04806.17	PF04806.17
PF06872.16	PF06872.16
PF13018.11	PF13018.11
PF12743.12	PF12743.12
PF10661.14	PF10661.14
PF10183.14	PF10183.14
PF10374.15	PF10374.15
PF22695.2	PF22695.2
PF10373.15	PF10373.15
PF18435.7	PF18435.7
PF00756.26	PF00756.26
PF10503.15	PF10503.15
PF19114.6	PF19114.6
PF14011.11	PF14011.11
PF01684.21	PF01684.21
PF15350.11	PF15350.11
PF04716.19	PF04716.19
PF20162.4	PF20162.4
PF01012.27	PF01012.27
PF21162.3	PF21162.3
PF00766.25	PF00766.25
PF07110.17	PF07110.17
PF21313.2	PF21313.2
PF17577.7	PF17577.7
PF06670.16	PF06670.16
PF25487.1	PF25487.1
PF09716.15	PF09716.15
PF00178.28	PF00178.28
PF19525.4	PF19525.4
PF04621.18	PF04621.18
PF03318.18	PF03318.18
PF21208.4	PF21208.4
PF05842.16	PF05842.16
PF06937.16	PF06937.16
PF06277.17	PF06277.17
PF06751.17	PF06751.17
PF05985.16	PF05985.16
PF04346.18	PF04346.18
PF16365.11	PF16365.11
PF03319.19	PF03319.19
PF06249.18	PF06249.18
PF19429.4	PF19429.4
PF12297.13	PF12297.13
PF01878.24	PF01878.24
PF18270.6	PF18270.6
PF22972.2	PF22972.2
PF05399.16	PF05399.16
PF04777.18	PF04777.18
PF24101.1	PF24101.1
PF02472.21	PF02472.21
PF07825.17	PF07825.17
PF05901.16	PF05901.16
PF09810.15	PF09810.15
PF03081.22	PF03081.22
PF20669.3	PF20669.3
PF16528.11	PF16528.11
PF20651.3	PF20651.3
PF06055.17	PF06055.17
PF18026.6	PF18026.6
PF06630.16	PF06630.16
PF02601.20	PF02601.20
PF02609.21	PF02609.21
PF04257.20	PF04257.20
PF08411.15	PF08411.15
PF18559.7	PF18559.7
PF10447.15	PF10447.15
PF09721.15	PF09721.15
PF03016.20	PF03016.20
PF09101.17	PF09101.17
PF09009.16	PF09009.16
PF09102.15	PF09102.15
PF20983.2	PF20983.2
PF20848.2	PF20848.2
PF20600.3	PF20600.3
PF03372.29	PF03372.29
PF22669.2	PF22669.2
PF14529.12	PF14529.12
PF19580.5	PF19580.5
PF23226.1	PF23226.1
PF01357.27	PF01357.27
PF22514.2	PF22514.2
PF19273.5	PF19273.5
PF19282.5	PF19282.5
PF03124.20	PF03124.20
PF22200.2	PF22200.2
PF16806.10	PF16806.10
PF20905.2	PF20905.2
PF20904.2	PF20904.2
PF06904.17	PF06904.17
PF02095.21	PF02095.21
PF04554.18	PF04554.18
PF22123.2	PF22123.2
PF21509.3	PF21509.3
PF21358.2	PF21358.2
PF18600.6	PF18600.6
PF18601.6	PF18601.6
PF11616.13	PF11616.13
PF18390.7	PF18390.7
PF13016.11	PF13016.11
PF22369.2	PF22369.2
PF22345.2	PF22345.2
PF00120.29	PF00120.29
PF18318.6	PF18318.6
PF03951.24	PF03951.24
PF16952.10	PF16952.10
PF08335.16	PF08335.16
PF03710.21	PF03710.21
PF21695.3	PF21695.3
PF15644.12	PF15644.12
PF21435.3	PF21435.3
PF18626.7	PF18626.7
PF00042.28	PF00042.28
PF21701.3	PF21701.3
PF21207.3	PF21207.3
PF10793.14	PF10793.14
PF06942.17	PF06942.17
PF05768.20	PF05768.20
PF05768.20	PF13192.12
PF08718.16	PF08718.16
PF15249.11	PF15249.11
PF01744.25	PF01744.25
PF03616.19	PF03616.19
PF22875.4	PF22875.4
PF02364.21	PF02364.21
PF14336.11	PF14336.11
PF09136.16	PF09136.16
PF09985.14	PF09985.14
PF09137.17	PF09137.17
PF02685.22	PF02685.22
PF13618.11	PF13618.11
PF01182.26	PF01182.26
PF01832.25	PF01832.25
PF14264.12	PF14264.12
PF07581.17	PF07581.17
PF18466.6	PF18466.6
PF10606.14	PF10606.14
PF04960.20	PF04960.20
PF00462.30	PF00462.30
PF04399.18	PF04399.18
PF03157.18	PF03157.18
PF00745.25	PF00745.25
PF05201.20	PF05201.20
PF05096.18	PF05096.18
PF04262.19	PF04262.19
PF16912.11	PF16912.11
PF01645.23	PF01645.23
PF04898.20	PF04898.20
PF21529.2	PF21529.2
PF21110.3	PF21110.3
PF12764.12	PF12764.12
PF13436.11	PF13436.11
PF13441.11	PF13441.11
PF13441.11	PF13488.11
PF05242.16	PF05242.16
PF10091.15	PF10091.15
PF05693.19	PF05693.19
